p_val,avg_log2FC,pct.1,pct.2,p_val_adj,cluster,gene
0,1.955170664749429,0.613,0.176,0,0,CD4
0,1.0536250381578234,0.825,0.438,0,0,SPOCK2
0,1.2313248861476178,0.638,0.273,0,0,IL7R
0,1.423461313082733,0.552,0.206,0,0,CD28
0,1.644651190302826,0.517,0.185,0,0,ICOS
0,0.9941386187443993,0.741,0.412,0,0,PBXIP1
0,2.058085765751499,0.43,0.109,0,0,TNFRSF18
0,1.6700205111314834,0.446,0.127,0,0,TNFRSF25
0,1.3351035289059516,0.545,0.238,0,0,TMEM173
0,1.2274945961364196,0.524,0.218,0,0,LTB
0,1.742704482294929,0.436,0.145,0,0,ZC3H12D
0,2.9394745845638655,0.339,0.049,0,0,TNFRSF4
0,1.0300240815966903,0.554,0.269,0,0,CD5
0,1.3641039512485211,0.461,0.18,0,0,MAF
0,4.177603941311921,0.293,0.016,0,0,FOXP3
0,1.2166751490409367,0.464,0.214,0,0,BATF
0,0.769669209821042,0.703,0.455,0,0,ARID5B
0,1.0068209431555923,0.466,0.223,0,0,RORA
0,0.4750451750800846,0.81,0.572,0,0,CD2
0,1.0210517929707563,0.492,0.259,0,0,CTLA4
0,0.4094391868629952,0.902,0.671,0,0,TRAC
0,2.32092759792712,0.288,0.059,0,0,FAAH2
0,2.668875806700274,0.265,0.038,0,0,CCR4
0,0.6045548289085296,0.647,0.424,0,0,ITK
0,1.5919424870910772,0.317,0.096,0,0,ESPN
0,0.5356140144972805,0.95,0.738,0,0,TNFAIP3
0,0.5313783636175438,0.752,0.551,0,0,BIRC3
0,0.3056078192353371,0.981,0.781,0,0,TRBC2
0,0.515609182038828,0.782,0.585,0,0,SLC2A3
0,0.6188797378063591,0.646,0.449,0,0,CREM
0,1.3604969104772642,0.345,0.15,0,0,TBC1D4
0,1.4060708895374212,0.322,0.129,0,0,TIAM1
0,0.6316408314852353,0.532,0.339,0,0,LAT
0,1.0677838887272468,0.408,0.217,0,0,LMNA
0,0.5807486051083794,0.585,0.395,0,0,DGKA
0,0.6439916876229093,0.589,0.401,0,0,PER1
0,1.6730232300789092,0.27,0.083,0,0,LEF1
0,0.5540003788117072,0.597,0.411,0,0,PIK3IP1
0,0.3472649692726706,0.832,0.647,0,0,IL32
0,0.6125661710355143,0.528,0.344,0,0,ADAM19
0,0.8417917848165106,0.446,0.262,0,0,RHBDD2
0,0.9846676909035665,0.356,0.173,0,0,TNIK
0,1.1145624279592456,0.352,0.171,0,0,RCAN3
0,0.4321957746423355,0.817,0.637,0,0,PIM2
0,1.3794398735636173,0.332,0.153,0,0,GK
0,0.45859990864013245,0.628,0.449,0,0,STAT4
0,0.5397441334701967,0.647,0.468,0,0,RP11-138A9.2
0,0.4775866700309983,0.778,0.6,0,0,NFKBIA
0,0.563532492668625,0.528,0.352,0,0,CD6
0,0.4459374081337719,0.664,0.489,0,0,FAM46C
0,0.9486965715391522,0.369,0.195,0,0,PHTF2
0,0.46737673147216796,0.761,0.588,0,0,FOS
0,0.7067193113663217,0.476,0.303,0,0,RP11-138A9.1
0,0.7805745408589415,0.457,0.286,0,0,GPR183
0,0.46849122448457403,0.733,0.564,0,0,SOD1
0,0.4441696336080705,0.541,0.373,0,0,CD247
0,0.564882810577189,0.572,0.404,0,0,DUSP4
0,0.9690348715215503,0.358,0.191,0,0,PHACTR2
0,0.4163851859320786,0.822,0.656,0,0,RGS1
0,0.38370100914563277,0.792,0.628,0,0,TOB1
0,0.5164056093499154,0.569,0.405,0,0,CTSB
0,0.5077379427803055,0.64,0.477,0,0,LEPROTL1
0,0.9697285595163607,0.363,0.202,0,0,RGCC
0,0.41095491135665485,0.883,0.723,0,0,DNAJB1
0,0.3699706336216191,0.824,0.664,0,0,EML4
0,0.6561277266771844,0.447,0.288,0,0,RP11-356I2.4
0,1.233446917276379,0.263,0.105,0,0,KLRB1
0,1.2102161077536724,0.294,0.136,0,0,STAM
0,1.176621296597283,0.322,0.165,0,0,CORO1B
0,0.6458871962006311,0.45,0.294,0,0,PHLDA1
0,1.2411773598319789,0.288,0.132,0,0,HS3ST3B1
0,1.3823285233051748,0.255,0.1,0,0,PBX4
0,0.7624550688746599,0.365,0.21,0,0,CCR7
0,0.5000475980054391,0.622,0.467,0,0,NFKBIZ
0,0.33952494254419796,0.7,0.545,0,0,SYNE2
0,0.5474956778832334,0.42,0.267,0,0,TCF7
0,0.3182228654864354,0.752,0.6,0,0,RHOH
0,0.5835347190730694,0.55,0.401,0,0,TFRC
0,0.5786448216544623,0.453,0.304,0,0,PRDX2
0,0.3799445139123079,0.778,0.63,0,0,FXYD5
0,0.8081182936433793,0.337,0.189,0,0,MBOAT1
0,0.46665737585975187,0.588,0.441,0,0,SAMSN1
0,0.44024066940199225,0.547,0.401,0,0,AAK1
0,1.284149746957215,0.28,0.135,0,0,SDC4
0,0.5523837954589605,0.54,0.395,0,0,HSPA8P1
0,1.0920851515911245,0.261,0.117,0,0,SLAMF1
0,0.3102097003625497,0.829,0.685,0,0,FYB
0,0.4030487333954431,0.696,0.552,0,0,DDIT4
0,0.568399259987004,0.512,0.369,0,0,NDFIP1
0,0.6187113110359588,0.367,0.224,0,0,TESPA1
0,0.5239688465800146,0.527,0.385,0,0,HSPH1
0,0.5669433477112218,0.405,0.264,0,0,GOLGA8A
0,0.6059450579670235,0.481,0.34,0,0,NABP1
0,0.7372273130753836,0.341,0.201,0,0,ITPKB
0,0.5035301693851411,0.453,0.313,0,0,SELL
0,0.659949419691178,0.419,0.279,0,0,AC016831.7
0,0.5554302959678789,0.468,0.329,0,0,GPRIN3
0,0.7056359027039276,0.356,0.217,0,0,PVT1
0,0.630225544454657,0.423,0.285,0,0,FAM107B
0,0.598430934707096,0.458,0.32,0,0,IL6ST
0,0.6912119038827008,0.378,0.24,0,0,UGP2
0,0.5043352025349903,0.513,0.375,0,0,FTH1P7
0,0.35220007447712365,0.777,0.641,0,0,DNAJA1
0,0.3570409333072442,0.721,0.586,0,0,LDHB
0,0.37427573022862903,0.935,0.8,0,0,JUNB
0,0.7781670421751844,0.46,0.326,0,0,NR3C1
0,0.6366536061471746,0.457,0.323,0,0,PFKFB3
0,0.5142160753820775,0.538,0.404,0,0,FTH1P10
0,0.5440076958984202,0.474,0.34,0,0,TSPYL2
0,0.34909231714786415,0.789,0.658,0,0,PPP1R15A
0,0.4873493521229792,0.46,0.33,0,0,RAPGEF6
0,0.6200813483175023,0.466,0.336,0,0,PTGER4
0,0.35394418048377796,0.691,0.561,0,0,NOP58
0,0.740544734871911,0.315,0.186,0,0,P2RY10
0,0.3966743675583966,0.687,0.558,0,0,YPEL5
0,0.7430162745743908,0.339,0.212,0,0,RP11-290L1.3
0,0.3828510496714559,0.636,0.509,0,0,ZNF331
0,0.7828404667115373,0.302,0.176,0,0,DNPH1
0,0.35941402207108053,0.777,0.651,0,0,JUND
0,0.742842554551406,0.313,0.187,0,0,CNST
0,0.9286336557391586,0.256,0.131,0,0,TRIB2
0,0.872230715774678,0.278,0.154,0,0,FLT3LG
0,0.9011289605823072,0.281,0.157,0,0,JMY
0,0.3202581845791306,0.864,0.74,0,0,DUSP1
0,0.5301574315247516,0.401,0.277,0,0,GOLGA8B
0,0.4467973029396175,0.59,0.466,0,0,RPL4P5
0,0.6725133839493773,0.38,0.257,0,0,SATB1
0,0.47562087018878907,0.498,0.376,0,0,NAMPT
0,0.6674705861550535,0.383,0.261,0,0,PLIN2
0,0.6343618505062204,0.368,0.247,0,0,PELI1
0,0.4527615052633853,0.563,0.442,0,0,TUBA1A
0,0.5698853073944516,0.341,0.221,0,0,GATA3
0,0.562625775024665,0.404,0.285,0,0,TRAF1
0,0.534981835308634,0.492,0.373,0,0,CACYBP
0,0.31901900372949776,0.864,0.745,0,0,PPP1CB
0,0.5516964933604982,0.407,0.288,0,0,PABPC1P4
0,0.7356429643403286,0.309,0.191,0,0,FAS
0,0.9941226611811731,0.271,0.154,0,0,CTB-119C2.1
0,0.7677863621008345,0.292,0.175,0,0,CDC14A
0,0.5758698205769867,0.435,0.318,0,0,CSRNP1
0,0.8199174519658512,0.259,0.145,0,0,SUSD3
0,0.7766980782845134,0.297,0.183,0,0,MPZL3
0,0.6292013147299528,0.368,0.255,0,0,RAB11FIP1
0,0.26842252859772087,0.864,0.752,0,0,HSP90AB1
0,0.7721241805758221,0.306,0.194,0,0,SOCS3
0,0.6759778956671231,0.353,0.244,0,0,NDUFV2P1
0,0.7751133807955028,0.271,0.163,0,0,RP11-51J9.5
0,0.3262509942957562,0.824,0.716,0,0,RPL4P4
0,0.731205308042419,0.304,0.198,0,0,CACYBPP2
0,0.7861526984024934,0.267,0.166,0,0,PLK3
0,0.8583168991688732,0.257,0.158,0,0,THADA
0,0.25678568269819735,0.944,0.847,0,0,TMEM66
0,0.27127874737722246,0.854,0.758,0,0,ZC3HAV1
0,0.25028133596149305,0.912,0.832,0,0,KLF6
2.220446049250313e-16,0.587652694279115,0.393,0.278,8.124612094206896e-12,0,MIR29B1
2.220446049250313e-16,0.4272769711835065,0.565,0.456,8.124612094206896e-12,0,HSPD1
4.440892098500626e-16,0.5222732706933222,0.439,0.32,1.624922418841379e-11,0,POLR3E
4.440892098500626e-16,0.25250722605745635,0.875,0.768,1.624922418841379e-11,0,TSC22D3
4.440892098500626e-16,0.7915144157586136,0.261,0.164,1.624922418841379e-11,0,DNAJA4
6.661338147750939e-16,0.46694407687406814,0.492,0.371,2.4373836282620687e-11,0,HNRNPLL
6.661338147750939e-16,0.42966857286122595,0.554,0.437,2.4373836282620687e-11,0,HSP90AB3P
6.661338147750939e-16,0.7012815847511206,0.303,0.199,2.4373836282620687e-11,0,ABCC1
8.881784197001252e-16,0.42410927549805766,0.537,0.418,3.249844837682758e-11,0,AC013394.2
8.881784197001252e-16,0.710284097594319,0.289,0.189,3.249844837682758e-11,0,IL27RA
1.1102230246251565e-15,0.4554167717783433,0.46,0.333,4.062306047103448e-11,0,TTC39C
1.5543122344752192e-15,0.40398241227192266,0.504,0.36,5.687228465944827e-11,0,SKAP1
1.5543122344752192e-15,0.638741022370899,0.285,0.183,5.687228465944827e-11,0,TMEM256-PLSCR3
1.7763568394002505e-15,0.6402508427293985,0.289,0.185,6.499689675365516e-11,0,AC083949.1
2.220446049250313e-15,0.6534283857601897,0.34,0.234,8.124612094206896e-11,0,HSPA8P9
2.4424906541753444e-15,0.6616682047142792,0.323,0.221,8.937073303627585e-11,0,HSPD1P1
3.3306690738754696e-15,0.677035710867407,0.273,0.175,1.2186918141310343e-10,0,ICAM2
4.218847493575595e-15,0.6907772785005767,0.308,0.21,1.5436762978993102e-10,0,PLEKHG2
4.440892098500626e-15,0.5051628026345735,0.346,0.232,1.624922418841379e-10,0,CAMK4
4.6629367034256575e-15,0.43248256270563457,0.496,0.382,1.706168539783448e-10,0,NDUFV2
5.3290705182007514e-15,0.28548250297474603,0.733,0.641,1.949906902609655e-10,0,EEF1A1P13
7.327471962526033e-15,0.44929116451478524,0.517,0.413,2.6811219910882755e-10,0,HSPA1A
7.771561172376096e-15,0.4959860047557999,0.413,0.298,2.8436142329724134e-10,0,DUSP10
8.43769498715119e-15,0.4752881924001104,0.443,0.337,3.0873525957986203e-10,0,RP11-442A13.1
8.43769498715119e-15,0.5886918136501702,0.294,0.192,3.0873525957986203e-10,0,LY75
1.176836406102666e-14,0.46352263234344204,0.457,0.344,4.3060444099296546e-10,0,SNHG1
1.6653345369377348e-14,0.28828292804518796,0.755,0.633,6.093459070655172e-10,0,JAK3
1.9984014443252818e-14,0.6000893249829978,0.384,0.281,7.312150884786206e-10,0,AIM1
1.9984014443252818e-14,0.650237546480694,0.278,0.181,7.312150884786206e-10,0,PDCL3
3.108624468950438e-14,0.3718863432634989,0.574,0.447,1.1374456931889654e-9,0,TLK1
3.419486915845482e-14,0.43165252018487965,0.513,0.396,1.251190262507862e-9,0,RP11-1033A18.1
5.1514348342607263e-14,0.4015933762735142,0.511,0.388,1.8849100058559998e-9,0,ITM2A
5.484501741648273e-14,0.5427239792275113,0.362,0.259,2.006779187269103e-9,0,ARHGEF6
8.393286066166183e-14,0.4545718366660132,0.481,0.382,3.0711033716102065e-9,0,ARID5A
8.681944052568724e-14,0.5739445544425821,0.33,0.228,3.176723328834896e-9,0,HSPA8P8
9.103828801926284e-14,0.3906794853800196,0.424,0.304,3.331090958624827e-9,0,BCL11B
1.0258460747536446e-13,0.4680784232621677,0.385,0.269,3.753570787523586e-9,0,FAM102A
1.2878587085651816e-13,0.41937412700226684,0.536,0.434,4.7122750146399994e-9,0,USP36
1.3433698597964394e-13,0.5080446559985174,0.41,0.311,4.915390316995172e-9,0,SAMHD1
1.3722356584366935e-13,0.28327076518652683,0.704,0.608,5.0210102742198615e-9,0,EEF1A1P9
1.6076029396572267e-13,0.31632188156248375,0.67,0.57,5.882219156205792e-9,0,STAT3
1.8141044222375058e-13,0.678535004792602,0.284,0.193,6.637808080967034e-9,0,PRMT10
1.98507876802978e-13,0.5766515512633615,0.323,0.226,7.263403212220965e-9,0,RP11-489E7.4
2.0272672429655358e-13,0.6292262583438946,0.296,0.202,7.417770842010896e-9,0,HSPA8P5
2.1405099914773018e-13,0.3125836647557234,0.625,0.513,7.832126058815447e-9,0,S100A4
2.69340105774063e-13,0.5544924258345396,0.309,0.211,9.855154470272964e-9,0,LDLRAD4
3.312905505481467e-13,0.5940835914409461,0.299,0.205,1.2121921244556688e-8,0,RP11-61L23.2
3.383959779057477e-13,0.45876666079033257,0.47,0.373,1.2381908831571309e-8,0,FKBP5
5.486722187697524e-13,0.3846951969856026,0.479,0.358,2.007591648478524e-8,0,ATP2B4
6.203926261605375e-13,0.47752568294927145,0.415,0.314,2.2700166191214066e-8,0,FAM177A1
6.710187960834446e-13,0.2620794942642337,0.719,0.623,2.455257774869324e-8,0,AC016739.2
7.547296121401814e-13,0.2881704254486306,0.787,0.601,2.7615556508209238e-8,0,CD3E
8.855138844410249e-13,0.6324974741983872,0.287,0.198,3.24009530316971e-8,0,RANGAP1
9.396927680427325e-13,0.4270108825832801,0.471,0.371,3.438335838268358e-8,0,TUBB4B
9.492406860545088e-13,0.5444406638544701,0.307,0.209,3.473271670273448e-8,0,RP11-264B17.5
1.0480505352461478e-12,0.4037058309548158,0.467,0.359,3.834816908465655e-8,0,CCNH
1.6855405959859127e-12,0.5533140894257469,0.342,0.25,6.167393040712454e-8,0,BCAS2
2.247091401841317e-12,0.2748783000740429,0.685,0.59,8.222107439337378e-8,0,RP11-20O24.4
2.4946711363327267e-12,0.35787517171217775,0.546,0.438,9.128001687841447e-8,0,CYTH1
2.5368596112684827e-12,0.31301769230109344,0.732,0.558,9.282369317631378e-8,0,CD3D
2.8776980798284058e-12,0.40890943622174913,0.401,0.291,1.0529497274092137e-7,0,OXNAD1
3.1732394489836224e-12,0.36553166511545987,0.523,0.409,1.1610883143831074e-7,0,ZNF292
4.207523218724418e-12,0.3099000917364879,0.614,0.525,1.5395327457312646e-7,0,EEF1A1P11
4.511724327471711e-12,0.29812121463285157,0.626,0.532,1.650839931421899e-7,0,EEF1A1P12
4.938272013532696e-12,0.6564814125321512,0.282,0.197,1.8069137297516136e-7,0,RP11-153M3.1
5.809575043258519e-12,0.4584322908148556,0.393,0.293,2.1257235083282922e-7,0,PRNP
8.038014698286133e-12,0.31896900386627314,0.579,0.461,2.941109578102896e-7,0,FOSL2
8.298028930653345e-12,0.6455112744518701,0.254,0.172,3.036248785726059e-7,0,TRAF3
8.61910542937494e-12,0.3399200645577021,0.577,0.462,3.1537306766082907e-7,0,CD7
8.654632566162945e-12,0.4758900559557553,0.36,0.266,3.1667300559590217e-7,0,RGS10
9.14779363370144e-12,0.3575010432431822,0.53,0.434,3.347177690571357e-7,0,SELK
1.2328804643857438e-11,0.5571956732955583,0.318,0.23,4.5111096191874367e-7,0,ZNF410
1.3013146116236385e-11,0.3925800435909824,0.435,0.328,4.761510163930893e-7,0,CD82
1.4738210651898953e-11,0.36189336836483976,0.535,0.447,5.392711277529827e-7,0,HSPE1
2.573496971081113e-11,0.25173535419591864,0.725,0.631,9.416425417185792e-7,0,NAP1L1
2.6367352745637618e-11,0.32010870471999897,0.408,0.299,9.647814369628804e-7,0,BEST1
3.057865072264576e-11,0.474821660995395,0.405,0.322,1.1188728299416084e-6,0,MIR4435-1HG
3.3341329697123e-11,0.6316853616412259,0.252,0.174,1.2199592536177306e-6,0,FTH1P11
3.4778846469407654e-11,0.5592879037360159,0.285,0.199,1.272557992315626e-6,0,USP20
3.501665624128236e-11,0.35820877606942886,0.489,0.39,1.2812594518685216e-6,0,HLA-W
3.539657456030909e-11,0.5572006887313529,0.335,0.248,1.2951606631617096e-6,0,WDR74
4.8336890046130065e-11,0.5813939301120973,0.265,0.183,1.768646806787899e-6,0,DCTN6
4.83948436880155e-11,0.42412361075519356,0.427,0.335,1.770767330544487e-6,0,NFE2L2
5.892020205067183e-11,0.5178679498014145,0.333,0.25,2.1558901930340824e-6,0,PPA1
6.974176791629816e-11,0.4905750437952541,0.344,0.255,2.5518512880573496e-6,0,NAP1L1P1
9.573253301198292e-11,0.390599794325343,0.465,0.371,3.502853382908455e-6,0,HSPA1B
1.3074075155827813e-10,0.4669702985782408,0.394,0.307,4.783804099517397e-6,0,HSPB1
1.5862045010806014e-10,0.43854721101106187,0.326,0.236,5.8039222694539205e-6,0,FAM129A
1.712812114362805e-10,0.4970824322742557,0.302,0.216,6.2671795264535035e-6,0,STAT5B
1.896276469182112e-10,0.31193034900858624,0.535,0.444,6.938475600737348e-6,0,EEF1A1P19
2.481703731405105e-10,0.2842904865419458,0.636,0.542,9.080553953211279e-6,0,PRDM1
2.500677442895949e-10,0.28543071815162757,0.686,0.53,9.149978763556277e-6,0,LCK
2.5312707485625197e-10,0.28908969760073355,0.584,0.497,9.26191966899026e-6,0,HINT1
3.2450930831373626e-10,0.4706866729780114,0.295,0.211,1.187379559119961e-5,0,HIVEP2
3.252804692266409e-10,0.29941320827352536,0.569,0.477,1.190201236900279e-5,0,LDHAP4
3.807241188980015e-10,0.44506997784847135,0.358,0.272,1.3930695510477875e-5,0,FTH1P2
4.536588882331216e-10,0.2977111689573797,0.566,0.476,1.659937872044992e-5,0,BTG2
4.569389311370742e-10,0.270272516649659,0.677,0.587,1.6719395490305544e-5,0,RPL3P2
4.6476000825634856e-10,0.3220595320087631,0.557,0.458,1.7005568702099794e-5,0,HIPK1
4.705718037456563e-10,0.48084068073145647,0.317,0.235,1.7218222299053565e-5,0,FTH1P8
4.797628960773181e-10,0.465877752697869,0.357,0.27,1.755452436746907e-5,0,PABPC3
4.944575859866518e-10,0.27775299363275585,0.621,0.529,1.809220307125159e-5,0,PPP1R2
5.46188427819061e-10,0.3997212830648144,0.356,0.264,1.998503457389944e-5,0,SORL1
5.72270231202765e-10,0.5187228513148197,0.256,0.178,2.093936775970917e-5,0,EEF1A1P29
6.989044898375596e-10,0.2549734475804615,0.614,0.518,2.5572915283156306e-5,0,AC004453.8
7.325446915729117e-10,0.39395442720409235,0.356,0.271,2.680381026465284e-5,0,PABPC1P3
7.972333904149309e-10,0.34915217186012,0.392,0.294,2.9170769755282322e-5,0,C20orf112
9.057183891769682e-10,0.4033132898945466,0.329,0.236,3.314023585998527e-5,0,OCIAD2
9.41024369538468e-10,0.5353715430152317,0.25,0.175,3.443208168141254e-5,0,CRTC3
1.0662351002110881e-9,0.43011305710606673,0.348,0.262,3.9013542316723715e-5,0,C12orf57
1.0965066632451226e-9,0.33974317179350977,0.437,0.335,4.0121178808139035e-5,0,INPP4B
1.4229446509972377e-9,0.5684774895889217,0.259,0.185,5.2065544779988926e-5,0,KIAA1683
1.5021628385625263e-9,0.4305037562407881,0.369,0.287,5.496413826300284e-5,0,CDKN1A
1.6038268491058716e-9,0.29419565606371023,0.546,0.442,5.868402440878384e-5,0,PDE4B
1.6559316140529745e-9,0.3277170866211334,0.508,0.413,6.059053775819834e-5,0,ELOVL5
1.8577572813427423e-9,0.3741091441858748,0.443,0.359,6.797533892433094e-5,0,TMEM123
1.896889756380915e-9,0.4814002459038491,0.326,0.252,6.940719618597768e-5,0,FTH1P20
2.1321135967866667e-9,0.33488296574150855,0.446,0.357,7.801403650642413e-5,0,MIR4426
2.2246924302748994e-9,0.44315851195552014,0.351,0.267,8.140149602375857e-5,0,NAMPTL
2.2542507860379146e-9,0.34667487485408177,0.46,0.374,8.24830362611273e-5,0,MRFAP1
2.4727282443848253e-9,0.5580515712338264,0.255,0.183,9.047712646204076e-5,0,RAP1A
2.5757165289519435e-9,0.26872186273224363,0.561,0.437,9.424546779435161e-5,0,SH2D2A
2.738367088639393e-9,0.32637033982482566,0.499,0.414,1.0019685177331539e-4,0,UBE2B
2.9884570373894803e-9,0.2584903681380325,0.554,0.437,1.0934764299808108e-4,0,ETS1
3.737192111330501e-9,0.3169606470898516,0.493,0.401,1.3674385935358302e-4,0,OPTN
3.787939739652302e-9,0.49852262910071915,0.289,0.213,1.3860071507387772e-4,0,RP11-442H21.2
3.901277745299581e-9,0.42586243987691,0.36,0.275,1.4274775270051165e-4,0,TP53INP1
4.584523205508617e-9,0.43110291873383305,0.343,0.263,1.677477040895603e-4,0,ZC3H7A
5.958979976128376e-9,0.3121356553762986,0.51,0.42,2.1803907732653727e-4,0,TANK
6.3825669194272905e-9,0.4296337197457264,0.34,0.259,2.3353812358184456e-4,0,TULP4
6.6827956501924746e-9,0.3418396582362476,0.459,0.371,2.4452349284054264e-4,0,G3BP2
7.114635103278033e-9,0.3924785427297469,0.384,0.3,2.6032449842894323e-4,0,PIM1
7.128704959669108e-9,0.27289223459083956,0.554,0.442,2.6083931447429265e-4,0,LBH
7.64142060738493e-9,0.33674129208012116,0.457,0.376,2.795995800242146e-4,0,AC009245.3
8.758938685460294e-9,0.3400609474471924,0.439,0.353,3.2048956650099214e-4,0,PAK2
9.135687761840927e-9,0.38615073999953164,0.372,0.286,3.342748152057595e-4,0,SIRPG
9.207107742881249e-9,0.36246108720631337,0.357,0.27,3.368880723120249e-4,0,ADD3
9.223690700110865e-9,0.540778271117622,0.267,0.197,3.3749484271705654e-4,0,CNIH1
1.0825965235383705e-8,0.25612289080395834,0.614,0.49,3.961220679626898e-4,0,ZAP70
1.2358176704196921e-8,0.29466428870804534,0.482,0.39,4.5218568560656536e-4,0,HNRNPA1P7
1.2558428741371586e-8,0.3554010067242056,0.416,0.332,4.595129076467863e-4,0,SMAP2
1.3554170452678704e-8,0.38722798913032674,0.368,0.283,4.959470968635138e-4,0,GSPT1
1.4552133054124283e-8,0.4568747013491369,0.3,0.226,5.324625484504075e-4,0,KIAA0319L
1.6341097586192177e-8,0.41416400657623537,0.337,0.259,5.979207606787718e-4,0,NBEAL2
1.651996717200177e-8,0.47660463683622534,0.311,0.237,6.044655988235448e-4,0,NUPL1
1.857650056003024e-8,0.29183657019826503,0.494,0.397,6.797141554915065e-4,0,AC104698.1
1.9345295809714003e-8,0.3275886803265674,0.467,0.383,7.078443736774354e-4,0,USP3
2.3835277085382245e-8,0.28389321940414936,0.537,0.446,8.721327885541363e-4,0,RP11-146N23.1
2.3884970667964467e-8,0.2504444455212115,0.618,0.522,8.739510767408198e-4,0,RPL3P7
2.4203792081678444e-8,0.4761407998382061,0.27,0.198,8.856167522686142e-4,0,ODF2L
2.9472594365032023e-8,0.2846285824892283,0.532,0.45,0.0010784022278165217,0,PRDX1
3.0311690935036495e-8,0.4680142807104891,0.261,0.191,0.0011091047713129853,0,AC008964.1
3.512269941552404e-8,0.309584611289306,0.49,0.412,0.0012851395716140246,0,RPL5P4
3.629509115476992e-8,0.39529294845278534,0.382,0.307,0.0013280373853530314,0,PPP1R15B
3.633518708134886e-8,0.4723887153957257,0.253,0.182,0.001329504495306555,0,RP11-464D20.2
3.646883039998272e-8,0.31099154234981097,0.449,0.363,0.0013343945043353678,0,RPS4XP2
3.8281026792930106e-8,0.26866071567760963,0.543,0.452,0.0014007027703533126,0,ANKRD36B
3.885331589792429e-8,0.47192237286993177,0.25,0.181,0.0014216428287050498,0,ESYT2
4.369763395573045e-8,0.34560395942647004,0.401,0.318,0.0015988964264401773,0,SFXN1
4.609667270116802e-8,0.36165442415199806,0.305,0.225,0.0016866772541357378,0,CHMP7
5.0350747349270364e-8,0.2827352986464391,0.518,0.423,0.0018423338455098026,0,DDX24
5.29271892979466e-8,0.3064241716325211,0.453,0.364,0.001936605856411866,0,TIGIT
6.012914299802219e-8,0.4372363703429907,0.317,0.247,0.002200125342297632,0,HN1
6.200510682674576e-8,0.4299297225210164,0.33,0.259,0.0022687668587906273,0,HBP1
6.607566360727901e-8,0.39570823472130406,0.256,0.183,0.002417708531390339,0,PLCG1
7.451125938473524e-8,0.32692903847645877,0.409,0.321,0.0027263669808874624,0,EEF1DP1
9.29725554321692e-8,0.4160312759800968,0.254,0.184,0.003401865803263071,0,SDF4
9.729434924388158e-8,0.2571510662991834,0.551,0.476,0.003560000238833627,0,TOMM7
1.0402875139092771e-7,0.34766392107450184,0.367,0.286,0.003806412013394045,0,UQCRC2
1.1346356432184734e-7,0.4389754040355607,0.278,0.208,0.004151631818536394,0,CDKN1B
1.253651584764981e-7,0.32368322714316866,0.397,0.315,0.004587111148655065,0,SFI1
1.3767273832065996e-7,0.35138176092293333,0.338,0.259,0.005037445495152948,0,RP11-367G18.2
1.4729129271806585e-7,0.3291097336424057,0.409,0.338,0.005389388400554029,0,EEF1A1P4
1.6809760694513898e-7,0.30013380414295854,0.492,0.417,0.006150691438122635,0,GPCPD1
1.803817637480165e-7,0.25122476749700584,0.556,0.474,0.006600168735539924,0,TRA2B
1.8239839261191548e-7,0.40304914194114794,0.31,0.238,0.0066739571856699875,0,RP11-282K24.1
1.9169182663425488e-7,0.4195234108642536,0.302,0.23,0.007014003936547386,0,EEF1A1P10
2.0700748937230173e-7,0.46313122852285665,0.296,0.235,0.0075744040361325204,0,FTH1P23
2.3321051711988616e-7,0.3504701923430201,0.356,0.281,0.008533172821416635,0,MICAL1
2.711162665480771e-7,0.34050447439079307,0.379,0.306,0.00992014419299414,0,NUMA1
3.0439354326006196e-7,0.2764263021398232,0.497,0.42,0.011137759747885667,0,TSPAN14
3.457699719877638e-7,0.26890542602684,0.513,0.441,0.012651723275032278,0,RPSAP15
3.734631173202274e-7,0.3628038646437748,0.342,0.271,0.013665015462747121,0,SNHG8
4.801703614720765e-7,0.3611334203986558,0.304,0.235,0.01756943352626328,0,EEF1A1P8
4.878493820026364e-7,0.3979561962040238,0.306,0.238,0.017850408887476465,0,SLC7A6
5.140393726232872e-7,0.40649010254065726,0.315,0.252,0.01880870064428608,0,BTG3
5.160601002085485e-7,0.3078816636359425,0.483,0.417,0.01888263906663079,0,PTP4A1
5.480390350420805e-7,0.2813790943357162,0.506,0.441,0.020052748292189726,0,GBP2
6.108715751018678e-7,0.26750858053056775,0.412,0.33,0.022351790932977345,0,SLFN5
6.379931791755666e-7,0.38534381017294006,0.31,0.242,0.023344170426033983,0,BBIP1
6.441549686986292e-7,0.5139126559241063,0.262,0.196,0.023569630304682843,0,EEF1A1P14
6.489458457270558e-7,0.3573452739503438,0.269,0.202,0.023744928495152973,0,NF2
6.796553890797696e-7,0.35245024461688623,0.375,0.306,0.02486859068642877,0,TNFAIP8
7.080329385011908e-7,0.25782037775774147,0.479,0.394,0.02590692521975857,0,IKZF1
7.880955030792336e-7,0.25125035660286577,0.482,0.397,0.028836414457669157,0,HERC1
8.244137557067432e-7,0.37742688207112324,0.315,0.247,0.030165299321309735,0,PPP1R2P3
9.230158759532259e-7,0.4489525511924932,0.29,0.228,0.033773150901128535,0,STYX
1.0832709731456447e-6,0.3338896454844478,0.458,0.398,0.03963688490739914,0,MORF4L2
1.1556765420195347e-6,0.44575072730444265,0.285,0.224,0.042286204672494776,0,PDE3B
1.2519552468059914e-6,0.33753063482483747,0.338,0.268,0.045809042480631224,0,EPB41
1.4882963075280031e-6,0.2508663552322541,0.494,0.422,0.054456761892449634,0,ATP6V1G1
1.509387685949548e-6,0.36937071847625813,0.293,0.227,0.055228495428893964,0,RPS4XP13
1.7844625541663106e-6,0.2880030227764707,0.411,0.335,0.0652934848569453,0,CUTA
1.9606345422751303e-6,0.3559876718380545,0.318,0.25,0.07173961790184702,0,AC079250.1
2.1399541547673095e-6,0.3770793682912148,0.286,0.223,0.07830092252293586,0,IKBKB
2.4216504683760576e-6,0.34540951420894883,0.344,0.278,0.08860819063787995,0,KB-1208A12.3
2.5986014957624093e-6,0.2928369218635425,0.386,0.315,0.09508282872994656,0,PSIP1
3.029251412822731e-6,0.3113584754522184,0.346,0.277,0.11084030919518373,0,PMAIP1
3.4174471064130074e-6,0.2540562636920174,0.519,0.448,0.12504438962365194,0,ATXN7
3.722252918558766e-6,0.2819558988265688,0.405,0.329,0.13619723429006525,0,RP11-159C21.4
3.7519080537951055e-6,0.38884364857109827,0.283,0.223,0.1372823156883629,0,IFNAR2
3.766250244341407e-6,0.2705874278672775,0.343,0.273,0.13780709644045208,0,MSI2
3.8163079412179e-6,0.30944656018650557,0.323,0.254,0.13963870756916297,0,SIT1
4.0241515477656975e-6,0.37045567891011905,0.268,0.206,0.14724370513274687,0,AC003104.1
4.045557000953437e-6,0.28438983742275015,0.424,0.356,0.14802693066488626,0,ANXA7
4.839337848006053e-6,0.31618536921712853,0.254,0.193,0.1770713718585415,0,RERE
5.024772529171884e-6,0.3425598284625009,0.278,0.215,0.18385642684239922,0,PACS1
5.373756900350912e-6,0.41582453477248293,0.263,0.205,0.19662576498383988,0,HECA
5.573868598229836e-6,0.31860278437745393,0.308,0.244,0.2039478520092297,0,PRKCQ
5.652414178269893e-6,0.3139977914104395,0.335,0.274,0.2068218347828954,0,RPL5P9
5.6568250030863965e-6,0.3584416456022645,0.326,0.267,0.20698322686293125,0,LA16c-3G11.7
5.7104088051485036e-6,0.3161287592938216,0.315,0.252,0.20894385818038375,0,MINOS1
5.904479503326954e-6,0.32952771086787824,0.291,0.229,0.21604490502673324,0,TRIM14
6.015352923771644e-6,0.3767718782597889,0.255,0.197,0.22010176348080446,0,MAP3K1
6.164923040286041e-6,0.2819900365473794,0.334,0.265,0.22557453404406624,0,RASGRP1
6.2207843947170716e-6,0.29313333984744105,0.374,0.307,0.22761850100269765,0,RPL12P4
6.315808840362536e-6,0.2707780936070372,0.45,0.383,0.23109544546886518,0,KDM2A
6.9219312610613315e-6,0.31811381174368164,0.341,0.273,0.2532734648422341,0,RPL24P4
7.70529977534018e-6,0.268627858233803,0.378,0.312,0.2819369187796972,0,LDHAP7
7.986883564514713e-6,0.34538607410782296,0.364,0.303,0.29224006962559335,0,SIK1
8.023063369222427e-6,0.32269136613526217,0.33,0.268,0.2935638886798486,0,NPM1P39
8.16466363007251e-6,0.3623476415938939,0.292,0.235,0.29874504222435316,0,ABRACL
8.26331186920548e-6,0.4566400946398004,0.267,0.215,0.30235458129422854,0,DNAJA1P3
8.341446887438764e-6,0.31255119834513095,0.362,0.3,0.30521354161138436,0,OGDH
8.687769358139974e-6,0.3049253383364333,0.335,0.27,0.31788548081434165,0,ZBTB25
8.806377954639899e-6,0.36840832575797805,0.282,0.224,0.3222253693602739,0,CARD16
8.94578597354645e-6,0.3449441377406726,0.272,0.211,0.3273263087720646,0,RP11-252A24.7
9.002903759824932e-6,0.2664597352167729,0.422,0.354,0.32941624857199425,0,PEBP1
1.0326035361885033e-5,0.29461913605308543,0.412,0.357,0.37782963389137336,0,RPS4Y1
1.0842918400477686e-5,0.25501458308339553,0.44,0.367,0.3967423842734785,0,RPS4XP6
1.0969131004179289e-5,0.29601067235221606,0.298,0.236,0.4013605034429202,0,SPTBN1
1.128917170678534e-5,0.26992540057395487,0.453,0.391,0.41307079275127556,0,SNHG12
1.2587371205352582e-5,0.28668910381350604,0.272,0.205,0.460571912403851,0,S1PR1
1.265401471250982e-5,0.31897601829114,0.323,0.259,0.4630103983307343,0,RPS18P12
1.2928575600090753e-5,0.2693915763022028,0.401,0.336,0.47305658120732064,0,SEPW1
1.3146308991407452e-5,0.295442917515687,0.388,0.33,0.48102344599559865,0,RP11-314A20.1
1.3568600351065996e-5,0.32819387896074836,0.317,0.257,0.4964750868455048,0,HIAT1
1.4825877857393976e-5,0.3529162146958067,0.282,0.225,0.5424788708020456,0,RPL29P11
1.631190731199439e-5,0.27910642927242824,0.382,0.316,0.5968526885458747,0,CTD-3035D6.1
1.6389730296051397e-5,0.35272335367633395,0.326,0.272,0.5997002315325206,0,PPM1G
2.1807195681233793e-5,0.2795466874371353,0.453,0.391,0.7979252899763445,0,CTC-451P13.1
2.3367583484867893e-5,0.2997232312319339,0.359,0.303,0.8550198797113162,0,EVI2A
2.460763242106978e-5,0.3590656453595368,0.328,0.273,0.9003932702869433,0,HBS1L
2.476351067115523e-5,0.31983053967262787,0.327,0.268,0.9060968554575699,0,EPC1
2.5707564926369386e-5,0.2650379358418422,0.43,0.37,0.9406398006558558,0,RP11-16E23.4
2.7278354851612008e-5,0.3897330153844656,0.285,0.235,0.9981150040204834,0,LGALS8
2.8086208334610063e-5,0.2759590196781735,0.401,0.339,1,0,AHSA1
2.926520583312886e-5,0.3550518691012668,0.251,0.197,1,0,FAM118A
2.9381994712363024e-5,0.3824544211408719,0.259,0.208,1,0,ZNF267
3.621085170513183e-5,0.40484813088212074,0.265,0.214,1,0,NANS
3.675813985659637e-5,0.26859698097936635,0.346,0.282,1,0,RPL39P3
3.8419233268083275e-5,0.333236896689971,0.321,0.264,1,0,CTB-54D4.1
3.888533421259055e-5,0.2515188923709599,0.449,0.388,1,0,WHSC1L1
4.137060895059719e-5,0.40003428202015,0.258,0.21,1,0,GLRX
4.2129085316977566e-5,0.31577826826639754,0.343,0.293,1,0,RHOG
4.423037364587046e-5,0.3746386264301099,0.277,0.227,1,0,DNAJB9
4.8980670378284685e-5,0.30179370479513945,0.265,0.21,1,0,RFFL
5.144906631060486e-5,0.2504162776724577,0.412,0.352,1,0,MLLT6
5.149630740586275e-5,0.2999065978780511,0.305,0.249,1,0,PFKP
5.375595840928504e-5,0.32594195606409126,0.278,0.224,1,0,MSL3
6.430189638262362e-5,0.28269883907461235,0.335,0.278,1,0,LDHAP3
6.899787873115848e-5,0.3617648989419886,0.346,0.303,1,0,MTHFD2
7.763173663200007e-5,0.28008867537458365,0.325,0.27,1,0,RP11-841O20.2
1.0245174256939826e-4,0.2761212823811239,0.41,0.361,1,0,NR4A1
1.0498977801387532e-4,0.26091533779138015,0.465,0.417,1,0,TOR1AIP2
1.1147581793524708e-4,0.2708596837209455,0.316,0.261,1,0,CHD3
1.1151309905010898e-4,0.2589809781007084,0.42,0.369,1,0,ZFAND5
1.1736612386803458e-4,0.2532041674808252,0.262,0.209,1,0,RPL5P23
1.21618025407777e-4,0.30912785851516733,0.259,0.211,1,0,EEF1A1P16
1.2254969517599967e-4,0.2710438268562059,0.379,0.327,1,0,STAU1
1.2445697147200896e-4,0.254985839270215,0.375,0.319,1,0,NUP50
1.271844930608168e-4,0.27226300344580784,0.398,0.342,1,0,DDX21
1.3814692142855023e-4,0.2872645396299852,0.331,0.278,1,0,CHURC1
1.5092800313887267e-4,0.2589375242566658,0.355,0.302,1,0,ADAM10
1.5431784609543087e-4,0.31668669722666065,0.29,0.239,1,0,ENTPD4
1.7562438046780926e-4,0.2531550608445047,0.267,0.214,1,0,NFATC1
1.8117975436648948e-4,0.310737424764153,0.289,0.24,1,0,SNHG16
1.8165037430528663e-4,0.25737104126041677,0.312,0.257,1,0,CDC42P6
1.8823924986954843e-4,0.30634030944936796,0.26,0.211,1,0,NFYC
1.994483826199822e-4,0.25602095219578497,0.348,0.293,1,0,RP1-241P17.4
2.0160182438133667e-4,0.2881415176538071,0.334,0.283,1,0,DNAJA2
2.2806268743980063e-4,0.28597038382711704,0.319,0.269,1,0,CLNS1A
2.3527103657738913e-4,0.2670152439008624,0.306,0.254,1,0,SENP7
2.7553500199939407e-4,0.37985039913693236,0.25,0.207,1,0,LRRC8C
2.7655385620084516e-4,0.2695413484727012,0.329,0.28,1,0,XXbac-BPG248L24.12
2.839163165107017e-4,0.30469915278725407,0.268,0.22,1,0,RAB3GAP1
3.3369152647044764e-4,0.29619629656111446,0.332,0.282,1,0,HSP90AB2P
3.376685383724709e-4,0.3132002995157769,0.296,0.25,1,0,BRE
3.4069696257987836e-4,0.26299186505397343,0.359,0.314,1,0,NDUFS5
4.25000960273314e-4,0.37733351400575044,0.256,0.213,1,0,EIF3J
4.25656974631039e-4,0.3380009923517212,0.278,0.235,1,0,LIMS1
4.2624168792060324e-4,0.2918283242309709,0.262,0.216,1,0,GNL3
4.4676272204524636e-4,0.2520245372114233,0.282,0.231,1,0,PXN
4.684830063419465e-4,0.29566060929695315,0.263,0.215,1,0,AC010468.1
4.712008990592764e-4,0.3787600847983058,0.253,0.211,1,0,MPRIP
4.7298484486035797e-4,0.308917353112017,0.274,0.231,1,0,RP11-78A19.3
7.065253776257219e-4,0.25724945365656093,0.277,0.23,1,0,PPIL4
7.086062001133708e-4,0.26508982269941683,0.285,0.239,1,0,RP11-112J1.1
8.496988871740108e-4,0.25853869668090745,0.338,0.294,1,0,GALM
8.621425222981038e-4,0.2556108750962208,0.348,0.306,1,0,SNURF
9.288668655202947e-4,0.2594636875519236,0.341,0.298,1,0,CHMP1B
9.88367406562718e-4,0.28091295168436964,0.287,0.245,1,0,MORF4L1P1
9.94593976805458e-4,0.28064480546698084,0.262,0.22,1,0,CMTM7
0.001006278841806152,0.29805390796091263,0.267,0.227,1,0,GRSF1
0.0010276419708570295,0.28632337338680874,0.295,0.252,1,0,KRR1
0.0010410146094737005,0.29254489372108755,0.271,0.23,1,0,TOB2
0.001078679859219056,0.270095916705705,0.276,0.232,1,0,CDK6
0.001087425397616526,0.2933721572482566,0.318,0.275,1,0,RGPD8
0.0011732757206686095,0.3055092195563876,0.262,0.222,1,0,NGRN
0.00123320818464423,0.25493139300442147,0.304,0.259,1,0,TRIM59
0.0012455197424554587,0.3113865934942738,0.285,0.248,1,0,SERTAD1
0.001416785191847847,0.30449251666097354,0.261,0.222,1,0,KPNA2
0.0014306885106472045,0.29314172688801593,0.289,0.25,1,0,IRF2BP2
0.0016887101869433874,0.3134247718142245,0.274,0.235,1,0,NUDT4
0.001691695641069968,0.27514080189309886,0.262,0.221,1,0,SMC4
0.0017583968675125572,0.2507284817156392,0.4,0.36,1,0,NBPF15
0.0017858852636667422,0.30468441143614433,0.259,0.224,1,0,AC007318.5
0.0028829141769644018,0.3338636884629734,0.411,0.377,1,0,SOD2
0.003671285846826411,0.28767530541380726,0.251,0.217,1,0,BTF3L4
0.0038316639859068413,0.2569096437556706,0.25,0.215,1,0,CASP1
0.0044468442781107065,0.25076813927146346,0.251,0.215,1,0,SDHAF2
0.004830835315594584,0.267888968405146,0.263,0.23,1,0,SNRPD1
0.004982901908974879,0.2850719382283563,0.266,0.232,1,0,ETV6
0.005196710255557457,0.26332368710520826,0.313,0.277,1,0,EZH2
0.005309826359695569,0.2680128569582906,0.257,0.224,1,0,CMTM3
0.008668012704686534,0.41048197969424005,0.288,0.26,1,0,PHC1
0,1.2041827280809267,0.991,0.504,0,1,CCL5
0,1.270295822748782,0.889,0.406,0,1,NKG7
0,1.4021765305102893,0.835,0.364,0,1,CD8A
0,1.1770389081509394,0.874,0.448,0,1,CST7
0,1.670565677996176,0.633,0.224,0,1,GZMK
0,1.2263908990682035,0.736,0.35,0,1,GZMA
0,1.095447568316831,0.78,0.395,0,1,KLRK1
0,1.132416501378275,0.728,0.374,0,1,PRF1
0,2.1823161332752274,0.48,0.14,0,1,CRTAM
0,1.3213817770247307,0.621,0.285,0,1,CCL4L1
0,1.283003446058498,0.649,0.315,0,1,CCL4
0,0.9911695653946331,0.876,0.545,0,1,DUSP2
0,1.2665085655828698,0.705,0.375,0,1,DUSP4
0,1.2529661071727696,0.569,0.261,0,1,CD8B
0,0.9437610272647763,0.775,0.477,0,1,ZNF331
0,1.0983456108157919,0.601,0.306,0,1,CTSW
0,0.9636487120353521,0.789,0.496,0,1,TMEM2
0,1.250539365215184,0.523,0.238,0,1,CCL4L2
0,1.02017049208421,0.714,0.436,0,1,CREM
0,0.6178164193421023,0.905,0.633,0,1,IL32
0,0.9322796644146651,0.781,0.51,0,1,LYST
0,0.9676304257915055,0.599,0.337,0,1,SYTL3
0,0.7272276444359349,0.858,0.599,0,1,FYN
0,0.784397143417422,0.795,0.541,0,1,CBLB
0,1.1194622726681507,0.515,0.262,0,1,GZMB
0,1.6725606030319218,0.385,0.132,0,1,CTD-2313F11.1
0,1.2435545839138675,0.485,0.234,0,1,GZMH
0,0.7865647828155562,0.806,0.558,0,1,RNF19A
0,0.9455232858017308,0.658,0.411,0,1,TUBA4A
0,0.5386725074693517,0.881,0.64,0,1,CD3G
0,2.1967124213158753,0.34,0.101,0,1,VCAM1
0,0.9564866629762618,0.588,0.35,0,1,HNRNPLL
0,0.7006438747908792,0.882,0.645,0,1,RGS1
0,1.0078470342379369,0.55,0.315,0,1,VPS37B
0,0.4711395311870761,0.908,0.674,0,1,TRAC
0,0.8772576247824966,0.673,0.44,0,1,FOSL2
0,0.803224536184022,0.65,0.418,0,1,SH2D2A
0,0.7275797395281343,0.772,0.54,0,1,YPEL5
0,0.7785497564083593,0.668,0.441,0,1,CNOT6L
0,1.1862903733624264,0.447,0.221,0,1,KLRC4-KLRK1
0,1.6695652099251879,0.384,0.16,0,1,TNFSF9
0,0.6729373036054369,0.963,0.739,0,1,TNFAIP3
0,0.7786620242584141,0.777,0.553,0,1,CD97
0,0.7026602845925147,0.706,0.482,0,1,FAM46C
0,1.640077943280303,0.353,0.129,0,1,CTB-36O1.7
0,0.8720085973083256,0.636,0.416,0,1,ATXN1
0,0.9271846797147717,0.505,0.286,0,1,AOAH
0,0.7829727789855347,0.737,0.519,0,1,PRDM1
0,0.6233691027049735,0.755,0.54,0,1,PRKCH
0,0.9631516272238395,0.587,0.373,0,1,HSPH1
0,0.8884916121584101,0.592,0.378,0,1,PTPN22
0,0.7024479020232595,0.78,0.569,0,1,NR4A2
0,0.5025546600834996,0.81,0.599,0,1,CD3E
0,1.0098132105526896,0.538,0.327,0,1,TSPYL2
0,0.7135596096171208,0.839,0.628,0,1,DNAJA1
0,0.6854171525005239,0.713,0.503,0,1,ID2
0,1.5932577057442567,0.35,0.141,0,1,DTHD1
0,1.4058634591067234,0.385,0.177,0,1,CXCR6
0,0.8598940703133342,0.586,0.378,0,1,RUNX3
0,1.3569157827082228,0.403,0.197,0,1,NAB1
0,0.8696031327153606,0.638,0.432,0,1,SAMSN1
0,0.6108634901887697,0.922,0.717,0,1,DNAJB1
0,1.1772284024647184,0.436,0.232,0,1,JMJD6
0,1.1319650153160552,0.414,0.211,0,1,KLRD1
0,1.7131072588525478,0.313,0.111,0,1,CD8BP
0,0.4229024216762771,0.986,0.784,0,1,TRBC2
0,0.6273288834493577,0.648,0.447,0,1,CD7
0,1.0759801172274392,0.47,0.27,0,1,CTLA4
0,0.7999348080448301,0.543,0.344,0,1,PDE4D
0,0.9133431324041528,0.512,0.315,0,1,APMAP
0,1.2174082630924954,0.401,0.205,0,1,PIK3R1
0,1.2973060785740391,0.426,0.23,0,1,SLC7A5
0,1.4339349066685247,0.355,0.162,0,1,TNFRSF9
0,0.7507045322576911,0.629,0.437,0,1,RGS2
0,0.6437159097761007,0.853,0.662,0,1,ZFP36L2
0,0.9685582176986648,0.449,0.259,0,1,SLA2
0,1.0122162309973382,0.465,0.276,0,1,RAB27A
0,0.9128842724784545,0.502,0.315,0,1,PFKFB3
0,0.8706980882156692,0.57,0.384,0,1,RP11-1033A18.1
0,0.6292577992602206,0.71,0.526,0,1,SLA
0,0.9934270526924522,0.449,0.266,0,1,PDCD1
0,1.0917541638303683,0.427,0.246,0,1,GABARAPL1
0,1.14468296565533,0.451,0.271,0,1,HAVCR2
0,0.4746721212491165,0.738,0.56,0,1,CD3D
0,1.29551400218978,0.355,0.178,0,1,IFNG
0,1.2690343686127776,0.331,0.155,0,1,CCDC64
0,0.6243319093835575,0.633,0.457,0,1,MKLN1-AS1
0,0.631298719112779,0.65,0.477,0,1,LEPROTL1
0,0.5817671260846988,0.801,0.629,0,1,TOB1
0,1.0784878559871918,0.367,0.196,0,1,TRGC2
0,0.6447742188867216,0.821,0.651,0,1,UBBP4
0,0.4606629136676963,0.758,0.59,0,1,CD2
0,0.9805775977727765,0.461,0.294,0,1,PHLDA1
0,0.5591202790341254,0.789,0.623,0,1,COTL1
0,0.9067947659869527,0.402,0.237,0,1,TRAT1
0,1.1958121325783613,0.307,0.142,0,1,KLRC4
0,1.1726235734823622,0.321,0.157,0,1,F2R
0,0.9729720730134415,0.433,0.269,0,1,GSPT1
0,0.8096241691808295,0.495,0.333,0,1,CLEC2B
0,1.1141480531355576,0.335,0.176,0,1,LAG3
0,0.5217785422935923,0.783,0.625,0,1,SRSF7
0,0.609908383052823,0.568,0.41,0,1,PER1
0,0.6430609508365972,0.54,0.383,0,1,ITM2A
0,0.5923037561511995,0.714,0.557,0,1,LITAF
0,0.587180061104559,0.621,0.465,0,1,RASGEF1B
0,1.0583781060595798,0.35,0.195,0,1,RNF125
0,0.4817711617742577,0.958,0.803,0,1,SRGN
0,1.0016906189831232,0.404,0.25,0,1,OASL
0,0.6663489658521149,0.606,0.452,0,1,IFRD1
0,0.6876896514719819,0.505,0.353,0,1,TIGIT
0,0.48338015949860247,0.882,0.73,0,1,RP11-138I1.4
0,1.220770188504654,0.323,0.171,0,1,ITPRIP
0,0.5556624801844618,0.627,0.476,0,1,RP11-138A9.2
0,1.1227305569027257,0.32,0.171,0,1,DCTN6
0,0.6368622042664553,0.584,0.436,0,1,HSPE1
0,0.7806082143611504,0.415,0.267,0,1,IQGAP2
0,0.7366487639223829,0.473,0.325,0,1,ZEB2
0,0.6217162049553293,0.615,0.467,0,1,APOBEC3G
0,0.8490887660105091,0.382,0.235,0,1,DDX3Y
0,0.5334567086517341,0.795,0.649,0,1,JUND
0,1.386756536513211,0.253,0.107,0,1,RP11-291B21.2
0,0.43888667298946515,0.679,0.535,0,1,LCK
0,0.4904372718077854,0.587,0.443,0,1,ITK
0,0.6588628676895489,0.594,0.45,0,1,MYADM
0,0.6963339467425727,0.449,0.307,0,1,SH2D1A
0,0.5106568832147338,0.65,0.509,0,1,PARP8
0,0.8400169662601167,0.37,0.229,0,1,TBCD
0,0.9162677491150961,0.344,0.203,0,1,RALGAPA1
0,0.6085736943665818,0.541,0.401,0,1,RARRES3
0,0.8097536288923199,0.448,0.308,0,1,FAM177A1
0,0.4716188431093249,0.591,0.451,0,1,IL2RB
0,0.62704659021976,0.608,0.468,0,1,SLC38A2
0,0.5305415653099403,0.584,0.444,0,1,CD96
0,1.154099890141673,0.275,0.136,0,1,AC092580.4
0,0.8268035343257072,0.421,0.283,0,1,TOX
0,0.4347266766575899,0.839,0.702,0,1,CLK1
0,0.4295173261946701,0.936,0.8,0,1,ZFP36
0,0.4708310826881039,0.9,0.764,0,1,TSC22D3
0,0.4996892456989449,0.565,0.429,0,1,USP36
0,0.4872227281426147,0.674,0.539,0,1,HERPUD1
0,0.7301502714262256,0.451,0.316,0,1,GGA2
0,0.9635054051400834,0.402,0.268,0,1,SRRT
0,0.43545965674828757,0.971,0.837,0,1,CXCR4
0,0.49383592102572704,0.786,0.652,0,1,BTG1
0,0.8292510444445339,0.345,0.211,0,1,PDE3B
0,0.8422771294506882,0.381,0.249,0,1,IL21R
0,0.5750667956187558,0.662,0.53,0,1,RANBP2
0,0.9595237449371721,0.332,0.2,0,1,DNAJA1P3
0,0.5536361074467562,0.568,0.436,0,1,HSP90AB3P
0,0.5819484160843165,0.552,0.421,0,1,ANXA1
0,1.0842387824255741,0.303,0.172,0,1,DFNB31
0,1.1315746588164322,0.334,0.203,0,1,SNAP47
0,0.3974364282316145,0.621,0.49,0,1,HLA-DRB6
0,0.5099295574564271,0.567,0.436,0,1,ETS1
0,0.7024806654344307,0.539,0.409,0,1,HSPA1A
0,0.6454494620203718,0.474,0.345,0,1,STOM
0,0.7252777483065765,0.431,0.302,0,1,BCL2L11
0,0.606983633265633,0.46,0.332,0,1,INPP4B
0,0.49633512488622444,0.607,0.479,0,1,GNG2
0,0.4240857632391435,0.59,0.462,0,1,STAT4
0,0.8710691993051976,0.362,0.236,0,1,PPP1R16B
0,0.9098076255019011,0.383,0.257,0,1,ASXL2
0,0.34907127753309686,0.812,0.686,0,1,IFITM1
0,0.6576730900062724,0.505,0.38,0,1,ATP1B3
0,0.6838397958776062,0.464,0.339,0,1,CHORDC1
0,0.5242145315522733,0.708,0.583,0,1,POLR2A
0,0.5996123675453766,0.444,0.321,0,1,POLR3E
0,0.3603189229699786,0.865,0.742,0,1,DUSP1
0,0.4581206543239449,0.824,0.701,0,1,LDHA
0,0.8403158728098691,0.311,0.188,0,1,GPR171
0,0.33834261526561416,0.701,0.578,0,1,HLA-DRB1
0,0.8506156246517204,0.331,0.209,0,1,IPCEF1
0,0.43219283888842885,0.686,0.565,0,1,NOP58
0,0.5420869488209792,0.466,0.345,0,1,RPS4Y1
0,0.7691601867167698,0.355,0.235,0,1,NR4A3
0,0.9032052523882415,0.362,0.242,0,1,BTG3
0,0.43200194657576474,0.679,0.559,0,1,DDIT4
0,0.8571797262775142,0.296,0.177,0,1,GPR56
0,0.8774401076178108,0.281,0.163,0,1,RP11-51J9.5
0,0.4223958541230366,0.904,0.786,0,1,UBB
0,0.8432889267559799,0.333,0.216,0,1,ELL2
0,0.4864218069187296,0.663,0.546,0,1,HSPA5
0,0.4183684388140987,0.702,0.585,0,1,AKNA
0,0.8667650533422924,0.332,0.216,0,1,RP11-290L1.3
0,0.8321354362983845,0.293,0.177,0,1,MCTP2
0,0.5023136707831819,0.664,0.548,0,1,MCL1
0,0.43066154428194814,0.814,0.698,0,1,SERPINB9
0,0.49540974613177924,0.556,0.441,0,1,PDE4B
0,0.9397539440839711,0.299,0.184,0,1,MPZL3
0,0.5031347995016562,0.475,0.361,0,1,CD27
0,0.36406472213510366,0.834,0.72,0,1,PDCD4
0,0.46120242900405684,0.788,0.674,0,1,BRD2
0,0.37079369334896306,0.676,0.562,0,1,HLA-DPB1
0,0.8216928574801988,0.34,0.227,0,1,HSPA8P8
0,0.42749023919753526,0.718,0.605,0,1,SRSF2
0,0.8294546925824796,0.294,0.182,0,1,CCL3
0,0.5312480283114225,0.58,0.468,0,1,TNFRSF1B
0,0.9024680861837759,0.325,0.214,0,1,RGCC
0,0.6318780952651475,0.471,0.36,0,1,CCNH
0,0.6667177839401026,0.393,0.283,0,1,SIRPG
0,0.6557524725006774,0.428,0.318,0,1,IDI1
0,0.45121798297339066,0.622,0.512,0,1,CCND2
0,0.9980848100963504,0.263,0.154,0,1,CXCL13
0,0.8459333357650031,0.364,0.255,0,1,NAA50
0,0.3839182348098922,0.657,0.548,0,1,ARHGAP9
0,0.5995292198897275,0.478,0.369,0,1,HSPA1B
0,0.9557038730169954,0.317,0.209,0,1,KPNA2
0,0.7338003459251201,0.286,0.178,0,1,KLRG1
0,0.5323535901884178,0.477,0.369,0,1,HMGB2
0,0.5285198137451858,0.535,0.428,0,1,GBP5
0,0.36742137241593054,0.697,0.59,0,1,SLC38A1
0,0.6370754407904908,0.512,0.405,0,1,HSPA8P1
0,0.5176853825088277,0.572,0.465,0,1,NUP98
0,0.4914836046083684,0.601,0.495,0,1,DNAJB6
0,0.6401583283777098,0.412,0.306,0,1,RALGDS
0,0.7066413443131982,0.386,0.28,0,1,DEDD2
0,0.5514386679874146,0.564,0.458,0,1,HIPK1
0,0.7833367523467554,0.34,0.235,0,1,FAM129A
0,0.3941750089931948,0.893,0.789,0,1,EZR
0,0.7280069321980259,0.368,0.264,0,1,HERPUD2
0,0.9461731403402688,0.316,0.213,0,1,NEU1
0,0.3964041424889335,0.764,0.661,0,1,B4GALT1
0,0.6298115800046717,0.434,0.332,0,1,AHSA1
0,0.5751831179617601,0.46,0.359,0,1,BHLHE40
0,0.4704712161845821,0.563,0.463,0,1,LINC00152
0,0.5229824297867571,0.559,0.46,0,1,HSPD1
0,0.8158081694172821,0.299,0.2,0,1,AC003104.1
0,0.4587162761577328,0.609,0.511,0,1,EIF5
0,0.45589504212863563,0.589,0.491,0,1,SKIL
0,0.3703656923295833,0.825,0.728,0,1,APOBEC3C
0,0.3239908975099661,0.917,0.821,0,1,PPP2R5C
0,0.27279941935825436,0.801,0.706,0,1,PTPRCAP
0,0.319698574038497,0.744,0.649,0,1,CLEC2D
0,0.5543087814941726,0.573,0.478,0,1,LDHAP4
0,0.44844091870925173,0.531,0.437,0,1,HCST
0,0.30742152516847154,0.904,0.81,0,1,JUNB
0,0.39052524796171584,0.726,0.633,0,1,CD99
0,0.5029431300740066,0.471,0.379,0,1,ALOX5AP
0,0.36810948653628484,0.83,0.738,0,1,PIP4K2A
0,0.5266640193709029,0.494,0.403,0,1,H3F3C
0,0.41788735766677365,0.638,0.548,0,1,WNK1
0,0.4890155628169077,0.526,0.437,0,1,SELK
0,0.29328424255597474,0.835,0.747,0,1,CDC42SE2
0,0.3761059445353616,0.828,0.741,0,1,WIPF1
0,0.40352559850840874,0.623,0.536,0,1,CRIP1
0,0.3520992500085729,0.845,0.759,0,1,HSP90AB1
0,0.3013161273828371,0.935,0.852,0,1,TMEM66
0,0.31369342059851624,0.845,0.762,0,1,ZC3HAV1
0,0.4232420231823242,0.692,0.612,0,1,IDS
0,0.37958385003664397,0.606,0.526,0,1,GUK1
0,0.3670076025503024,0.6,0.52,0,1,ISG20
0,0.26959839296169896,0.78,0.701,0,1,ITGB2
0,0.418949648782148,0.655,0.576,0,1,STAT3
0,0.3444935976534942,0.748,0.669,0,1,PGK1
0,0.33509405060345565,0.728,0.649,0,1,AKAP13
0,0.3180831502273658,0.975,0.898,0,1,HSPA8
0,0.3728573887769464,0.736,0.659,0,1,ARF6
0,0.3333376727720696,0.777,0.701,0,1,LSP1
0,0.4314124237713759,0.576,0.506,0,1,ARL6IP1
0,0.3459852930587246,0.909,0.842,0,1,HSP90AA1
0,0.27797028064650275,0.902,0.836,0,1,KLF6
0,0.28550316063601633,0.743,0.677,0,1,CYTIP
0,0.2729059261500726,0.795,0.73,0,1,EIF4G2
0,0.27314848737834296,0.882,0.817,0,1,SRSF3
0,0.29095294612011413,0.971,0.907,0,1,UBC
0,0.29537468726941407,0.762,0.7,0,1,GNAS
0,0.278773127293527,0.751,0.694,0,1,EIF4A1
0,0.2880784937595391,0.903,0.846,0,1,TRA2A
0,0.2989910124457482,0.816,0.759,0,1,PPP1CB
0,0.2933156201849072,0.769,0.714,0,1,CALM2
0,0.2659798970430234,0.777,0.722,0,1,MSN
0,0.3330919274251265,0.816,0.761,0,1,DDX3X
0,0.25944928600332506,0.923,0.882,0,1,SMG1
0,0.5001823129283987,0.845,0.84,0,1,MTRNR2L8
0,0.31442859860799754,0.959,0.958,0,1,MTRNR2L2
2.220446049250313e-16,0.7911023242484758,0.338,0.237,8.124612094206896e-12,1,HSPA8P9
2.220446049250313e-16,0.6919062862908621,0.369,0.273,8.124612094206896e-12,1,PMAIP1
2.220446049250313e-16,0.34412996852209843,0.679,0.593,8.124612094206896e-12,1,EVL
2.220446049250313e-16,0.387644771494279,0.607,0.535,8.124612094206896e-12,1,PPP1R2
2.220446049250313e-16,0.31085798591669356,0.653,0.587,8.124612094206896e-12,1,SOD1
4.440892098500626e-16,0.7281128843119233,0.436,0.333,1.624922418841379e-11,1,TTN
4.440892098500626e-16,0.6025801168104935,0.451,0.359,1.624922418841379e-11,1,ETF1
4.440892098500626e-16,0.4666193575226719,0.566,0.483,1.624922418841379e-11,1,HNRNPUL1
4.440892098500626e-16,0.5416976345514066,0.465,0.384,1.624922418841379e-11,1,SDCBP
6.661338147750939e-16,0.7114834009183725,0.368,0.265,2.4373836282620687e-11,1,EZH2
6.661338147750939e-16,0.721610091616685,0.283,0.181,2.4373836282620687e-11,1,TRGC1
6.661338147750939e-16,0.36513909475668993,0.639,0.542,2.4373836282620687e-11,1,ARID4B
6.661338147750939e-16,0.6321634790386221,0.447,0.36,2.4373836282620687e-11,1,AMD1
8.881784197001252e-16,0.7341163495133897,0.358,0.263,3.249844837682758e-11,1,ZBTB1
2.220446049250313e-15,0.7692301938736517,0.314,0.222,8.124612094206896e-11,1,TGIF1
2.220446049250313e-15,0.3530162234178029,0.655,0.568,8.124612094206896e-11,1,RGPD5
2.4424906541753444e-15,0.9112900355647953,0.253,0.163,8.937073303627585e-11,1,MCOLN2
2.6645352591003757e-15,0.5086889360040063,0.487,0.39,9.749534513048275e-11,1,MAPRE2
2.6645352591003757e-15,0.5802683936077403,0.418,0.321,9.749534513048275e-11,1,RP11-138A9.1
3.1086244689504383e-15,0.42034737105165454,0.549,0.484,1.1374456931889654e-10,1,GAPDHP1
3.9968028886505635e-15,0.7763026489150209,0.299,0.203,1.4624301769572412e-10,1,HSPA8P5
5.3290705182007514e-15,0.7009121483217132,0.303,0.203,1.949906902609655e-10,1,THEMIS
9.547918011776346e-15,0.5471850728488803,0.363,0.25,3.493583200508965e-10,1,TC2N
9.547918011776346e-15,0.8207501559218985,0.257,0.169,3.493583200508965e-10,1,MRPL10
1.2878587085651816e-14,0.45714368895066193,0.482,0.367,4.712275014639999e-10,1,CD6
1.4876988529977098e-14,0.48177627786725863,0.513,0.421,5.44349010311862e-10,1,SPTAN1
1.554312234475219e-14,0.7762561799815797,0.315,0.225,5.687228465944827e-10,1,HSPD1P1
1.5765166949677223e-14,0.29691594099309415,0.647,0.564,5.768474586886896e-10,1,HLA-DPA1
1.7985612998927536e-14,0.40614702812586434,0.565,0.491,6.580935796307585e-10,1,ELF1
1.9317880628477724e-14,0.37912513741708986,0.537,0.472,7.068412521959999e-10,1,H2AFZ
2.4868995751603507e-14,0.5361403273442473,0.434,0.347,9.099565545511723e-10,1,PPP2CA
3.019806626980426e-14,0.3528470619031385,0.65,0.594,1.1049472448121378e-9,1,CTD-2547E10.2
3.197442310920451e-14,0.554965764360524,0.389,0.282,1.169944141565793e-9,1,MIAT
3.397282455352979e-14,0.5427532489529749,0.397,0.309,1.243065650413655e-9,1,PSTPIP1
3.597122599785507e-14,0.7266370133061492,0.306,0.221,1.316187159261517e-9,1,CHST12
3.68594044175552e-14,0.5818326053287715,0.401,0.304,1.3486856076383447e-9,1,DUSP10
4.063416270128073e-14,0.8451435453421059,0.251,0.164,1.4868040132398619e-9,1,ABCA2
4.9960036108132044e-14,0.6740783915694556,0.327,0.238,1.8280377211965515e-9,1,SERTAD1
5.684341886080802e-14,0.5805410990078876,0.413,0.326,2.0799006961169653e-9,1,CSRNP1
7.882583474838611e-14,0.43882711542046504,0.52,0.437,2.884237293443448e-9,1,SLC20A1
8.881784197001252e-14,0.3310221961136095,0.624,0.554,3.2498448376827582e-9,1,C16orf54
9.592326932761353e-14,0.6933236368907076,0.339,0.252,3.509832424697379e-9,1,ZC3H12A
9.681144774731365e-14,0.3605925717146763,0.586,0.491,3.5423308730742065e-9,1,ITGA4
9.769962616701378e-14,0.44278987304506345,0.508,0.442,3.574829321451034e-9,1,GBP2
1.0413891970983968e-13,0.8199666276597183,0.251,0.167,3.810443072183034e-9,1,OAT
1.0791367799356522e-13,0.6513867991441864,0.359,0.273,3.948561477784551e-9,1,LDHAP3
1.141309269314661e-13,0.3105981416054526,0.626,0.561,4.176050616422344e-9,1,CNN2
1.3944401189291966e-13,0.3799336036992811,0.579,0.49,5.1022563951619304e-09,1,ARID5B
1.4654943925052066e-13,0.7082833686097657,0.262,0.173,5.362243982176551e-9,1,GZMM
1.5165646516379638e-13,0.6044719752655761,0.392,0.31,5.54911006034331e-9,1,LDHAP7
1.758593271006248e-13,0.5161321047143795,0.436,0.346,6.434692778611861e-9,1,PTGER4
2.462474668618597e-13,0.3826375305877925,0.56,0.479,9.010194812475447e-9,1,BTG2
3.4994229736184934e-13,0.6644824002169912,0.378,0.291,1.2804388660470067e-8,1,AC016831.7
3.5926817076870066e-13,0.6231437295778425,0.372,0.286,1.3145622368426757e-8,1,GALM
3.723688024592775e-13,0.6417281938396355,0.275,0.183,1.3624974481984964e-8,1,NELL2
4.658495811327157e-13,0.6416764112050208,0.362,0.271,1.7045436173646067e-8,1,RSBN1
6.94777568810423e-13,0.5416094638542571,0.419,0.354,2.5421911242773376e-8,1,STIP1
6.94777568810423e-13,0.2569505540721946,0.739,0.709,2.5421911242773376e-8,1,WTAP
8.790745908981989e-13,0.6462122537231533,0.32,0.229,3.21653392809651e-8,1,GATA3
1.2998491172311333e-12,0.7262080740626049,0.297,0.217,4.7561479199487167e-8,1,AHI1
1.3309353619206377e-12,0.2799857614381911,0.632,0.59,4.869892489267613e-8,1,TAP1
1.5272227926743653e-12,0.40235735111714666,0.563,0.484,5.588108198395503e-8,1,CHD1
1.609823385706477e-12,0.37472411300928465,0.54,0.448,5.890343768299999e-8,1,LBH
1.7741363933510002e-12,0.5545626481818178,0.334,0.238,6.49156506327131e-8,1,PDE7A
2.0314860904591114e-12,0.3365433231603985,0.54,0.481,7.433207604989889e-8,1,CTSD
2.169597834722481e-12,0.2924933142252999,0.656,0.579,7.938558477249558e-8,1,BIRC3
2.241318242113266e-12,0.639884605145097,0.336,0.254,8.20098344789244e-8,1,RP11-676M6.1
2.6996183066785306e-12,0.6926639337086231,0.322,0.244,9.877903384136744e-8,1,IRF4
2.7284841053187847e-12,0.6061297029416775,0.268,0.178,9.983523341361433e-8,1,A2M
2.8488322811881517e-12,0.25410256013039345,0.731,0.698,1.0423877316867447e-7,1,CFLAR
2.9674041002181184e-12,0.6396811149247437,0.344,0.264,1.0857731602698095e-7,1,AKIRIN1
2.9840574455874957e-12,0.6077990901582357,0.272,0.181,1.0918666193404647e-7,1,GNLY
3.666844605731967e-12,0.3906343512210655,0.522,0.45,1.3416984412373267e-7,1,NAP1L4
3.79229980751461e-12,0.3077482363952133,0.631,0.55,1.3876024995695957e-7,1,KIAA1551
3.8407055313882665e-12,0.3574232644952653,0.525,0.474,1.4053141539349667e-7,1,RBM8A
4.382050278195493e-12,0.2727836072725782,0.662,0.599,1.6033921967917308e-7,1,FLNA
6.91335877434085e-12,0.2871584978478312,0.643,0.588,2.529597975531317e-7,1,RNF149
7.873479646036685e-12,0.4035243893890005,0.488,0.404,2.880906202484823e-7,1,OPTN
8.935741035998035e-12,0.5117484601999358,0.368,0.276,3.269587645071681e-7,1,SLFN12L
9.308109838457312e-12,0.6928321109637606,0.285,0.202,3.4058373898915306e-7,1,TRERF1
9.82702808016711e-12,0.8036737784593981,0.256,0.184,3.595709574533146e-7,1,CMC1
1.007638417149792e-11,0.42103964286640605,0.479,0.422,3.686948968351089e-7,1,MAP1LC3B
1.0203837774724889e-11,0.7678022214269601,0.281,0.204,3.733584241771837e-7,1,BANP
1.48858703141741e-11,0.3473933451390616,0.579,0.509,5.446739947956303e-7,1,GPBP1
1.490052525809915e-11,0.5167788418945293,0.424,0.346,5.452102191938479e-7,1,GTPBP1
1.5274004283583054e-11,0.560238239331087,0.322,0.231,5.588758167363039e-7,1,CCSER2
1.5597967362168674e-11,0.39221438601553116,0.494,0.399,5.707296257817518e-7,1,AC104698.1
1.630118262596625e-11,0.28581718600664474,0.647,0.532,5.96460272284105e-7,1,HLA-DRB5
2.0715651416480796e-11,0.738028744065655,0.307,0.23,7.579856853290323e-7,1,RMND5A
2.096878226609533e-11,0.3883477304865328,0.504,0.436,7.672477431164282e-7,1,BUB3
2.1217028134401517e-11,0.5062508161946986,0.358,0.266,7.763310594377515e-7,1,ATHL1
2.325561965221823e-11,0.3046792670762035,0.602,0.495,8.50923123074665e-7,1,ZAP70
2.5832669336978142e-11,0.2513555309908313,0.627,0.589,9.452173710400302e-7,1,SUB1
2.754485528555506e-11,0.4313355927830991,0.473,0.397,1.0078662548984596e-6,1,SUN2
2.931321851917801e-11,0.5607110110927156,0.36,0.283,1.0725706656167233e-6,1,SLAMF7
3.696443151568474e-11,0.4085272995522684,0.516,0.456,1.3525285491589045e-6,1,TUBA1A
6.617817405185633e-11,0.5062076287260102,0.401,0.327,2.421459388557423e-6,1,EMD
9.432388203833852e-11,0.4414966575639222,0.454,0.399,3.4513108437828066e-6,1,SURF4
9.668177369803743e-11,0.5093673904682169,0.382,0.305,3.5375860996111896e-6,1,USP11
1.067461674608694e-10,0.4388921606921963,0.48,0.419,3.905842267393211e-6,1,PTP4A1
1.2239342872533143e-10,0.48186145644037237,0.396,0.33,4.478375557059877e-6,1,DOK2
1.3343570692825324e-10,0.4173712491591659,0.409,0.31,4.882412516504786e-6,1,BCL11B
1.4395196146210765e-10,0.31863947987582564,0.586,0.525,5.267202269898519e-6,1,ITGAL
1.4629275568722733e-10,0.31188288374587314,0.526,0.491,5.352851930595648e-6,1,PARK7
1.8412049662686059e-10,0.7825724267140339,0.271,0.201,6.736968971576829e-6,1,RP11-153M3.1
2.2652724140925784e-10,0.41837448796996246,0.476,0.395,8.288631763164744e-6,1,MORF4L2
2.3653856651151273e-10,0.5929778519058043,0.319,0.237,8.65494614865625e-6,1,ATP8A1
2.404341170603175e-10,0.6785961683337751,0.267,0.195,8.797484343237016e-6,1,FAM118A
3.3332314686163045e-10,0.4342965452360101,0.528,0.447,1.2196293943667058e-5,1,ATXN7
3.670277415324108e-10,0.31056897351603485,0.585,0.502,1.3429545062670911e-5,1,RP11-75L1.2
3.843014795279487e-10,0.5731006012144076,0.33,0.261,1.4061591135927642e-5,1,CMC2
4.696971700468566e-10,0.7571803470622318,0.262,0.193,1.7186219452014484e-5,1,STAT5A
5.130367242145439e-10,0.61524168512920685,0.295,0.219,1.8772013739010163e-5,1,STAT5B
5.974145622644755e-10,0.4199580675413793,0.413,0.335,2.185939883325716e-5,1,PYHIN1
6.459264234592865e-10,0.5596935206736635,0.385,0.32,2.3634447834375294e-5,1,SYAP1
7.295721804467803e-10,0.8756723815661124,0.273,0.216,2.669504608254769e-5,1,GOLIM4
8.147749142040084e-10,0.26421108234887547,0.585,0.534,2.9812614110724667e-5,1,LY6E
8.671225959488993e-10,0.4695677888450387,0.425,0.368,3.1728015785770225e-5,1,ZFAND5
1.2478591493447766e-9,0.2770072014997539,0.512,0.411,4.5659166274525376e-5,1,MTND4P12
1.3831884526638305e-9,0.5155385853543035,0.307,0.229,5.061086548296956e-5,1,SAMD3
1.4863281716515075e-9,0.4776488497263712,0.402,0.348,5.438474780072866e-5,1,MAP1LC3B2
1.6361192400893287e-9,0.27464549731618826,0.631,0.543,5.986560299486854e-5,1,CD69
1.842602737056609e-9,0.41112719165270684,0.444,0.405,6.742083414890132e-5,1,CYCS
1.9538324291801246e-9,0.28060665052942,0.608,0.574,7.149072858370076e-5,1,ETNK1
2.2657851150853503e-9,0.6117201403403432,0.281,0.209,8.290507736097297e-5,1,UTY
2.5234703215915033e-9,0.4874254906582317,0.359,0.28,9.23337790670331e-5,1,ARAP2
2.567585033474984e-9,0.4838839053452859,0.382,0.31,9.394793637484966e-5,1,DHX36
2.762852613358291e-9,0.30038810485859146,0.592,0.533,1.0109277712277986e-4,1,SERINC1
3.277351501296266e-9,0.6933530524776798,0.251,0.181,1.1991829143243038e-4,1,RGPD2
3.549070815012101e-9,0.7342627121459737,0.25,0.189,1.2986050112129277e-4,1,PDCL3
3.6726846008861003e-9,0.3879635528471534,0.465,0.42,1.343835295464224e-4,1,GAPDHP65
4.073979154028962e-9,0.5365513559669425,0.268,0.194,1.490668972459197e-4,1,TSEN54
4.382055385221406e-9,0.5229816657165254,0.367,0.315,1.6033940654525125e-4,1,HSPB1
4.465058101033037e-9,0.6416317544216104,0.323,0.267,1.6337647591679882e-4,1,ENTPD1
4.694466371191197e-9,0.5206034713751486,0.351,0.278,1.717705245218859e-4,1,TP53INP1
5.043300221885261e-9,0.3287560280785191,0.497,0.43,1.845343551187817e-4,1,DDX24
6.3500047442488494e-9,0.28578525274090916,0.626,0.57,2.323466735920654e-4,1,RP11-347P5.1
6.418563236465502e-9,0.5368399134760289,0.39,0.331,2.3485522882227272e-4,1,PAG1
7.528342171880809e-9,0.3997086848119594,0.421,0.349,2.754620400691188e-4,1,ARL4C
8.483343583165492e-9,0.4636944996721898,0.358,0.284,3.1040554170802537e-4,1,PVRIG
9.369254039270913e-9,0.36937097939758634,0.487,0.441,3.428210052969227e-4,1,IVNS1ABP
9.61257939913196e-9,0.457332147265033,0.329,0.253,3.517242802142384e-4,1,LRMP
1.0073604839178074e-8,0.3489761807675096,0.475,0.422,3.6859320106552573e-4,1,UBE2B
1.0132332972645486e-8,0.6051317568468264,0.279,0.212,3.707420634690983e-4,1,TMX4
1.0338247591334948e-8,0.7509146533644071,0.255,0.189,3.7827647936694575e-4,1,RGPD1
1.2273893235104083e-8,0.5177180387608241,0.35,0.289,4.491017534724584e-4,1,RHBDD2
1.2513150071669088e-8,0.5981958003175695,0.3,0.24,4.5785616112237193e-4,1,PAF1
1.3353299577190114e-8,0.4966751156148428,0.334,0.269,4.885972315293863e-4,1,AMICA1
1.3554615652111579e-8,0.31138492765979353,0.533,0.494,4.959633867107627e-4,1,SQSTM1
1.429589779888829e-8,0.31759086450834173,0.522,0.482,5.230869004613226e-4,1,ATP6V0C
1.5531997243911633e-8,0.5964871407682423,0.279,0.215,5.683157791547266e-4,1,TERF2IP
1.569338081708338e-8,0.40350273608516607,0.473,0.414,5.742208040970809e-4,1,BTN3A1
1.8238876187126607e-8,0.37940682169325624,0.428,0.392,6.673604796869625e-4,1,ANXA5
1.8642141164093573e-8,0.5023579314438031,0.291,0.219,6.821159451941838e-4,1,HLA-V
2.1561976426553997e-8,0.5344095136323954,0.333,0.277,7.889527174476108e-4,1,GTF2B
3.0654029758991896e-8,0.6160076878142827,0.252,0.188,0.0011216309488815135,1,TRPS1
3.383538893508842e-8,0.5639274389799085,0.311,0.249,0.0012380368811348852,1,PPP1R2P3
3.867198072882161e-8,0.3722383056918297,0.433,0.363,0.0014150077748675827,1,IKZF3
3.867878328733809e-8,0.44202962872534857,0.378,0.301,0.0014152566804837008,1,SIK1
3.972916329253451e-8,0.3625687669796568,0.445,0.381,0.0014536900848738377,1,SLC9A3R1
3.985517782467696e-8,0.3894228143959707,0.447,0.375,0.0014583009566049299,1,RGPD6
4.151526522555571e-8,0.25843404871991904,0.574,0.54,0.0015190435546030834,1,PTGES3
4.553299026710533e-8,0.42195269494918525,0.381,0.314,0.0016660521138733841,1,LPIN1
4.8495765181399975e-8,0.45748075301436286,0.399,0.337,0.001774460047987425,1,IL6ST
4.944924536509632e-8,0.5948468566036769,0.36,0.302,0.0018093478879088742,1,HSPA4
5.715972850595108e-8,0.47201041677192423,0.394,0.349,0.00209147446603275,1,SLMO2
7.370173182863482e-8,0.4324962899350424,0.377,0.325,0.002696746367609748,1,EIF4A3
8.074053270412662e-8,0.5777089287581423,0.263,0.201,0.002954296091643993,1,ARHGAP26
8.20159884451499e-8,0.6198227508810298,0.263,0.21,0.003000965017208035,1,CKS2
8.351090619029833e-8,0.44455685075215373,0.407,0.357,0.003055664057503016,1,EIF4A1P10
9.208781492908713e-8,0.5619744002795665,0.281,0.217,0.003369493148255298,1,HMGCS1
9.750301566135988e-8,0.46921640785044283,0.356,0.29,0.003567635343049158,1,AIM1
1.0764385094397255e-7,0.49956508863514537,0.287,0.223,0.003938688506039956,1,FCRL3
1.121562620554073e-7,0.3663088594177627,0.388,0.346,0.004103797628607353,1,MT2A
1.1622529805244142e-7,0.4629353328002386,0.33,0.262,0.0042526836557388314,1,HCG18
1.34924606820519e-7,0.3404547842316974,0.468,0.433,0.00493689136356279,1,TANK
1.515006615715464e-7,0.5636820288089579,0.279,0.222,0.005543409206902883,1,PAM
1.7188203438323058e-7,0.4225647436437132,0.43,0.385,0.006289163638082407,1,FKBP5
1.842988579525695e-7,0.41466113038110014,0.4,0.338,0.006743495212484518,1,TSC22D2
1.9191954780950482e-7,0.25006011352396795,0.561,0.503,0.007022336254349781,1,CNOT2
2.794292761620909e-7,0.3461637238240445,0.442,0.394,0.010224317214770906,1,ARID5A
3.079274264461418e-7,0.6207118918391868,0.271,0.223,0.011267064533664328,1,FABP5
3.362889891000975e-7,0.3341806158711908,0.445,0.376,0.012304814111172568,1,RP11-94L15.2
3.5807093112794064e-7,0.45331539733783227,0.321,0.265,0.013101815369971348,1,CXCR3
3.6458594432353664e-7,0.48827625922111284,0.32,0.262,0.013340199702798206,1,HBP1
3.66893146086511e-7,0.5604138054954474,0.265,0.21,0.013424620215305438,1,CCR5
4.053930551251028e-7,0.6034666634618924,0.269,0.21,0.014833331887027512,1,RP11-345J4.8
4.4706134327832103e-7,0.48742611661342283,0.312,0.248,0.016357974550553767,1,NFATC2
4.6005693565831507e-7,0.4525982409282636,0.332,0.277,0.01683348327573775,1,PLIN2
4.626260428075568e-7,0.34994797647134446,0.467,0.424,0.016927486906328504,1,SFPQ
4.650532594574486e-7,0.5722772963616602,0.251,0.194,0.017016298763548043,1,MOB4
5.020833129254498e-7,0.3120318963843096,0.501,0.454,0.01837122841994221,1,RABGAP1L
5.244411582783215e-7,0.461825286782257,0.35,0.303,0.019189301981403784,1,MTHFD2
5.427822458159426e-7,0.37294442352724655,0.423,0.393,0.01986040237440534,1,CACYBP
5.623853971403747e-7,0.6107535619762915,0.301,0.243,0.02057768168136631,1,RLF
7.057654243247669e-7,0.35493075244058847,0.445,0.39,0.02582395687604322,1,WHSC1L1
7.137223578812524e-7,0.271858235186339,0.513,0.435,0.026115101074875025,1,PIK3IP1
8.54029636787601e-7,0.5350899691590236,0.311,0.26,0.03124894441005832,1,HIAT1
9.081371008523575e-7,0.31576732436957866,0.447,0.399,0.03322873652018776,1,PTPN7
9.266623719472733e-7,0.4718575065687573,0.303,0.244,0.03390657618955073,1,ICOS
9.275552637078022e-7,0.5281677382054172,0.309,0.264,0.03393924709906848,1,AKIRIN2
9.458041798637851e-7,0.2668410985527576,0.298,0.228,0.034606974941215896,1,EMR2
9.492400263599876e-7,0.4000544550441836,0.381,0.346,0.03473269256451195,1,CDK2AP2
1.0483723222876051e-6,0.28927061685580324,0.51,0.472,0.03835994327250347,1,MED15
1.186717547785321e-6,0.4677920422326486,0.331,0.282,0.04342199507346489,1,CD38
1.242314850991022e-6,0.29585890375045665,0.454,0.398,0.045456300397761495,1,CD247
1.3741846063286545e-6,0.5788610493404187,0.25,0.199,0.05028141474556547,1,RP11-1136G11.6
1.6674616809542187e-6,0.2967041664750987,0.54,0.487,0.06101242290611486,1,RP11-347C12.2
1.771608879597153e-6,0.516285514992852,0.33,0.286,0.06482316890445983,1,RP11-466P24.2
1.9012853298416843e-6,0.29485854015844914,0.488,0.439,0.06956803021890723,1,RSRC2
1.9278043179582482e-6,0.4344465791146746,0.379,0.327,0.0705383599940923,1,APOL6
2.33508007818628e-6,0.2915745858897034,0.473,0.423,0.08544058006083599,1,TFRC
2.34874567639487e-6,0.4208322989504669,0.369,0.313,0.08594060429928829,1,GLS
2.3706339749018923e-6,0.5426448884467117,0.26,0.211,0.08674149714166024,1,CACYBPP2
2.409844955142404e-6,0.42847416170000124,0.331,0.278,0.08817622690866056,1,NDEL1
2.46402552583902e-6,0.4949577438961531,0.292,0.231,0.09015869399044973,1,NUDT4
2.7575944676616615e-6,0.26127119563956613,0.537,0.498,0.1009003815717402,1,SH3KBP1
3.4249046216849877e-6,0.43355572643864837,0.338,0.281,0.1253172601074537,1,HSP90AB2P
3.4635282311068494e-6,0.425179948336994,0.408,0.365,0.12673049797619962,1,STARD7
3.509511099952789e-6,0.34333055830697956,0.421,0.396,0.12841301114727255,1,RP11-274E7.2
3.581106173822235e-6,0.3103465796268644,0.48,0.439,0.13103267490015558,1,PPP1R12A
3.828080342938023e-6,0.2914125653542152,0.486,0.469,0.14006945974810225,1,RAP1B
4.227335369755281e-6,0.46307818288628116,0.35,0.298,0.15467820117934572,1,COQ10B
4.374921261041109e-6,0.5259394273255977,0.268,0.219,0.1600783689414942,1,PGK1P2
4.471935557859297e-6,0.49173073413280277,0.295,0.238,0.16362812206207167,1,MSL2
4.712093257364103e-6,0.3513207904519395,0.32,0.254,0.17241549228695252,1,MFSD11
4.801408825194642e-6,0.48315193746705914,0.324,0.268,0.17568354891387195,1,UHRF2
5.4699426492721415e-6,0.39980414419606236,0.345,0.292,0.20014520153686766,1,MIR29B1
5.843928803317411e-6,0.47471196625767503,0.306,0.254,0.21382935491338406,1,ERN1
6.341878353133268e-6,0.2509897673398489,0.492,0.455,0.23204932894114627,1,AC011558.5
6.72052309536042e-6,0.5110201898751555,0.334,0.293,0.24590394005923777,1,MEF2D
6.74487211571595e-6,0.4624377525153385,0.281,0.23,0.2467948707140466,1,CHIC2
7.151553646833619e-6,0.5535112789482011,0.266,0.214,0.26167534793764213,1,FUT8
7.368514360672762e-6,0.2677553667601247,0.448,0.425,0.26961394045701637,1,ISG15
7.399755148629339e-6,0.3360238809213142,0.425,0.374,0.2707570408883475,1,ATP2B4
7.599708931937954e-6,0.34994747560560363,0.368,0.311,0.27807334981960974,1,RP11-356I2.4
7.711220795458829e-6,0.5072228313628062,0.283,0.236,0.28215356890583854,1,KIAA1191
7.862911731049138e-6,0.3505159890016719,0.466,0.427,0.28770394023908796,1,REL
7.863472727853704e-6,0.4086427936225707,0.312,0.258,0.28772446711216704,1,TRIM59
8.206084481487963e-6,0.36236858397223926,0.337,0.284,0.30026063117764457,1,LIME1
8.700062766209271e-6,0.5703686423567461,0.256,0.209,0.31833529661559723,1,PIM3
8.813579831068452e-6,0.28306379329287085,0.517,0.475,0.32248888601879466,1,HLA-K
8.876573562188739e-6,0.35749723581723813,0.361,0.302,0.32479382664048595,1,SMARCA2
9.08628125384503e-6,0.42058577744553566,0.338,0.285,0.33246703107818965,1,RASAL3
9.276617283893174e-6,0.3293413656867249,0.442,0.408,0.3394314264176512,1,RAB1B
9.471273209493702e-6,0.3243232479991567,0.417,0.387,0.34655388673537457,1,MRFAP1
1.0366905152769945e-5,0.4153632646908263,0.34,0.306,0.3793250595398523,1,IDH2
1.2922151834127149e-5,0.4541835553973864,0.296,0.248,0.4728215356107124,1,LMNA
1.3148862689771335e-5,0.4620472448987866,0.264,0.21,0.48111688581873313,1,ABCC1
1.44819159253462e-5,0.3529214352752711,0.377,0.339,0.5298933037084175,1,STRAP
1.6060754479463313e-5,0.30308571001690743,0.5,0.474,0.5876630064035626,1,DR1
1.612619124835568e-5,0.2505475042825325,0.476,0.45,0.5900573377773344,1,RP11-673C5.1
1.6462019307050824e-5,0.3548190711988837,0.408,0.391,0.6023452864449896,1,TCP1
1.751996666254918e-5,0.3972953045215761,0.351,0.302,0.6410555801826745,1,PLEKHA2
1.849296411116086e-5,0.31194643553559487,0.431,0.395,0.6766575568273758,1,NAMPT
2.163311147040936e-5,0.32288509093462675,0.317,0.258,0.7915555487022785,1,SCML4
2.283805741365441e-5,0.4714181266469714,0.294,0.25,0.8356445207656149,1,DNTTIP2
2.3966502622485564e-5,0.2770989344253272,0.451,0.433,0.8769343309567468,1,CHP1
2.4199263395141557e-5,0.45934304419318006,0.269,0.22,0.8854510476282296,1,SIRT2
2.805584493814628e-5,0.4073058283500003,0.32,0.278,1,1,NOP56
2.8194305800255393e-5,0.30811729991060455,0.413,0.373,1,1,MIR24-2
2.9310210972965933e-5,0.31118065285308405,0.419,0.374,1,1,DDX27
2.9860386878466372e-5,0.3239934357916936,0.413,0.388,1,1,TUBB4B
3.0190373331073772e-5,0.3393467206327016,0.387,0.336,1,1,DYNC1H1
3.627962996333167e-5,0.38981771736998067,0.319,0.27,1,1,RASGRP1
4.545678411793652e-5,0.2845353493332383,0.429,0.389,1,1,NASP
4.555276163897837e-5,0.3617060414787235,0.346,0.299,1,1,CD84
4.768834534729649e-5,0.27920426073937366,0.426,0.385,1,1,RNF166
5.146195704130996e-5,0.3117711691018661,0.448,0.43,1,1,ELOVL5
5.175435373017123e-5,0.4701772839049066,0.276,0.236,1,1,HCP5
5.9744220766821954e-5,0.34428729716740936,0.327,0.274,1,1,RGPD8
6.0494729009930026e-5,0.3141425661900613,0.404,0.367,1,1,RNF10
6.259472403558064e-5,0.281324910761783,0.445,0.421,1,1,RBPJ
6.314211793512214e-5,0.4645790274937792,0.259,0.213,1,1,LPIN2
6.754861378754917e-5,0.3177155289169571,0.46,0.419,1,1,PREX1
7.398689259230373e-5,0.3606544267220871,0.305,0.261,1,1,RP4-583P15.14
9.054168280653307e-5,0.49570085821345616,0.272,0.234,1,1,CYP51A1
1.2040163569215778e-4,0.31009036924865696,0.372,0.327,1,1,MKNK2
1.3248696893741752e-4,0.2605333311454674,0.426,0.382,1,1,SKAP1
0.00013523460557718359,0.29157837322387925,0.442,0.421,1,1,PAPOLA
1.390168910302414e-4,0.46564740602220256,0.279,0.246,1,1,UBE2A
1.4510441484016923e-4,0.31279225599387583,0.413,0.4,1,1,TMEM50A
1.5714205841743656e-4,0.333476663032566,0.329,0.286,1,1,RP3-508I15.18
1.6629025349068627e-4,0.44282250704135306,0.261,0.221,1,1,ABI3
1.6974820908699506e-4,0.42091124268695246,0.292,0.25,1,1,TMF1
1.7077990596692239e-4,0.4781472546573895,0.251,0.215,1,1,RP11-516A11.1
1.820490697868049e-4,0.46283707662298185,0.271,0.231,1,1,TOB2
1.89072673184576e-4,0.26395266814593477,0.433,0.397,1,1,SNHG12
1.9245186615002297e-4,0.42033126719514535,0.253,0.212,1,1,MIR3615
1.92927096922757e-4,0.2639417083821486,0.451,0.425,1,1,HNRNPKP4
1.985277302489763e-4,0.32249357340337875,0.404,0.356,1,1,TUBA1C
2.08557033416934e-4,0.2894539069056381,0.371,0.332,1,1,EEF1DP1
2.1061126099919392e-4,0.3637498468912626,0.316,0.278,1,1,RP11-599B13.6
2.2673328250499836e-4,0.25137291088681146,0.455,0.438,1,1,TAX1BP1
2.818851717338866e-4,0.4148494749734332,0.279,0.238,1,1,CASC7
3.0103516583701584e-4,0.40805410142954435,0.368,0.34,1,1,SMARCA5
3.08850431619323e-4,0.3170079783951676,0.379,0.354,1,1,RBM4
3.492796524511288e-4,0.43039892578884986,0.262,0.228,1,1,INSIG1
3.6638123792887e-4,0.34960317557369314,0.295,0.254,1,1,MLLT3
4.60299311931589e-4,0.39901651178846126,0.279,0.244,1,1,SNHG16
4.739423045918567e-4,0.4008994865729692,0.289,0.25,1,1,PRKCQ
5.52543603561384e-4,0.3259850273128995,0.379,0.35,1,1,RP11-345J4.5
6.047562465516521e-4,0.3279857114735959,0.338,0.318,1,1,DYNLL1
6.578966609778192e-4,0.37856560071152034,0.287,0.245,1,1,BCAS4
6.817527980140792e-4,0.25798148709552327,0.431,0.423,1,1,YWHAQ
7.062281059360132e-4,0.36186745508722507,0.325,0.287,1,1,FAM53B
7.217710585090131e-4,0.3488011220510867,0.368,0.339,1,1,PNRC1
7.241995121625155e-4,0.36218156073313273,0.398,0.366,1,1,KDM6B
8.051096130496926e-4,0.2545348387895441,0.423,0.409,1,1,BZW1
9.176853998158485e-4,0.25459554182135347,0.374,0.352,1,1,RABAC1
9.40065559217329e-4,0.2613422062109876,0.384,0.347,1,1,NR3C1
0.001012067448618481,0.2843615801078656,0.404,0.38,1,1,PTP4A2
0.0011158751433835157,0.2920495906516084,0.396,0.371,1,1,ACTN4
0.0013873297469686463,0.40660162163206215,0.275,0.24,1,1,RP11-296I10.6
0.0014085724886176987,0.36728368020322777,0.286,0.254,1,1,SEC14L1
0.0014105577254377444,0.2591680878082139,0.413,0.395,1,1,CAPN2
0.0015232054790825789,0.3163980372040649,0.289,0.255,1,1,ST6GALNAC6
0.0015385832026499902,0.35455678768856524,0.26,0.227,1,1,C5orf56
0.001648398647557503,0.48723474658626276,0.263,0.231,1,1,RP11-373L24.1
0.0016669579606065632,0.2709573987418752,0.392,0.379,1,1,CLDND1
0.0019085754795793441,0.3709471492111668,0.276,0.246,1,1,BIRC2
0.0020604073960939218,0.37502415643480874,0.263,0.232,1,1,CDK17
0.0022001295767610785,0.4033723874119802,0.277,0.243,1,1,MAN2A1
0.0022205012925236023,0.3854968222821677,0.283,0.253,1,1,ADSS
0.002247608365954612,0.37513630552291244,0.318,0.298,1,1,RAB8B
0.002255979348086967,0.35360414571923837,0.311,0.286,1,1,FGFR1OP2
0.002264882889727593,0.36268101392060936,0.27,0.237,1,1,ZBTB38
0.002277618900202727,0.4272570403643571,0.269,0.238,1,1,NIN
0.0023953173415933726,0.3265295943159823,0.329,0.303,1,1,CSNK1D
0.0024161063487160295,0.2805492282013089,0.373,0.345,1,1,SMAP2
0.0024472993847568514,0.31729648088971407,0.36,0.334,1,1,SBDS
0.0025279086275924456,0.3226738312364279,0.293,0.264,1,1,BCAS2
0.002532042970486259,0.3412715888904446,0.313,0.281,1,1,MSI2
0.0026452878811382696,0.29977523858165034,0.359,0.355,1,1,REEP5
0.0028455546340675486,0.40724369036595015,0.289,0.259,1,1,NCOA2
0.0028935017781190897,0.2533616101820322,0.405,0.386,1,1,G3BP2
0.0031422853600151512,0.2766526514628842,0.355,0.33,1,1,RBM12
0.003314341490843198,0.27131953065264847,0.251,0.214,1,1,RP11-761N21.2
0.003317196266533262,0.2527395788813745,0.406,0.405,1,1,PSME2P2
0.003426622516484068,0.27506721574617443,0.352,0.335,1,1,CCT6A
0.003478660341036832,0.3694746474546673,0.254,0.223,1,1,HNRNPKP2
0.003649871445061681,0.43795170590666116,0.26,0.237,1,1,CDK6
0.004307657606017035,0.2747141201912987,0.392,0.374,1,1,SDHA
0.00440988546527854,0.30811629078687564,0.31,0.294,1,1,BUD31
0.004487771321859846,0.3682352415509179,0.271,0.245,1,1,SLC25A32
0.004570252888625781,0.3938744163594479,0.266,0.235,1,1,ST3GAL5
0.004612882105219374,0.2876723571948705,0.305,0.275,1,1,EPC1
0.006085404185854459,0.3552789150916065,0.308,0.285,1,1,GOLGB1
0.006247585181975435,0.32515244339529703,0.262,0.231,1,1,TMEM43
0.006336093282254929,0.2534174536552485,0.375,0.367,1,1,TPI1P1
0.006591945856099457,0.33019585442420607,0.268,0.239,1,1,DGKZ
0.006654403759153382,0.29724663737372625,0.338,0.319,1,1,ADNP
0.006689221790514788,0.2512567216053111,0.351,0.322,1,1,SPATA13
0.006697735276881112,0.3607286235323155,0.265,0.238,1,1,MXD1
0.00692424882817777,0.3457663450379467,0.251,0.225,1,1,NGRN
0.008065186096461341,0.2900526336633309,0.303,0.275,1,1,CD28
0.0084178714481562,0.3544242103045104,0.272,0.26,1,1,HN1
0.008768078001988533,0.3430231159937941,0.25,0.223,1,1,C10orf118
0.009949578976981455,0.3121500579978913,0.252,0.231,1,1,SUMO2P1
0,1.9238769134248046,0.661,0.239,0,2,TCF7
0,1.4131767292037587,0.654,0.3,0,2,IL7R
0,1.3326693129713942,0.602,0.311,0,2,GIMAP5
0,1.6688434530711491,0.461,0.187,0,2,LINC00861
0,1.2633930460951568,0.553,0.292,0,2,XIST
0,1.2840747641885941,0.478,0.238,0,2,TC2N
0,0.9331076549553905,0.629,0.407,0,2,DENND2D
0,1.0746963820061475,0.568,0.349,0,2,GIMAP7
0,1.0175022498071238,0.617,0.405,0,2,DGKA
0,1.1605340208531938,0.421,0.213,0,2,CCR7
0,0.7021460403375337,0.864,0.658,0,2,CD3G
0,1.8937852355509113,0.298,0.093,0,2,LEF1
0,1.1310456266684086,0.546,0.346,0,2,ATM
0,1.1569161005923814,0.444,0.257,0,2,SORL1
0,1.3587312717960083,0.414,0.229,0,2,CAMK4
0,0.6274207137717096,0.876,0.694,0,2,TRAC
0,0.8550879257197803,0.492,0.318,0,2,SELL
0,0.554632800919824,0.973,0.799,0,2,TRBC2
0,0.6128583970503678,0.818,0.646,0,2,TXNIP
0,0.6450147928883003,0.856,0.692,0,2,FYB
0,1.014356207956916,0.446,0.293,0,2,OXNAD1
0,0.7544111157831704,0.716,0.565,0,2,RPS4XP22
0,1.2882825109865514,0.347,0.197,0,2,PCNXL2
0,0.9506864317216032,0.6,0.451,0,2,SPDYE1
0,0.9531567210354421,0.421,0.273,0,2,FAM102A
0,1.12972083601598,0.373,0.226,0,2,PVT1
0,1.0126087361980431,0.343,0.198,0,2,S1PR1
0,0.824571807040884,0.728,0.584,0,2,AC018720.10
0,1.0506033219723694,0.374,0.23,0,2,MGAT4A
0,0.8426158882365857,0.505,0.363,0,2,GIMAP4
0,0.6314337269458161,0.519,0.378,0,2,FAM65B
0,0.9064140628123207,0.431,0.295,0,2,C20orf112
0,0.736538035973695,0.547,0.413,0,2,IL16
0,0.6582107468899787,0.565,0.431,0,2,PIK3IP1
0,0.9661319162650663,0.507,0.375,0,2,SPDYE6
0,1.1518656585325466,0.307,0.175,0,2,TMEM63A
0,1.1350902000715746,0.313,0.183,0,2,NELL2
0,1.2222736604071118,0.271,0.143,0,2,DHRS3
0,1.3964584985588235,0.257,0.129,0,2,SERINC5
0,0.6014366095209753,0.704,0.577,0,2,CD3D
0,0.5936365561971051,0.592,0.465,0,2,FAIM3
0,0.8707499080918741,0.377,0.251,0,2,SCML4
0,0.5797296101646918,0.749,0.623,0,2,CD3E
0,0.7090803919964107,0.577,0.452,0,2,RBL2
0,0.9729495864272437,0.361,0.237,0,2,TESPA1
0,1.1845068465097737,0.301,0.177,0,2,TNFRSF25
0,0.8122922671741838,0.46,0.343,0,2,TTC39C
0,0.7840243223847598,0.502,0.385,0,2,SPDYE2
0,0.693227758358604,0.603,0.487,0,2,FOXP1
0,0.8208603534751725,0.4,0.287,0,2,GOLGA8B
0,0.8564250612991813,0.369,0.261,0,2,ABLIM1
0,0.5793468155121022,0.694,0.586,0,2,RPL9P7
0,0.5522201535185138,0.701,0.595,0,2,EVL
0,0.8229559182430964,0.423,0.318,0,2,SFI1
0,1.1442600999436754,0.266,0.162,0,2,GIMAP2
0,0.6615497391923298,0.539,0.437,0,2,SYNE1
0,1.0996498877154306,0.266,0.166,0,2,FLT3LG
0,0.6642769174443415,0.518,0.419,0,2,TRAF3IP3
0,0.7567828336414808,0.415,0.316,0,2,CD5
0,0.761742170056618,0.494,0.396,0,2,AC004980.11
0,0.6705646960629648,0.515,0.418,0,2,AAK1
0,0.5423102310739367,0.968,0.873,0,2,RPL10P3
0,0.5454799187287609,0.779,0.685,0,2,NLRC5
0,0.4836542682714058,0.884,0.793,0,2,RPL3P4
0,0.4792935128887013,0.683,0.593,0,2,RPL3P2
0,0.5237444784050775,0.59,0.504,0,2,ZAP70
0,0.6325193177660027,0.666,0.583,0,2,LCP2
0,0.5363078200241922,0.84,0.759,0,2,C1orf56
0,0.6300175611073402,0.449,0.369,0,2,LAT
0,0.4880462701859549,0.648,0.57,0,2,RP11-347P5.1
0,0.6741970757057172,0.507,0.429,0,2,C2orf68
0,0.49729662910518635,0.629,0.552,0,2,LCK
0,0.549146109712775,0.736,0.66,0,2,TNRC6B
0,0.47428547373742,0.732,0.66,0,2,RP11-864N7.2
0,0.6579464564747423,0.505,0.434,0,2,MPHOSPH8
0,0.5066353693539336,0.794,0.724,0,2,RPS3AP26
0,0.5211279923608148,0.499,0.43,0,2,RPS26P6
0,0.47328693690857837,0.86,0.793,0,2,RP11-778D9.4
0,0.49182781670372533,0.671,0.606,0,2,RP11-466H18.1
0,0.3118196675467293,0.742,0.677,0,2,IL32
0,0.6592649334697597,0.78,0.716,0,2,MTRNR2L1
0,0.7586149774896058,0.425,0.364,0,2,RP11-632C17--A.1
0,0.445647652845341,0.707,0.646,0,2,CTD-2287O16.1
0,0.5274436098898707,0.611,0.556,0,2,N4BP2L2
0,0.5527872772010616,0.562,0.509,0,2,ARHGAP15
0,0.4576944251196182,0.764,0.712,0,2,ARHGEF1
0,0.4722404969599314,0.842,0.797,0,2,DDX17
0,0.36866256581555223,0.661,0.617,0,2,CD2
0,0.2622901749347091,0.824,0.866,0,2,UBA52
0,0.35937620007061843,0.71,0.668,0,2,RP11-234A1.1
0,0.3082800240927428,0.723,0.761,0,2,RP11-72I8.1
0,0.2551094801884273,0.682,0.72,0,2,RPL37
0,0.4108625506424233,0.95,0.912,0,2,RPL13AP5
0,0.35384392555188704,0.973,0.936,0,2,MTRNR2L12
0,0.3450928528391237,0.799,0.763,0,2,CTD-2192J16.15
0,0.26930374785640776,0.716,0.751,0,2,RPL24
0,0.346349317483873,0.77,0.735,0,2,RP11-51O6.1
0,0.27885101238906884,0.716,0.75,0,2,RPL35
0,0.26768192554505044,0.868,0.902,0,2,NPIPB3
0,0.4416893396138404,0.612,0.578,0,2,HMHA1
0,0.2732382509354965,0.79,0.824,0,2,RPS2
0,0.46664185756674437,0.659,0.626,0,2,RP11-349A22.5
0,0.3596896644822247,0.696,0.663,0,2,CLEC2D
0,0.2730415328751339,0.863,0.894,0,2,RPS13
0,0.256752846794166,0.866,0.897,0,2,RPSA
0,0.4059766685886439,0.918,0.888,0,2,RP11-3P17.3
0,0.3866408641324104,0.966,0.936,0,2,RPS12
0,0.273061721173375,0.891,0.92,0,2,RPS16
0,0.2848658226467842,0.782,0.811,0,2,RPSAP58
0,0.45635148338163933,0.904,0.875,0,2,RPL9P8
0,0.3850249711832814,0.968,0.939,0,2,RPS18
0,0.34779553022993115,0.65,0.622,0,2,CD52
0,0.2674581507328071,0.855,0.883,0,2,RPS7
0,0.2800926026157975,0.758,0.785,0,2,RPS10
0,0.45280811737424864,0.903,0.876,0,2,RPL9P9
0,0.3208530952645021,0.891,0.865,0,2,RPL18AP3
0,0.37333915911249616,0.947,0.921,0,2,RPS15A
0,0.2714449032053161,0.735,0.76,0,2,PIP4K2A
0,0.26452540219160925,0.876,0.901,0,2,RPL12
0,0.28385093253820193,0.792,0.817,0,2,RPS17L
0,0.38969877057616875,0.721,0.697,0,2,RPL21P75
0,0.26935071636654007,0.794,0.818,0,2,MT-ND3
0,0.3620647800044696,0.98,0.957,0,2,RPL28
0,0.2748257532569145,0.824,0.847,0,2,RPL29
0,0.37441734807527616,0.661,0.638,0,2,RPL15P3
0,0.43760632709872893,0.572,0.549,0,2,GSTK1
0,0.29711551104444034,0.86,0.838,0,2,CD44
0,0.28854125748027837,0.842,0.864,0,2,EEF1D
0,0.3937253093382558,0.78,0.758,0,2,RPL36
0,0.4007444622095315,0.933,0.911,0,2,RPL32
0,0.3943444410128436,0.673,0.651,0,2,OGT
0,0.3238784957671035,0.875,0.853,0,2,RP11-742N3.1
0,0.3789243403558076,0.9,0.878,0,2,RPS28
0,0.26430463584228203,0.912,0.933,0,2,RPL8
0,0.33295279833212055,0.916,0.895,0,2,MTND2P28
0,0.39228854835754046,0.742,0.721,0,2,RPL36A
0,0.2778826104175911,0.891,0.911,0,2,RPL26
0,0.38025374641214027,0.959,0.939,0,2,RPLP2
0,0.25425207407604367,0.82,0.84,0,2,EEF1A1P6
0,0.3528937894698916,0.951,0.931,0,2,RPS8
0,0.3631275751640821,0.848,0.829,0,2,RPL39
0,0.3786507353380246,0.911,0.892,0,2,RPS3AP6
0,0.2859062488012829,0.803,0.822,0,2,RPS5
0,0.37764404209374414,0.951,0.932,0,2,RPS25
0,0.36319306649142424,0.704,0.685,0,2,RP11-122C9.1
0,0.2915460853188576,0.967,0.949,0,2,TMSB4XP8
0,0.3624767112345939,0.866,0.849,0,2,RPL31
0,0.3644053188466323,0.895,0.878,0,2,RPS29
0,0.3584230744146675,0.967,0.95,0,2,CTD-2031P19.4
0,0.3054668121441386,0.796,0.813,0,2,RPL27
0,0.3974230747177072,0.697,0.68,0,2,LIMD2
0,0.31317039379975786,0.648,0.664,0,2,FXYD5
0,0.43539902813428344,0.673,0.657,0,2,JAK3
0,0.3043775426620794,0.944,0.96,0,2,RPL21
0,0.2770855225895654,0.882,0.898,0,2,RPS24
0,0.2679763683269738,0.89,0.906,0,2,MT-CO3
0,0.33294484522580126,0.821,0.805,0,2,RPLP0P6
0,0.28940019580641474,0.821,0.836,0,2,MBNL1
0,0.2524391711791365,0.953,0.968,0,2,RPL15
0,0.3475509763410649,0.867,0.852,0,2,RPS23
0,0.34696470149236447,0.973,0.958,0,2,RPL23A
0,0.31059591826084754,0.931,0.946,0,2,RPL7
0,0.2870569330972903,0.947,0.961,0,2,RPS19
0,0.32729710005130963,0.852,0.839,0,2,PPP2R5C
0,0.29482973852230954,0.933,0.946,0,2,RPL4
0,0.332070205510961,0.945,0.932,0,2,RPL41P1
0,0.3402495949244293,0.96,0.948,0,2,RPL11
0,0.3092834649364309,0.721,0.709,0,2,IFITM1
0,0.3010790640666845,0.869,0.88,0,2,RPL27A
0,0.33113734713775145,0.953,0.942,0,2,MT-CYB
0,0.29474037304789924,0.928,0.939,0,2,RPL6
0,0.3665617123239686,0.988,0.978,0,2,RPL3
0,0.3069080650134075,0.693,0.703,0,2,EEF1B2
0,0.3518843885884744,0.986,0.976,0,2,RPS6
0,0.3301755698859139,0.912,0.902,0,2,CTC-575D19.1
0,0.34638999672499127,0.744,0.734,0,2,RPL5P34
0,0.30837388183760783,0.88,0.888,0,2,RPS20
0,0.3532491949590799,0.974,0.966,0,2,RPS14
0,0.3722074708312628,0.745,0.737,0,2,RPL38
0,0.3307930561378605,0.986,0.978,0,2,RPS27
0,0.3217517056180741,0.845,0.853,0,2,RPL14
0,0.33292516852964527,0.981,0.974,0,2,PTPRC
0,0.39494410766862953,0.621,0.614,0,2,LDHB
0,0.2534204693094817,0.875,0.882,0,2,IFITM2
0,0.32638480156129845,0.641,0.634,0,2,RP11-425L10.1
0,0.3257148165414745,0.96,0.953,0,2,RPL17
0,0.326552171731624,0.938,0.931,0,2,RPS15
0,0.30791242036504674,0.759,0.765,0,2,CDC42SE2
0,0.31077025972166483,0.904,0.91,0,2,RPL10A
0,0.28547878867861565,0.971,0.976,0,2,PABPC1
0,0.3014671455188611,0.898,0.903,0,2,RPL7A
0,0.35445820017813956,0.864,0.859,0,2,RP11-572P18.1
0,0.3257440685264479,0.874,0.878,0,2,RPL34
0,0.35526460916853364,0.707,0.711,0,2,EIF2S3
0,0.33442075557764506,0.981,0.977,0,2,RPS3A
0,0.3505120526989538,0.995,0.991,0,2,RPL13
0,0.3521804575608114,0.61,0.614,0,2,RPS21
0,0.34806428516531707,0.966,0.962,0,2,RPS4X
0,0.2597261389615353,0.981,0.985,0,2,MT-ND1
0,0.3216677918794977,0.925,0.929,0,2,NPIPB5
0,0.333180824469717,0.728,0.725,0,2,ITM2B
0,0.3491968356613051,0.986,0.983,0,2,RPS3
0,0.25253390970897716,0.993,0.996,0,2,MT-ND4
0,0.30448844689012144,0.991,0.994,0,2,RPL41
0,0.31447668975822163,0.973,0.971,0,2,RPL18A
0,0.30426659899692465,0.965,0.963,0,2,RPL5
0,0.33341002832433064,0.942,0.94,0,2,RPS27A
0,0.3375794665666225,0.905,0.903,0,2,RPL30
0,0.3346958074188424,0.943,0.941,0,2,RPL9
0,0.3366782490267828,0.972,0.97,0,2,NPIPB4
0,0.33137788912098287,0.893,0.895,0,2,RPS26
0,0.2766795196842542,0.768,0.766,0,2,RPL6P27
0,0.32130529881067993,0.89,0.888,0,2,EEF1G
0,0.30635191717935895,0.942,0.943,0,2,RPLP0
0,0.35932005065477535,0.665,0.666,0,2,RPL22
0,0.2828308701512836,0.981,0.982,0,2,RPLP1
0,0.348661052572115,0.699,0.698,0,2,EML4
0,0.31420736649892467,0.993,0.994,0,2,RPL10
0,0.30182296560322275,0.998,0.997,0,2,EEF1A1
0,0.28523965607342117,1,0.999,0,2,HNRNPH1
0,0.3279075996298584,0.875,0.876,0,2,RPL35A
0,0.33314351713733403,0.849,0.85,0,2,AC004057.1
0,0.27629775789050104,0.977,0.976,0,2,MT-ND2
0,0.27231390297690083,0.995,0.996,0,2,TMSB4X
0,0.2774629079955808,0.999,1,0,2,MT-RNR1
0,0.3237193769222442,1,0.999,0,2,MALAT1
0,0.3076225750705417,0.968,0.968,0,2,RPL19
0,0.33271706867474915,0.993,0.993,0,2,RPL13A
0,0.30576169992995617,0.98,0.98,0,2,EEF1A1P5
0,0.2754185045362685,1,1,0,2,MT-RNR2
0,0.26825084655477616,0.994,0.994,0,2,MT-ND4L
2.220446049250313e-16,0.5979193313550473,0.593,0.514,8.124612094206896e-12,2,ANKRD36
2.220446049250313e-16,0.3044808684910132,0.6,0.638,8.124612094206896e-12,2,TMA7
2.220446049250313e-16,0.3009966321423847,0.798,0.834,8.124612094206896e-12,2,NBEAL1
2.220446049250313e-16,0.3443328387327924,0.632,0.646,8.124612094206896e-12,2,VMP1
4.440892098500626e-16,0.9766660314919104,0.272,0.168,1.624922418841379e-11,2,GRAP2
4.440892098500626e-16,0.5347017582321121,0.539,0.46,1.624922418841379e-11,2,ITK
4.440892098500626e-16,0.32912522105242004,0.6,0.596,1.624922418841379e-11,2,GAS5
6.661338147750939e-16,0.6730629650434391,0.407,0.319,2.4373836282620687e-11,2,RP11-190C22.1
1.7763568394002505e-15,0.4355494141612055,0.598,0.562,6.499689675365516e-11,2,CTD-2328D6.1
1.9984014443252818e-15,0.3167049715434258,0.681,0.667,7.312150884786206e-11,2,CTB-13H5.1
2.4424906541753444e-15,0.6585910989600894,0.465,0.377,8.937073303627585e-11,2,CD6
3.1086244689504383e-15,0.2607225779412081,0.871,0.889,1.1374456931889654e-10,2,PRRC2C
3.552713678800501e-15,0.5124090560804424,0.526,0.452,1.2999379350731033e-10,2,TBC1D10C
3.552713678800501e-15,0.3795760439916198,0.621,0.576,1.2999379350731033e-10,2,PRKCH
3.552713678800501e-15,0.4384632465594005,0.597,0.561,1.2999379350731033e-10,2,KIAA1551
4.440892098500626e-15,0.4172010679255842,0.648,0.617,1.624922418841379e-10,2,DOCK8
4.884981308350689e-15,0.3173231687485272,0.646,0.658,1.787414660725517e-10,2,EIF4B
1.0658141036401503e-14,0.4727419502528567,0.578,0.532,3.89981380521931e-10,2,AC004453.8
1.2656542480726785e-14,0.27169214525866536,0.716,0.763,4.6310288936979305e-10,2,ARGLU1
2.4202861936828413e-14,1.037758539424237,0.259,0.168,8.855827182685516e-10,2,CCDC109B
1.127986593019159e-13,0.46704867944535455,0.525,0.463,4.127302943857103e-9,2,CD96
1.2367884494324244e-13,0.46302977628641395,0.571,0.532,4.525408936473241e-9,2,MGEA5
1.7053025658242404e-13,0.6188536973044434,0.414,0.332,6.239702088350896e-9,2,RPS3AP5
1.900701818158268e-13,0.3425688639534137,0.708,0.712,6.954667952641103e-9,2,RP11-347C12.1
2.2959412149248237e-13,0.40344437428490654,0.561,0.558,8.40084890540993e-9,2,SAR1A
2.3381296898605797e-13,0.7623656118807512,0.407,0.331,8.555216535199861e-9,2,PDE4DIP
2.8976820942716586e-13,0.4073286455041236,0.595,0.534,1.0602618782939999e-8,2,RPL3P7
5.777600620149315e-13,0.45405191587907034,0.501,0.454,2.1140240669126342e-8,2,PCED1B-AS1
5.833111771380572e-13,0.7488771397708297,0.377,0.28,2.1343355971481515e-8,2,GOLGA8A
6.412648190234904e-13,0.5218091085606777,0.508,0.449,2.3463879728069514e-8,2,DEF6
9.07718344933528e-13,0.3164968757759782,0.65,0.635,3.321341424111779e-8,2,RP11-408P14.1
9.454659277707833e-13,0.6701896173772672,0.417,0.329,3.459459829713296e-8,2,NLRP1
1.6393553181615061e-12,0.2870881885319637,0.674,0.661,5.998401109152951e-8,2,RP11-889L3.1
2.2728485760126205e-12,0.43979113280530147,0.593,0.563,8.316352939630178e-8,2,POLR2J3
2.284616940073647e-12,0.266661599634589,0.724,0.741,8.359413383729475e-8,2,RPL4P4
2.3034907314922748e-12,0.27625923987539003,0.631,0.676,8.428472586530233e-8,2,C17orf76-AS1
2.639444218743847e-12,0.33545701418116347,0.56,0.53,9.657726396383737e-8,2,RP11-543P15.1
2.8961277820371834e-12,0.7986589132589674,0.345,0.252,1.0596931554474054e-7,2,SENP7
6.980638289633134e-12,0.616463945954713,0.356,0.271,2.554215550176764e-7,2,LTB
7.148059921746608e-12,0.5694793705333686,0.458,0.382,2.615475125367084e-7,2,PRMT2
1.0747402967581365e-11,0.5859173326407737,0.466,0.403,3.9324747458380216e-7,2,IKZF1
2.0563328817502224e-11,0.7928481291174954,0.293,0.219,7.524122014324064e-7,2,RP11-264B17.5
2.7594593277058266e-11,0.8262117783594894,0.287,0.205,1.009686168007562e-6,2,RP4-717I23.3
2.8621993664046386e-11,0.5517421934788941,0.354,0.25,1.0472787481674573e-6,2,PLAC8
3.2157387863662734e-11,0.42088597088784674,0.61,0.572,1.1766388219314194e-6,2,SYNE2
4.3395287363523494e-11,0.4371308885124767,0.539,0.521,1.5878335646313246e-6,2,EMB
4.781819384902519e-11,0.9401687821784197,0.251,0.17,1.7496677129358318e-6,2,GABPB2
4.8032022803568e-11,0.2915180204416903,0.665,0.647,1.757491714382553e-6,2,FYN
5.456146645599347e-11,0.5973300833252171,0.529,0.461,1.996404057624801e-6,2,ANKRD36B
7.012923575189234e-11,0.38468849859070947,0.571,0.567,2.5660287361617407e-6,2,HCG4P5
8.668998852101595e-11,0.7978474854244052,0.324,0.252,3.1719866799839735e-6,2,MLLT3
8.995226785657451e-11,0.46722726453637997,0.536,0.518,3.2913534808720613e-6,2,TGOLN2
1.4213075161251254e-10,0.4312522993888923,0.612,0.594,5.200564201501834e-6,2,MDM4
1.6290879756297727e-10,0.448524566888916,0.458,0.395,5.960832902829338e-6,2,CTC-451P13.1
1.8294099568549882e-10,0.665289714279278,0.389,0.305,6.693811032132402e-6,2,KLF12
2.6688518062201183e-10,0.5083499960611717,0.516,0.474,9.765328758959413e-6,2,NKTR
2.8376723193446196e-10,0.4273583587573964,0.495,0.46,1.0383043016481963e-5,2,RP11-169K16.8
2.9444491289609687e-10,0.7520922802949964,0.395,0.319,1.0773739362868184e-5,2,BCL11B
4.009945708816076e-10,0.3785010169229306,0.485,0.493,1.4672391348558023e-5,2,TOMM7
4.4609449467714057e-10,0.8031269004058841,0.308,0.229,1.6322597560236574e-5,2,ZBTB20
4.4665915410746493e-10,0.9089707383935397,0.272,0.199,1.6343258448792142e-5,2,AC007000.12
7.095839471560339e-10,0.7265217000307829,0.306,0.231,2.596367662643928e-5,2,CHMP7
9.94221815986407e-10,0.46268715556350615,0.494,0.482,3.637857624694263e-5,2,PNISR
1.1904146557384365e-9,0.7658841393642695,0.329,0.266,4.355727225346939e-5,2,COA1
1.271727612106588e-9,0.4006057056659573,0.526,0.517,4.653251332698005e-5,2,RP11-75L1.2
1.4282015570188378e-9,0.309798393378107,0.557,0.569,5.2257894971319274e-5,2,C16orf54
1.6529351221095112e-9,0.6692302203882581,0.324,0.261,6.0480896117987015e-5,2,TRAT1
2.4186832536798875e-9,0.8411229932206292,0.369,0.302,8.849962025214708e-5,2,WASH4P
2.785540464955716e-9,0.7104423473618653,0.332,0.265,1.0192292561272964e-4,2,CTC1
3.534163184326644e-9,0.6620685461874893,0.388,0.321,1.293150309145119e-4,2,PSIP1
3.6846701245707436e-9,0.45673006055854803,0.507,0.471,1.348220798580435e-4,2,PHC3
6.867718171932324e-9,0.3087885597074722,0.617,0.61,2.5128980791100375e-4,2,SLC38A1
7.806479462857396e-9,0.5951844294984351,0.467,0.425,2.8563908354595213e-4,2,Y-RNA
7.869970675145055e-9,0.591314160757905,0.416,0.348,2.8796222700355756e-4,2,RAPGEF6
1.3067163573410312e-8,0.6832075905091571,0.287,0.212,4.781275151510833e-4,2,THEMIS
1.5257018537440104e-08,0.35665859425505553,0.607,0.603,5.582543082849334e-4,2,ANKRD12
1.6732670804486816e-8,0.6239677719660512,0.347,0.279,6.122484247361726e-4,2,ADD3
2.4119239938613646e-8,0.25841247916725574,0.623,0.649,8.825229893538733e-4,2,NCOR1
2.4282645672002445e-8,0.7781625249536605,0.269,0.205,8.885020051385695e-4,2,FBXW4
2.7633391574966026e-8,0.861407985447281,0.256,0.188,0.001011105797728007,2,SPDYE3
3.7371522099149956e-8,0.32455001725193244,0.512,0.499,0.001367423993607897,2,RP4-706A16.3
4.5329571207730623e-8,0.4485443478611034,0.387,0.35,0.0016586090104908635,2,RP11-3P17.5
4.661015484686004e-8,0.7697666362728744,0.327,0.272,0.001705465565846609,2,STAG3L1
5.27953341045162e-8,0.26251200925062723,0.581,0.593,0.0019317812748842478,2,RPS7P1
5.602523578396301e-8,0.8694488504834625,0.261,0.198,0.0020499633773352066,2,NSUN5P1
5.792423030115401e-8,0.37594538295985663,0.555,0.552,0.0021194475867192253,2,EEF1A1P12
7.136188862055803e-8,0.3518152158277177,0.493,0.461,0.0026111315046262185,2,RP11-146N23.1
7.88292471298746e-8,0.5241607762792221,0.412,0.367,0.0028843621524821117,2,TMC8
7.997060347264551e-8,0.37342462669334586,0.611,0.575,0.002926124381064099,2,ANKRD44
8.624592440220624e-8,0.6372255306274708,0.375,0.329,0.0031557383738767264,2,SFXN1
1.0838719788353046e-7,0.2953910683408607,0.532,0.527,0.00396588757055838,2,RP11-592N21.1
1.1225062324093926e-7,0.42304358674328646,0.486,0.449,0.004107250304385968,2,CYFIP2
1.2717024033825908e-7,0.2920360855174712,0.568,0.559,0.0046531590939769,2,RPL10AP6
1.3343115345954004e-7,0.5130285201864001,0.367,0.32,0.00488224590508457,2,RPS7P11
1.419522859258393e-7,0.49550228773416005,0.472,0.441,0.00519403414202646,2,DOCK10
1.431818501540505e-7,0.5230648851963747,0.411,0.371,0.005239023897136708,2,TMEM123
1.7515891226338454e-7,0.9647956244135871,0.278,0.217,0.00640906459971724,2,PCSK5
1.844224628566593e-7,0.29399953181725325,0.637,0.643,0.006748017915925164,2,STK4
2.187082759341763e-7,0.43878358199714657,0.439,0.423,0.00800253581643151,2,NACA3P
2.3942844684654574e-7,0.5250028793813017,0.382,0.352,0.008760686870115109,2,ORMDL1
2.524409785653603e-7,0.6725927057017324,0.336,0.274,0.009236815405706533,2,EPB41
2.902393041459561e-7,0.6555193889911015,0.293,0.25,0.010619856138700534,2,OCIAD2
3.0445472676277063e-7,0.4202473785246917,0.429,0.392,0.011139998452249777,2,RPL7P23p
3.3064651328018613e-7,0.4820600937704485,0.368,0.332,0.01209835592092201,2,RP11-661A12.7
4.338474317577834e-7,0.37517056721588904,0.507,0.533,0.015874477528017295,2,RPS2P5
4.493906662350611e-7,0.5335084424238121,0.37,0.329,0.016443204477540885,2,RPSAP53
4.9379690203466e-7,0.6650849473218052,0.331,0.279,0.01806802864544821,2,STX16
5.368563475993682e-7,0.7605874595134462,0.282,0.229,0.01964357375866088,2,GIMAP6
6.661347780045901e-7,0.2609484109353486,0.519,0.517,0.02437387152718795,2,AC007969.5
6.823414417933549e-7,0.4373826015943111,0.418,0.377,0.024966873355218855,2,RPS4XP6
6.986387079965795e-7,0.5111450414082587,0.412,0.373,0.025563190325594842,2,PIK3CD
8.096410084590389e-7,0.6367914207548377,0.335,0.275,0.029624764499516232,2,SATB1
8.385693492929391e-7,0.5870730652233843,0.254,0.186,0.030683252490628643,2,A2M
1.0262443366215734e-6,0.7301093116376822,0.262,0.211,0.03755028027698337,2,RP11-452G18.2
1.0635445735207583e-6,0.7748130602960659,0.317,0.265,0.038915095945124545,2,MTR
1.6536371332254163e-6,0.6081520981091861,0.388,0.347,0.06050658270471798,2,PRKDC
1.6979350552226435e-6,0.5158398779569211,0.437,0.396,0.06212744367059653,2,RP11-353N4.6
1.8259976992673899e-6,0.4445104161867971,0.433,0.396,0.0668132558161938,2,USP3
1.918523764965485e-6,0.7251314140417331,0.252,0.196,0.0701987845600871,2,NPAT
1.9222909302119007e-6,0.43146813030516756,0.464,0.465,0.07033662513645345,2,RPS2P46
2.869430056895439e-6,0.6244317078537551,0.275,0.227,0.10499244578180411,2,RP11-521J5.1
3.1219513947355892e-6,0.33563481376810556,0.539,0.538,0.11423220153337521,2,BTN3A2
3.2137276417820715e-6,0.31404366866712996,0.516,0.513,0.117590294412806,2,EEF1B2P3
3.231943991321984e-6,0.5876324702392767,0.326,0.273,0.11825683064247139,2,CD28
3.305009296461492e-6,0.6941725991918624,0.312,0.259,0.12093029015752599,2,ARL17B
3.338413971487597e-6,0.6422020677969174,0.326,0.281,0.12215256721673118,2,STAG3L2
3.849584610859935e-6,0.5001334728414283,0.401,0.363,0.14085630091136503,2,GCC2
4.0724698402438975e-6,0.343951376603543,0.415,0.395,0.1490116714545242,2,RP11-175B9.3
4.932389730427644e-6,0.2921463928411596,0.544,0.584,0.1804761402363475,2,SRSF11
5.0386315404438164e-6,0.31684993901572667,0.518,0.519,0.18436352806483924,2,SP110
5.1652530626000726e-6,0.29531870120752834,0.519,0.465,0.18899660956053665,2,IFITM3
5.804972668776998e-6,0.3964530513632729,0.376,0.336,0.21240394995055034,2,RP11-314A20.1
6.127485417284362e-6,0.45370208245103794,0.391,0.351,0.2242046914184348,2,INPP4B
6.160372750585452e-6,0.583508676968246,0.339,0.301,0.2254080389439217,2,STAG3L3
6.370257355170494e-6,0.3305357594231146,0.473,0.451,0.2330877166256884,2,RP11-69L16.5
6.952024114159627e-6,0.25566896765559655,0.673,0.732,0.25437456233710076,2,RP11-231C14.4
7.343567512085869e-6,0.6178551510339431,0.269,0.214,0.26870113526722195,2,AC006129.2
7.781546255136718e-6,0.4265431979051967,0.395,0.348,0.2847267774754525,2,SLC44A2
8.534745620680795e-6,0.6811469602535162,0.257,0.203,0.3122863422607103,2,HERC4
8.591544837344145e-6,0.6494704286052384,0.322,0.28,0.31436462559842226,2,WASH7P
1.0258248723360452e-5,0.5577107676163173,0.393,0.36,0.37534932078775896,2,MLLT6
1.1603657559700054e-5,0.6133999123828981,0.343,0.3,0.42457783010942496,2,BRWD1
1.1745364600246333e-5,0.6155648932526064,0.306,0.258,0.4297628907230133,2,RASA3
1.2125102434978885e-5,0.49871773256537577,0.308,0.26,0.4436574980958774,2,RPS3P6
1.2352470005749794e-5,0.2873546271561982,0.554,0.583,0.45197687751038496,2,TMED4
1.3337285763359574e-5,0.2579498356313714,0.505,0.557,0.4880112860813268,2,EIF3E
1.3586823608413567e-5,0.5765798922049752,0.32,0.275,0.49714187583185243,2,XPO6
1.5737404521320997e-5,0.6344683835715687,0.389,0.365,0.5758316314351353,2,NBPF15
1.6257291659993456e-5,0.36206219102486514,0.474,0.471,0.5948543018391605,2,LUC7L3
1.7010471085043832e-5,0.366527875636562,0.623,0.625,0.6224131370017538,2,NPIPA1
1.9433569321103406e-5,0.2581781183924342,0.47,0.473,0.7110743014591736,2,RP11-475C16.1
2.3568717875122047e-5,0.27901877067914205,0.487,0.507,0.8623793870507157,2,SELPLG
2.4090615659666526e-5,0.5627675532358625,0.327,0.289,0.8814756269871982,2,SLFN12L
3.0325034872547008e-5,0.27597639518191164,0.481,0.488,1,2,ACAP1
3.079474622902367e-5,0.2704419821894007,0.505,0.517,1,2,RP11-36C20.1
3.2593648199075176e-5,0.6455488505121587,0.292,0.252,1,2,RNF216
3.2806924637140966e-5,0.46047327985862796,0.412,0.372,1,2,PCSK7
3.442823264099282e-5,0.5938097848261802,0.292,0.244,1,2,RP11-640M9.1
4.413210854536942e-5,0.6221961230556009,0.278,0.238,1,2,AL592284.1
5.4188092732498916e-5,0.4537432883002122,0.463,0.449,1,2,NUCKS1
5.53980548474442e-5,0.289392635178225,0.479,0.512,1,2,TMC6
5.614046616031487e-5,0.5300626721099088,0.348,0.327,1,2,TTC19
5.677536883275103e-5,0.3131366065068306,0.461,0.468,1,2,CCND3
6.0999958003460364e-5,0.5930077241114158,0.346,0.311,1,2,HERC2P2
6.121069398878909e-5,0.4186434391508177,0.419,0.394,1,2,PCM1
6.151567889989273e-5,0.3897602632490288,0.454,0.421,1,2,BTN3A1
6.179838463649112e-5,0.5839304481586685,0.402,0.381,1,2,WASH6P
6.585655233193322e-5,0.3310696729052305,0.452,0.447,1,2,AP1G2
6.636525453385111e-5,0.3888757645458154,0.425,0.427,1,2,SRSF1
6.990515450522317e-5,0.6546139924453442,0.256,0.209,1,2,GVINP1
7.314716527107024e-5,0.5125719918379888,0.422,0.41,1,2,KANSL1
7.791059942685585e-5,0.3449778113543074,0.499,0.479,1,2,PBXIP1
8.082128783448717e-5,0.4793778371743188,0.353,0.315,1,2,TNFAIP8
8.57639949434219e-5,0.31531532180864263,0.416,0.442,1,2,APRT
8.87401039408875e-5,0.32589887499251624,0.484,0.505,1,2,PAN3
1.0606226748754999e-4,0.5857282538945405,0.283,0.25,1,2,PRPF40B
1.1771698566631628e-4,0.601386527148878,0.286,0.244,1,2,KIAA0922
1.1933506912753522e-4,0.5237874112064691,0.325,0.306,1,2,AES
1.294776121563146e-4,0.47086358713765686,0.315,0.285,1,2,AC018462.2
1.4528546067693604e-4,0.499655704534993,0.329,0.294,1,2,UBAC2
1.453369257917725e-4,0.5013061998966175,0.41,0.382,1,2,PDS5A
1.5882720868543032e-4,0.6070907552951251,0.269,0.237,1,2,ITGB2-AS1
1.5980650456159928e-4,0.47610864151759835,0.347,0.308,1,2,ARHGEF3
1.7488690322520206e-4,0.40010213339379375,0.431,0.438,1,2,LENG8
1.8616026911844052e-4,0.4423174353259445,0.349,0.327,1,2,SNRPN
1.9658345567208357e-4,0.5032048719531639,0.364,0.345,1,2,SLFN5
2.0166923111708535e-4,0.43629588469185876,0.384,0.384,1,2,RP11-488L18.10
2.0334561737689327e-4,0.2620129600951476,0.546,0.544,1,2,EEF1A1P11
2.1586734541845232e-4,0.48033623955054283,0.407,0.373,1,2,MPV17L
2.584937970739887e-4,0.33777890443418235,0.394,0.412,1,2,GMFG
2.594403799989209e-4,0.42472448164103405,0.36,0.349,1,2,PYHIN1
2.6053724609753637e-4,0.4558092065544616,0.314,0.273,1,2,SYNRG
2.757394607824093e-4,0.4327952594784866,0.4,0.37,1,2,CCDC88C
2.8857280710270494e-4,0.46652694927327865,0.356,0.35,1,2,MTND1P23
2.9832882472091704e-4,0.5292413189975071,0.306,0.283,1,2,FAM120B
3.007798614425017e-4,0.635805923752806,0.285,0.248,1,2,PCNX
3.0950178463307054e-4,0.6256097286043633,0.254,0.216,1,2,FAM215B
3.174894022579533e-4,0.4632240751044241,0.404,0.391,1,2,RASA2
3.462640843516773e-4,0.49123159468107913,0.327,0.306,1,2,PPIE
3.850219345988837e-4,0.47758333894494653,0.349,0.316,1,2,ZCCHC11
4.0040688677178693e-4,0.4183407610042995,0.373,0.358,1,2,RPL9P25
4.0365246741091987e-4,0.49879620250680784,0.475,0.477,1,2,NBPF9
4.616363063423279e-4,0.40946658012986303,0.363,0.346,1,2,PHF11
4.663959560715636e-4,0.27130495257433984,0.542,0.536,1,2,PARP8
5.374928606964868e-4,0.4958545615318233,0.357,0.334,1,2,WASH3P
5.852166571616024e-4,0.5273071955492954,0.326,0.284,1,2,DOCK11
6.969873592688192e-4,0.3117908808937606,0.537,0.541,1,2,MACF1
7.583985582393371e-4,0.34994890353336117,0.398,0.389,1,2,SKAP1
8.11840348441395e-4,0.2566973709206697,0.48,0.489,1,2,STAT4
8.551121855429056e-4,0.504127184759528,0.362,0.347,1,2,IL6ST
9.115129834376123e-4,0.32918249863966087,0.466,0.461,1,2,ETS1
9.176254858174193e-4,0.3967838530550264,0.298,0.26,1,2,LY9
9.364892895837862e-4,0.25299424057654574,0.509,0.541,1,2,ITGAL
0.0010186788731687546,0.3212684674926862,0.429,0.429,1,2,RPL5P4
0.0013137135016743073,0.6337603979875971,0.311,0.286,1,2,HERC2P9
0.0013925527143385796,0.5062268784003784,0.387,0.363,1,2,NBPF11
0.0015245130868914991,0.3522322927529996,0.387,0.398,1,2,RP11-641D5.1
0.0015639455010456604,0.37094400930478455,0.382,0.381,1,2,Z82188.1
0.0016676085452207445,0.29254077949519486,0.454,0.465,1,2,EEF1A1P19
0.001716189687512859,0.35070775837501444,0.361,0.378,1,2,SNRPD2
0.001785179260912706,0.43718437648257175,0.287,0.257,1,2,RP11-705C15.2
0.001875814546602017,0.3779050912964842,0.343,0.352,1,2,C19orf60
0.0018892684340006127,0.366302997688257,0.386,0.358,1,2,FGD3
0.0019666114294789594,0.5807216065915566,0.25,0.223,1,2,AC009950.2
0.0020181884591150556,0.4663767335814752,0.34,0.321,1,2,PSD4
0.0020642194811133496,0.5237294736448707,0.305,0.281,1,2,ZBTB25
0.002142309606230519,0.4293572340827222,0.305,0.287,1,2,CHURC1
0.0022502470995933166,0.3093021711699342,0.391,0.387,1,2,BIN2
0.0022791001802500155,0.5901685991004293,0.264,0.237,1,2,WASH5P
0.0024313158639202026,0.5312749129811077,0.338,0.316,1,2,ASH1L
0.0024520513570238656,0.46090500674400287,0.335,0.314,1,2,CARD8
0.002627950190133177,0.3169884459632608,0.486,0.487,1,2,SUMF2
0.00287483595577509,0.600901925368242,0.272,0.25,1,2,PRR4
0.00289526404659024,0.4492676467837952,0.28,0.245,1,2,STK38
0.0029618963548829758,0.4646514900436381,0.279,0.243,1,2,LINC01001
0.0029675744392516634,0.5856097413107695,0.258,0.238,1,2,DDHD1
0.0029807060057200907,0.4405666491716584,0.467,0.466,1,2,NBPF1
0.0030662039900279936,0.425689395655838,0.48,0.46,1,2,ATXN7
0.003073275823871846,0.5419556212914863,0.289,0.263,1,2,RP11-34P13.13
0.0033543002170779435,0.46712659271889084,0.262,0.231,1,2,AVL9
0.003598890535943866,0.4604198870469023,0.32,0.301,1,2,DMTF1
0.0037181314991043823,0.26846553834071507,0.446,0.458,1,2,RPSAP15
0.003786296759576535,0.44392039257053384,0.293,0.274,1,2,SDR39U1
0.003804082318499491,0.296972709027891,0.35,0.353,1,2,RP3-417G15.1
0.003939819296699731,0.5152291404259841,0.341,0.33,1,2,FMNL3
0.0040253734812674136,0.41694543764834,0.342,0.318,1,2,RP11-640M9.2
0.0041382289946569895,0.4945948417365455,0.291,0.265,1,2,FAM208A
0.00425682498796176,0.6154681023019746,0.277,0.256,1,2,AC138035.2
0.0043148351200335,0.42605269124024264,0.266,0.246,1,2,RP11-112J1.1
0.004385195769076811,0.3444627444819428,0.459,0.486,1,2,GPSM3
0.004746181465808297,0.4421853791807756,0.359,0.355,1,2,ZNF638
0.004942588164570827,0.5062266985346691,0.284,0.286,1,2,RGS10
0.005035973286937834,0.46151815247723393,0.291,0.259,1,2,PPIP5K2
0.005111545221968994,0.3391342195705508,0.32,0.308,1,2,RP11-16F15.1
0.00521676459526188,0.35043208790943786,0.324,0.313,1,2,RPL10AP2
0.0055256445423772504,0.5869295209389223,0.271,0.254,1,2,APBB1IP
0.005558891993681536,0.4384790096681687,0.382,0.372,1,2,PRRC2B
0.005866059346637975,0.37102269441751234,0.435,0.441,1,2,SEMA4D
0.005925752263886697,0.4677495766170441,0.27,0.247,1,2,SLC25A45
0.006014455998732515,0.31813598386054154,0.339,0.328,1,2,AOAH
0.006117132182766216,0.3756280101463415,0.438,0.423,1,2,ANKRD36C
0.006141033341549473,0.3525250760380365,0.353,0.334,1,2,GLTSCR2
0.006173215930028286,0.46143415925147835,0.258,0.23,1,2,NLRC3
0.006274538219601666,0.3714638410612565,0.352,0.348,1,2,PRKACB
0.006288166300780107,0.3864711343143019,0.294,0.28,1,2,AMICA1
0.006368932599210009,0.5210497259306655,0.257,0.24,1,2,SPG7
0.00756631924895057,0.5572128118317593,0.258,0.242,1,2,RBM19
0.007612424404155771,0.3069804606605958,0.335,0.324,1,2,RP11-627K11.1
0.008059554578159212,0.41581070883791094,0.39,0.386,1,2,LONP2
0.008509784099769435,0.2713508967781878,0.442,0.42,1,2,CHCHD3
0.009170363874867915,0.3980163165518513,0.331,0.307,1,2,KDM4C
0.00969007536484856,0.4349769160190091,0.338,0.319,1,2,VPS13B
0.009701821830748303,0.5517889241031884,0.308,0.29,1,2,NBPF12
0.009745495243388191,0.28028671509031144,0.38,0.382,1,2,RPS4XP2
0.009861039119883896,0.4966744220113364,0.307,0.295,1,2,ERAP1
0.009923232272243121,0.4164648687549171,0.259,0.232,1,2,LINC00623
0,1.1582224868507172,0.95,0.376,0,3,CD8A
0,1.39083883326968,0.811,0.241,0,3,CD8B
0,0.9722071035667479,0.975,0.423,0,3,NKG7
0,1.0732435054013683,0.904,0.368,0,3,PRF1
0,1.4634075528918278,0.743,0.229,0,3,PDCD1
0,0.8670406210102244,0.908,0.399,0,3,KLRK1
0,1.4526182899678894,0.712,0.24,0,3,HAVCR2
0,2.109009496493859,0.576,0.109,0,3,CXCL13
0,0.8828561211026777,0.826,0.36,0,3,GZMA
0,1.3171340783585235,0.703,0.245,0,3,TOX
0,1.024844268215067,0.775,0.318,0,3,TIGIT
0,0.6696770795974647,0.986,0.536,0,3,CCL5
0,0.982485204730285,0.748,0.301,0,3,CTSW
0,0.9220415212435362,0.878,0.433,0,3,APOBEC3G
0,0.9848376150243863,0.761,0.319,0,3,CCL4
0,1.6011020974026995,0.573,0.147,0,3,LAG3
0,1.2143572679313406,0.669,0.245,0,3,SIRPG
0,1.754924765747993,0.562,0.14,0,3,TNFRSF9
0,0.6196842628065296,0.893,0.473,0,3,CST7
0,0.98334395759171,0.707,0.292,0,3,CCL4L1
0,1.680147883754338,0.579,0.17,0,3,MIR155HG
0,0.92198836411806,0.732,0.326,0,3,CD27
0,1.0643019988799973,0.66,0.255,0,3,GZMB
0,0.5185159575251195,0.961,0.567,0,3,CD2
0,0.7274251949636237,0.898,0.508,0,3,LYST
0,1.1280354907737011,0.6,0.211,0,3,KLRC4-KLRK1
0,0.8247488255555131,0.718,0.335,0,3,RP11-94L15.2
0,1.1901868987889856,0.618,0.238,0,3,CD38
0,1.10628607118919,0.64,0.26,0,3,RAB27A
0,2.0254799039044205,0.474,0.095,0,3,VCAM1
0,1.5083878103641046,0.549,0.174,0,3,GOLIM4
0,0.654435200317566,0.798,0.426,0,3,IL2RB
0,0.7162634593231576,0.734,0.362,0,3,ITM2A
0,1.6609207409363218,0.495,0.123,0,3,DGKH
0,0.8192917852953618,0.697,0.329,0,3,APOBEC3D
0,0.6318390290571863,0.793,0.431,0,3,LINC00152
0,1.3520676124149738,0.537,0.178,0,3,SNAP47
0,0.5709956552205555,0.769,0.413,0,3,SH2D2A
0,1.3184107386693011,0.517,0.163,0,3,IFNG
0,0.6054152555602226,0.843,0.491,0,3,PSMB9
0,1.050071311964536,0.59,0.246,0,3,CCL4L2
0,0.7185833218443813,0.668,0.328,0,3,IKZF3
0,0.6843294444041179,0.779,0.441,0,3,PGAM1
0,0.44164888702243044,0.881,0.544,0,3,CBLB
0,0.9848596293129135,0.592,0.256,0,3,GALM
0,0.8634080116772644,0.614,0.279,0,3,PSTPIP1
0,1.0135718362349273,0.555,0.221,0,3,SIT1
0,1.4083582783168982,0.507,0.174,0,3,CCR5
0,0.7161271038753789,0.8,0.47,0,3,IFI6
0,0.8571979471894688,0.567,0.237,0,3,GZMH
0,1.8984924515963846,0.428,0.1,0,3,MYO7A
0,0.537238486187354,0.825,0.498,0,3,LY6E
0,0.6585086796882276,0.754,0.429,0,3,CALM3
0,0.6808111841325736,0.694,0.369,0,3,LASP1
0,1.4426140977378379,0.483,0.158,0,3,CCL3
0,1.1276277735119786,0.51,0.188,0,3,PAM
0,1.1236085845519983,0.514,0.193,0,3,CHST12
0,0.6886527033242849,0.585,0.264,0,3,CTLA4
0,1.0159873356284868,0.555,0.235,0,3,OASL
0,0.8229661118626161,0.58,0.26,0,3,GZMK
0,1.0904482698358495,0.536,0.217,0,3,ITGAE
0,0.6078357173528754,0.742,0.423,0,3,UBE2L6
0,0.7709982535060729,0.609,0.291,0,3,TRAF5
0,1.0926027665511746,0.503,0.185,0,3,TRGC2
0,1.4668165928269397,0.447,0.13,0,3,KLRC4
0,0.6924953089136133,0.608,0.291,0,3,SH2D1A
0,0.5786432708522249,0.769,0.453,0,3,PARK7
0,0.5495146473366641,0.791,0.478,0,3,PSMB8
0,0.8601554981989851,0.602,0.289,0,3,COX5A
0,1.0306768612518833,0.546,0.234,0,3,ENTPD1
0,0.8012493845508457,0.558,0.251,0,3,SLFN12L
0,1.2492805647873253,0.495,0.189,0,3,FABP5
0,0.6438071990689376,0.618,0.314,0,3,INPP4B
0,0.4045251624704125,0.816,0.512,0,3,HLA-DRB5
0,0.5774262237719012,0.762,0.46,0,3,FKBP1A
0,0.44645424948015566,0.746,0.444,0,3,CD7
0,0.45143650002976043,0.829,0.527,0,3,PSME2
0,0.525530035135278,0.653,0.354,0,3,HNRNPLL
0,0.6838671755134343,0.611,0.312,0,3,MT2A
0,1.9433623742677506,0.377,0.079,0,3,FASLG
0,0.4284458094000836,0.722,0.424,0,3,LBH
0,0.6663176358045789,0.683,0.387,0,3,GAPDHP65
0,0.48231472743152315,0.694,0.398,0,3,DUSP4
0,0.8020852566315642,0.571,0.275,0,3,PCED1B
0,0.6188453893772984,0.75,0.455,0,3,GAPDHP1
0,0.5168523096418928,0.786,0.492,0,3,CCND2
0,1.1818712227202954,0.453,0.159,0,3,GPR56
0,0.884123337957579,0.548,0.255,0,3,CD2BP2
0,1.217884757459038,0.448,0.157,0,3,DFNB31
0,0.6689833474902538,0.649,0.358,0,3,ANXA5
0,0.47655605679542057,0.669,0.379,0,3,PTPN22
0,0.5909141360470016,0.654,0.364,0,3,PSME2P2
0,0.6068023877854818,0.656,0.367,0,3,PTPN7
0,1.0927218272662167,0.472,0.183,0,3,FUT8
0,0.5320694838824194,0.704,0.415,0,3,HCST
0,1.152333326780572,0.465,0.177,0,3,CXCR6
0,0.611695480869773,0.65,0.362,0,3,EID1
0,0.5121327761040224,0.675,0.388,0,3,RARRES3
0,0.7576940891460027,0.542,0.256,0,3,SLA2
0,0.505541604201705,0.596,0.31,0,3,PYHIN1
0,0.8891652423063015,0.496,0.211,0,3,KLRD1
0,0.5941056926477646,0.646,0.361,0,3,COX8A
0,2.293439800347901,0.346,0.061,0,3,AFAP1L2
0,0.44882173066879605,0.737,0.453,0,3,CTSD
0,0.408970124184451,0.841,0.558,0,3,TAP1
0,0.5529102192671773,0.69,0.41,0,3,GBP5
0,0.6831004075579937,0.567,0.288,0,3,PHLDA1
0,0.8170416570797991,0.515,0.237,0,3,CXCR3
0,1.6207063693910446,0.366,0.089,0,3,EOMES
0,0.35176471340180826,0.832,0.556,0,3,LCP2
0,0.3733458416531866,0.694,0.421,0,3,ATXN1
0,1.5748381296186276,0.376,0.104,0,3,PON2
0,0.572388151977071,0.659,0.387,0,3,RBPJ
0,0.5785567773171301,0.634,0.362,0,3,RP11-274E7.2
0,0.3992502426290494,0.754,0.484,0,3,WDR1
0,0.5423489227019371,0.616,0.346,0,3,GSTP1
0,0.6031342648516922,0.571,0.301,0,3,MIR4435-1HG
0,0.4527510070365631,0.686,0.417,0,3,RP11-673C5.1
0,0.7022698957699502,0.579,0.31,0,3,BST2
0,0.8651182923531999,0.492,0.225,0,3,YARS
0,0.8661982108428503,0.465,0.199,0,3,GIMAP6
0,0.4218638446937828,0.691,0.425,0,3,MAP4K1
0,0.5248342218674766,0.66,0.396,0,3,PSMA2
0,1.6639865846807849,0.359,0.095,0,3,AC069363.1
0,0.6059756776685404,0.609,0.346,0,3,PSMA5
0,0.5700158440365392,0.64,0.378,0,3,RAB1B
0,0.8923121162788483,0.426,0.164,0,3,TRGC1
0,0.605315583280274,0.573,0.311,0,3,DRAP1
0,0.8503962201947968,0.48,0.219,0,3,RP1-56K13.3
0,0.4423432264696312,0.697,0.436,0,3,PSMB10
0,0.4171655503934375,0.97,0.711,0,3,APOBEC3C
0,0.561357738783995,0.603,0.345,0,3,PSMB3
0,0.42368607345297193,0.711,0.453,0,3,TNFRSF1B
0,0.5293795538607893,0.592,0.334,0,3,DEK
0,0.4678768893321139,0.703,0.445,0,3,ARPC5
0,0.6524776922009599,0.539,0.282,0,3,SHFM1
0,0.8271611791383195,0.46,0.203,0,3,ARPC5L
0,1.0508309036121903,0.402,0.146,0,3,DTHD1
0,1.2147736741360655,0.371,0.115,0,3,CD8BP
0,0.8291039349126301,0.504,0.249,0,3,EZH2
0,0.5438417252263922,0.597,0.342,0,3,ATP5G3
0,0.5457482495961581,0.603,0.349,0,3,PSMD8
0,0.44984623762198517,0.672,0.419,0,3,GBP2
0,0.40570262266259205,0.635,0.382,0,3,AC104698.1
0,0.7429717991541894,0.52,0.268,0,3,SRI
0,0.9803201626821338,0.453,0.202,0,3,OAS3
0,0.7294535199135428,0.517,0.266,0,3,SPN
0,0.2729081026899416,0.728,0.477,0,3,TAPSAR1
0,0.545254463343165,0.542,0.292,0,3,SPATA13
0,0.49397885909750827,0.598,0.348,0,3,GIMAP4
0,0.8542139608228945,0.479,0.229,0,3,PRDX3
0,0.6387586445100617,0.512,0.263,0,3,SLAMF7
0,0.4696114507623712,0.643,0.394,0,3,ISG15
0,1.008284218875326,0.402,0.154,0,3,HELLS
0,0.8500504923017722,0.419,0.172,0,3,CRTAM
0,0.8969576824628422,0.44,0.193,0,3,S100PBP
0,1.2482556152586877,0.371,0.124,0,3,JAKMIP1
0,0.4294682347195504,0.665,0.42,0,3,UBE2V1
0,0.5801610353663892,0.553,0.309,0,3,PRDX5
0,0.5471742169714727,0.562,0.318,0,3,CDK2AP2
0,0.6648880396442973,0.521,0.277,0,3,C17orf49
0,0.6332624504015687,0.516,0.274,0,3,CD84
0,0.7504702588341257,0.445,0.203,0,3,NAB1
0,0.45056699494454444,0.591,0.349,0,3,ENSA
0,0.6960510129848975,0.505,0.263,0,3,IRF2
0,0.5618710781496418,0.584,0.342,0,3,ACTN4
0,0.5737885428436489,0.58,0.339,0,3,HMGN2P5
0,0.4803221052570069,0.66,0.42,0,3,XAF1
0,0.9544155999184423,0.409,0.169,0,3,SKA2
0,1.6251536414163619,0.34,0.101,0,3,STMN1
0,1.5178246453847093,0.329,0.09,0,3,GFOD1
0,0.6491429715349593,0.52,0.281,0,3,AIP
0,0.6555588235969999,0.473,0.234,0,3,TMPO
0,0.8054228479571764,0.463,0.227,0,3,GBP1
0,0.9599359526229527,0.396,0.16,0,3,APOBEC3F
0,0.6877651577527467,0.486,0.25,0,3,PPM1G
0,0.616167166287656,0.504,0.269,0,3,TMX1
0,0.5084065908841301,0.551,0.317,0,3,PDIA6
0,0.9712890856461712,0.405,0.171,0,3,DDX60
0,0.5140926944465081,0.528,0.295,0,3,CBX5
0,1.4024489411335697,0.325,0.092,0,3,BARD1
0,0.680940882007905,0.497,0.264,0,3,PSMA4
0,0.4247101691081182,0.605,0.372,0,3,HNRNPD
0,1.9522303622550643,0.293,0.06,0,3,KIR2DL4
0,0.4628588874979326,0.534,0.303,0,3,SFXN1
0,0.4822161079140248,0.555,0.324,0,3,TRAPPC1
0,0.6388044862033101,0.467,0.236,0,3,TRIM59
0,0.5180767692025463,0.584,0.353,0,3,PTPN6
0,0.8037652579871927,0.428,0.197,0,3,SMC4
0,0.6549093389593147,0.51,0.279,0,3,CD63
0,0.6838898232790762,0.511,0.28,0,3,IDH2
0,0.6465471340235014,0.551,0.321,0,3,TTN
0,1.0617008840705373,0.375,0.145,0,3,LSM2
0,0.41007767670551165,0.634,0.404,0,3,SRP9
0,0.35961319557573035,0.636,0.408,0,3,SEMA4D
0,0.6271917822373465,0.486,0.258,0,3,MDH1
0,0.6658951771992438,0.486,0.258,0,3,DTX3L
0,1.3083640581362528,0.348,0.12,0,3,FABP5P7
0,0.8188919306534737,0.395,0.168,0,3,MCTP2
0,0.9317748424696747,0.383,0.156,0,3,CD27-AS1
0,0.46817895124232445,0.571,0.344,0,3,HNRNPR
0,1.1700159666089847,0.34,0.114,0,3,ANKRD32
0,0.5959638724037665,0.476,0.25,0,3,ASXL2
0,0.7866026764777325,0.417,0.191,0,3,THEMIS
0,0.455084114646668,0.589,0.363,0,3,GNG5
0,0.6776013957155722,0.461,0.236,0,3,SNRPD3
0,0.5237923868800944,0.464,0.239,0,3,SLFN13
0,1.2454019152626818,0.334,0.111,0,3,MCM3
0,1.5047225188451534,0.313,0.09,0,3,PTMS
0,0.6383201076368954,0.453,0.231,0,3,NUDT21
0,0.5153983847394461,0.532,0.311,0,3,PAG1
0,0.5114660521597282,0.556,0.335,0,3,CTSC
0,2.447472858464969,0.266,0.045,0,3,TYMS
0,0.8469615336836152,0.386,0.165,0,3,GPR174
0,0.649231545541584,0.497,0.276,0,3,EPSTI1
0,0.9975404921315615,0.352,0.132,0,3,AC092580.4
0,0.601355179731233,0.523,0.304,0,3,SERPINB1
0,0.709719265112176,0.473,0.254,0,3,WARS
0,0.4879581897014903,0.483,0.265,0,3,ARAP2
0,1.4786352012074402,0.3,0.082,0,3,TNIP3
0,0.665473634591723,0.492,0.274,0,3,MX1
0,0.45420691470489394,0.555,0.338,0,3,ARHGAP30
0,0.7704694491624797,0.423,0.206,0,3,SNRPD1
0,0.8424351071747574,0.415,0.198,0,3,ABI3
0,0.7100995803514645,0.472,0.255,0,3,OAS2
0,0.6738976458973871,0.461,0.245,0,3,PSMB2
0,2.8322094964067195,0.27,0.054,0,3,KIAA0101
0,0.9140247003659379,0.407,0.191,0,3,UBE2F
0,1.6648781731677498,0.293,0.077,0,3,FAM3C
0,0.4924527755748711,0.503,0.288,0,3,HDAC1
0,0.9378158283323519,0.367,0.153,0,3,SYT11
0,0.41411105179081675,0.545,0.332,0,3,SP140
0,0.9673134452582217,0.388,0.175,0,3,MCM5
0,0.6486888996255209,0.422,0.209,0,3,RP11-290L1.3
0,0.5060162102452538,0.617,0.405,0,3,RPL12P38
0,0.4787616072516683,0.532,0.321,0,3,CD82
0,0.84168379011804,0.403,0.192,0,3,RANBP1
0,0.7105742346434489,0.389,0.179,0,3,MPHOSPH9
0,0.5813783877454064,0.448,0.238,0,3,BATF
0,0.5718003603548747,0.467,0.257,0,3,PMF1
0,0.7236673426986376,0.43,0.22,0,3,EIF2AK2
0,0.8581567715894638,0.38,0.17,0,3,SAE1
0,0.6241388999583322,0.416,0.206,0,3,FCRL3
0,0.4192068007613012,0.574,0.364,0,3,TLN1
0,1.260306355415326,0.312,0.103,0,3,NCALD
0,0.6923223211453549,0.428,0.219,0,3,RP11-887P2.3
0,0.5547774322091228,0.478,0.269,0,3,PVRIG
0,0.48563144045557527,0.507,0.299,0,3,UBE2L3
0,0.4253062630086585,0.547,0.339,0,3,TPI1P1
0,0.7366186289214487,0.411,0.203,0,3,AHI1
0,0.5038284365720591,0.509,0.302,0,3,RAD21
0,0.7472997896239106,0.4,0.193,0,3,AC012379.1
0,0.7224085222770597,0.419,0.212,0,3,CDK6
0,0.8738225438347973,0.386,0.18,0,3,GALNT2
0,0.49498726912781005,0.503,0.297,0,3,RALGDS
0,1.2515995704512355,0.306,0.1,0,3,NUSAP1
0,1.2366379300938128,0.312,0.107,0,3,RP11-291B21.2
0,0.5346008674913028,0.48,0.275,0,3,ATPIF1
0,0.45369139669478914,0.47,0.265,0,3,FAM53B
0,0.47615315367428956,0.463,0.259,0,3,LRBA
0,1.421464944125157,0.302,0.098,0,3,RGS3
0,1.0091680483340935,0.331,0.128,0,3,ID3
0,0.5234583182875395,0.485,0.283,0,3,OSBPL3
0,0.7508820144731337,0.389,0.187,0,3,SMC1A
0,0.4595361086618075,0.515,0.313,0,3,MYO1G
0,0.5905117207512458,0.435,0.233,0,3,PFKP
0,0.7209178280468025,0.421,0.219,0,3,FKBP1C
0,0.5721137260898663,0.438,0.237,0,3,ATP5J
0,0.494124469087842,0.473,0.272,0,3,NDUFC2
0,0.5669753634585754,0.457,0.257,0,3,COPZ1
0,1.0876791381628792,0.32,0.12,0,3,PTTG1
0,0.7880285321363152,0.353,0.153,0,3,ABCA2
0,0.6116101940051284,0.411,0.211,0,3,PIN1
0,0.8602206344149927,0.361,0.161,0,3,F2R
0,0.427020808749838,0.479,0.279,0,3,TXLNA
0,0.5328014408448268,0.455,0.256,0,3,RASSF1
0,1.0548231222473416,0.332,0.133,0,3,IFI27L2
0,1.1411865894325532,0.301,0.102,0,3,ATAD2
0,0.406026571479301,0.441,0.242,0,3,TRAT1
0,1.4395514172351593,0.283,0.084,0,3,ITGA1
0,0.47259495712696487,0.449,0.252,0,3,C12orf57
0,0.49812353278179117,0.489,0.292,0,3,SLX1A
0,0.8170297104598676,0.369,0.172,0,3,GAPDHP60
0,0.5232907415698813,0.424,0.227,0,3,SMC3
0,0.6514201824666155,0.422,0.225,0,3,PCMT1
0,0.4226856963160418,0.497,0.301,0,3,CERKL
0,0.5716529127804406,0.446,0.251,0,3,SRSF4
0,0.40339242650010915,0.491,0.296,0,3,PSD4
0,0.5055772759902155,0.497,0.302,0,3,RBCK1
0,0.472281786958618,0.465,0.27,0,3,ESYT1
0,0.7419855609310664,0.377,0.182,0,3,PTPN11
0,0.5566896979717803,0.457,0.262,0,3,TWF2
0,1.0301454933728236,0.325,0.131,0,3,MCM6
0,0.4313943376234163,0.529,0.335,0,3,PARP9
0,0.4153830845233122,0.514,0.32,0,3,SLFN5
0,0.46581920735222815,0.47,0.276,0,3,PSMD4
0,0.5867154699591832,0.422,0.229,0,3,NDUFS8
0,0.698427978189407,0.414,0.221,0,3,NDUFB3
0,0.5031320457984041,0.41,0.217,0,3,SAMD3
0,0.3248509422190412,0.473,0.28,0,3,USP24
0,0.6622897148879852,0.383,0.191,0,3,NUCB2
0,0.4257386705508637,0.476,0.284,0,3,RBX1
0,0.7699770620294384,0.373,0.181,0,3,SAMD9
0,1.3442420139445292,0.264,0.073,0,3,WDR76
0,1.0601896421593189,0.31,0.119,0,3,PCNA
0,0.9012883482483243,0.341,0.151,0,3,FIBP
0,0.583135048226515,0.389,0.2,0,3,SBF1
0,0.3374097024351815,0.502,0.313,0,3,ANP32A
0,0.3791682493584062,0.503,0.315,0,3,AP2B1
0,0.7268612198561872,0.37,0.182,0,3,MEA1
0,0.39860948570643984,0.495,0.308,0,3,SNX1
0,0.46572224065440093,0.434,0.247,0,3,SMARCE1
0,1.4340067053878125,0.264,0.077,0,3,ATP8B4
0,0.5686202924237994,0.424,0.237,0,3,ST8SIA4
0,0.49051021446187354,0.453,0.266,0,3,PARP1
0,0.9031326175885679,0.339,0.153,0,3,HLA-U
0,0.7283725346745072,0.37,0.184,0,3,C11orf48
0,0.5191257996680841,0.441,0.255,0,3,GBP4
0,0.6641250282795299,0.392,0.207,0,3,AC004797.1
0,0.6658143588624456,0.359,0.174,0,3,CLSTN3
0,0.48608536681083436,0.44,0.255,0,3,TMCO1
0,0.7352642189215124,0.366,0.181,0,3,VAMP5
0,1.5229844072945546,0.262,0.077,0,3,CKS1B
0,0.5970739770344691,0.371,0.186,0,3,GPR171
0,0.6078352583274063,0.384,0.2,0,3,SNRPF
0,0.7868373648858041,0.31,0.126,0,3,CCDC141
0,0.8275610512647393,0.331,0.148,0,3,DUT
0,0.39771972903777875,0.452,0.269,0,3,SRRT
0,0.8127551884135596,0.356,0.173,0,3,TRIM69
0,0.6445944070790345,0.38,0.197,0,3,RP11-867G23.4
0,0.8416015187302309,0.359,0.177,0,3,IFI35
0,0.46357400875063637,0.43,0.249,0,3,CMC2
0,0.9909324341454607,0.303,0.122,0,3,RPA3
0,0.43332151347311887,0.453,0.272,0,3,LBR
0,1.0847663980013782,0.294,0.113,0,3,CRIM1
0,0.48407490148543486,0.4,0.22,0,3,SUPT16H
0,1.3757810231732153,0.269,0.089,0,3,ASB2
0,0.5538260305390812,0.416,0.236,0,3,PSMC1
0,1.0779503710018592,0.296,0.116,0,3,WHSC1
0,1.5348367150096562,0.25,0.07,0,3,KLRC2
0,0.560256851416149,0.389,0.21,0,3,POLR2G
0,0.9647174068751052,0.31,0.131,0,3,MTHFD1
0,0.8444265815079841,0.36,0.181,0,3,TRAFD1
0,0.5708652524702169,0.36,0.181,0,3,MUS81
0,0.4680974962293851,0.447,0.268,0,3,BANF1
0,0.644161703481065,0.338,0.16,0,3,CKAP2
0,0.559279697392647,0.396,0.218,0,3,ZBTB38
0,0.6710072377104649,0.397,0.219,0,3,PLSCR1
0,0.47621831342113835,0.42,0.242,0,3,HMGN3
0,0.8092375559765806,0.314,0.136,0,3,EXOSC9
0,0.479106736486235,0.466,0.289,0,3,EIF4E
0,0.5511075302334574,0.398,0.221,0,3,BLOC1S1
0,0.7885595454377996,0.339,0.162,0,3,IGF2R
0,0.4686085244389051,0.444,0.267,0,3,C19orf66
0,0.4524436572243502,0.449,0.272,0,3,SEC11A
0,0.7008083357684154,0.363,0.186,0,3,GAPDHP63
0,0.7112104302998725,0.345,0.168,0,3,MRPL51
0,0.798265559393642,0.326,0.15,0,3,MCM7
0,1.447854811799807,0.272,0.096,0,3,USP18
0,0.5457085782962611,0.394,0.218,0,3,SARNP
0,0.6306619661544448,0.375,0.199,0,3,ETFB
0,0.4635434250817992,0.413,0.237,0,3,ST6GALNAC6
0,0.5184596723651292,0.416,0.24,0,3,SLX1B
0,1.1735454847237037,0.252,0.076,0,3,KLRC3
0,0.7532083606562483,0.385,0.21,0,3,IFI44L
0,0.7587405706671817,0.323,0.149,0,3,UBASH3A
0,1.2015583123351494,0.283,0.109,0,3,FANCL
0,1.1945198834726904,0.252,0.078,0,3,AC104820.2
0,0.4863427043749693,0.396,0.223,0,3,ERH
0,0.5373369577141418,0.397,0.224,0,3,ACTR1A
0,0.5500534143866251,0.404,0.231,0,3,ATP5J2
0,0.3881369106999618,0.444,0.271,0,3,RASAL3
0,0.5839210548311314,0.361,0.188,0,3,SLAMF6
0,0.7638028722013575,0.312,0.139,0,3,C12orf75
0,0.4863252724952707,0.407,0.234,0,3,PDCD6
0,0.5077891213223814,0.394,0.222,0,3,NELFCD
0,0.7304374103306635,0.334,0.162,0,3,AZI2
0,0.6315230212686092,0.358,0.186,0,3,CASP3
0,0.6681272739721505,0.333,0.162,0,3,AKR1B1
0,0.5466603413616695,0.376,0.205,0,3,RBBP7
0,0.8382109195309206,0.313,0.142,0,3,GAPDHP72
0,0.3780575191589328,0.434,0.263,0,3,MSI2
0,1.210694001411047,0.301,0.13,0,3,SEMA4A
0,0.41446214202364057,0.405,0.235,0,3,ADSS
0,0.6137922455127848,0.401,0.231,0,3,SAMD9L
0,0.4933459283267738,0.39,0.22,0,3,SF3B3
0,0.543033104715937,0.384,0.214,0,3,AL353354.2
0,0.6297098706242716,0.346,0.176,0,3,TRPS1
0,0.7770972827121319,0.31,0.14,0,3,ADORA2A
0,0.4981200159891005,0.396,0.227,0,3,GSDMD
0,0.6209989262629871,0.335,0.166,0,3,CCDC64
0,0.6498441597505401,0.331,0.162,0,3,B3GNT2
0,0.7183821008599318,0.327,0.158,0,3,CTD-2313F11.1
0,0.46708421239319664,0.421,0.252,0,3,DDB1
0,0.5315124676218419,0.427,0.258,0,3,HMGN1P38
0,0.6526455697133104,0.32,0.152,0,3,KIF22
0,0.5508938495659995,0.384,0.216,0,3,ANAPC11
0,0.4833569016465755,0.383,0.215,0,3,FIP1L1
0,0.5017798990524243,0.389,0.221,0,3,DGKZ
0,0.7253032479661745,0.319,0.151,0,3,CKAP5
0,0.610372088881943,0.372,0.205,0,3,PPM1M
0,0.4647296126544299,0.415,0.248,0,3,VOPP1
0,0.48000522300559684,0.345,0.178,0,3,NELL2
0,0.8231155761052403,0.301,0.134,0,3,FANCA
0,0.7006225718910812,0.335,0.169,0,3,NMI
0,0.46630245209308213,0.361,0.195,0,3,TSTD1
0,0.6980249286458062,0.347,0.181,0,3,RNU2-2P
0,0.46642466925098014,0.405,0.24,0,3,ACLY
0,0.6158509322323281,0.34,0.175,0,3,CMC1
0,0.7622197980244086,0.308,0.143,0,3,PPP2R5D
0,0.8737771790978363,0.303,0.138,0,3,FARSA
0,0.6650572845077334,0.339,0.175,0,3,MPG
0,0.39684831259379594,0.388,0.224,0,3,GATA3
0,0.6751415609746092,0.331,0.167,0,3,DAXX
0,0.6367341183869254,0.334,0.17,0,3,PSMC1P1
0,0.6931393298814255,0.344,0.18,0,3,NDUFA9
0,0.9625859088865233,0.269,0.106,0,3,DDX11
0,0.966227472806457,0.278,0.115,0,3,PLA2G16
0,0.5546364163054602,0.367,0.206,0,3,ARNT
0,0.7313120631047041,0.31,0.15,0,3,PPP5C
0,0.94961697514084,0.259,0.099,0,3,ABCB1
0,0.7708874453171848,0.321,0.161,0,3,PPP2R4
0,0.5457191455332591,0.389,0.229,0,3,CLTA
0,0.5373141745935675,0.371,0.211,0,3,PSMC3
0,0.6424800245200265,0.309,0.149,0,3,TBC1D2B
0,0.7956423156245136,0.304,0.144,0,3,ARL6IP6
0,0.9138682960984905,0.282,0.122,0,3,AC017002.1
0,0.7300387622776028,0.314,0.155,0,3,RFX5
0,0.832560945023225,0.302,0.143,0,3,PTPLAD2
0,0.4934275861184515,0.37,0.211,0,3,C5orf56
0,0.522061777553005,0.359,0.2,0,3,MRPS34
0,1.1251654429778943,0.251,0.093,0,3,ORMDL3
0,0.767291586800128,0.293,0.135,0,3,HIST1H1E
0,0.7406128159112055,0.293,0.135,0,3,STRA13
0,0.593378241435387,0.347,0.189,0,3,FAM195B
0,0.8257630750528305,0.312,0.155,0,3,IFI44
0,0.653360030699718,0.312,0.155,0,3,TADA3
0,0.41813945953288006,0.356,0.199,0,3,SNRNP27
0,0.6463600902856537,0.334,0.178,0,3,NDUFS6
0,0.6035000638556279,0.34,0.184,0,3,SRGAP2B
0,0.6398179204994371,0.322,0.167,0,3,NDUFAB1
0,0.8904090885500476,0.25,0.095,0,3,KIF21A
0,0.6243011671598763,0.312,0.158,0,3,EED
0,0.6920637978727865,0.31,0.156,0,3,SNRPE
0,0.8382663219551671,0.297,0.143,0,3,RP11-490H24.5
0,0.5572203610580978,0.357,0.203,0,3,ACP5
0,0.4417880936842231,0.354,0.2,0,3,MAZ
0,0.5012041145104511,0.348,0.194,0,3,TOMM5
0,0.45104887400899263,0.334,0.181,0,3,RFC1
0,0.6163274903925345,0.297,0.144,0,3,SYTL2
0,0.8044475718390324,0.254,0.101,0,3,KNTC1
0,0.49879636995421145,0.354,0.201,0,3,RIN3
0,0.8937757304316163,0.284,0.131,0,3,TUBBP1
0,0.6268010181562629,0.332,0.18,0,3,MOV10
0,0.4970541885581711,0.334,0.182,0,3,CEP57
0,0.8318668884133954,0.301,0.149,0,3,ACSL4
0,0.7232021159092311,0.282,0.13,0,3,RRM1
0,0.4539738650589533,0.338,0.187,0,3,EBP
0,0.9464439647938246,0.277,0.126,0,3,WSB2
0,0.7567260813035467,0.383,0.232,0,3,BCAS4
0,0.38228725387850093,0.364,0.213,0,3,AC024592.12
0,0.5533711635097809,0.352,0.201,0,3,CYC1
0,0.6238863181814612,0.327,0.177,0,3,PHPT1
0,0.5784931173872012,0.341,0.191,0,3,RTF1
0,1.0247779586714416,0.254,0.104,0,3,UBASH3B
0,0.600648457551354,0.334,0.184,0,3,EYA3
0,0.6000928362529817,0.31,0.16,0,3,SNRPA
0,0.6663975328586261,0.312,0.162,0,3,OXCT1
0,0.6135410344755867,0.321,0.171,0,3,CDC123
0,0.6360872943276624,0.302,0.152,0,3,SSNA1
0,0.8573872384622324,0.268,0.119,0,3,GALNT1
0,0.4777059215566407,0.325,0.176,0,3,UBE2L5P
0,0.8672598319149657,0.254,0.106,0,3,HIST1H1C
0,0.5861503299760691,0.327,0.18,0,3,PSMD14
0,0.6022548855773237,0.335,0.188,0,3,ASCC1
0,0.6061981108913626,0.309,0.162,0,3,STOML2
0,0.4433308451401374,0.347,0.2,0,3,NOTCH1
0,0.6712976002526672,0.293,0.147,0,3,HSD17B10
0,0.7638714398682256,0.285,0.139,0,3,STAMBP
0,0.6067259091812807,0.319,0.174,0,3,LMAN1
0,0.5395486772632588,0.333,0.188,0,3,CARHSP1
0,0.6971711676476277,0.262,0.117,0,3,USP1
0,0.4522586184713156,0.346,0.201,0,3,CMTR1
0,0.5190090477710843,0.326,0.182,0,3,YIPF3
0,0.5698880651964533,0.322,0.178,0,3,NUDT5
0,0.7991482860167562,0.259,0.116,0,3,MAD2L2
0,0.8859528209957453,0.262,0.119,0,3,GYG1
0,0.5667505128119488,0.282,0.139,0,3,NNT
0,0.8735845509694572,0.263,0.121,0,3,COG4
0,0.6470977371524447,0.297,0.155,0,3,SLC25A11
0,0.8603506887478777,0.253,0.112,0,3,AK3
0,0.5749863797919237,0.302,0.161,0,3,TSTA3
0,0.598504889156171,0.278,0.138,0,3,BAZ1B
0,0.6190949356593335,0.269,0.129,0,3,SFMBT2
0,0.8619519725956298,0.258,0.118,0,3,RP11-500M8.7
0,0.6565779498900856,0.284,0.144,0,3,RP11-289I10.2
0,0.5523972053483823,0.309,0.17,0,3,DCAF11
0,0.5600485002376536,0.285,0.146,0,3,C21orf91
0,0.6165399588102621,0.277,0.139,0,3,HOPX
0,0.5336355144335572,0.293,0.156,0,3,HDAC7
0,0.5403196997435528,0.306,0.169,0,3,NRAS
0,0.6077350173930776,0.278,0.142,0,3,THYN1
0,0.6979446290269384,0.258,0.122,0,3,REC8
0,0.6039260650961917,0.276,0.14,0,3,ZCRB1
0,0.6090208481272111,0.275,0.139,0,3,LSM6
0,0.5942402218684156,0.275,0.14,0,3,DNAJC9
0,0.6284438745112162,0.288,0.153,0,3,ITGB7
0,0.571996387318949,0.285,0.15,0,3,MBD6
0,0.534439891793558,0.278,0.145,0,3,HSPB11
0,0.6317986246037176,0.285,0.154,0,3,TNFSF10
0,0.5284628380726181,0.265,0.135,0,3,TPGS2
0,0.7452543675397196,0.293,0.163,0,3,OAS1
0,0.6189040844771206,0.276,0.147,0,3,HAT1
0,0.6358476263302532,0.268,0.139,0,3,FAM160B1
0,0.606590178335518,0.272,0.144,0,3,URM1
0,0.6219577475629412,0.258,0.13,0,3,PRPS1
0,0.6935372758637335,0.257,0.129,0,3,GADD45GIP1
0,0.5785608834533593,0.259,0.132,0,3,GMPS
0,0.6061872412936266,0.273,0.147,0,3,ASNA1
0,0.6580224294205907,0.256,0.131,0,3,SPAG7
0,0.6328389031547433,0.256,0.131,0,3,ZFP91
0,0.5743959708656988,0.258,0.134,0,3,ACTR1B
0,0.6265532846474644,0.25,0.126,0,3,TRAPPC2L
0,0.501129151637669,0.263,0.14,0,3,ANKRD52
0,0.5898174354255545,0.26,0.138,0,3,GMDS
2.220446049250313e-16,0.4036064442460576,0.693,0.454,8.124612094206896e-12,3,HNRNPF
2.220446049250313e-16,0.3448631791727982,0.597,0.378,8.124612094206896e-12,3,MAPRE2
2.220446049250313e-16,0.4110347967487955,0.562,0.35,8.124612094206896e-12,3,ATP5C1
2.220446049250313e-16,0.29426503234202545,0.631,0.421,8.124612094206896e-12,3,NUCKS1
2.220446049250313e-16,0.42184333136941565,0.56,0.356,8.124612094206896e-12,3,RASSF5
2.220446049250313e-16,0.36917127486687473,0.523,0.319,8.124612094206896e-12,3,CASP2
2.220446049250313e-16,0.36798423626502563,0.555,0.357,8.124612094206896e-12,3,MAP4
2.220446049250313e-16,0.4434524331219776,0.457,0.275,8.124612094206896e-12,3,PUF60
2.220446049250313e-16,0.4123642289668303,0.391,0.226,8.124612094206896e-12,3,UQCRFS1P1
2.220446049250313e-16,0.4290334567911927,0.377,0.22,8.124612094206896e-12,3,CRKL
2.220446049250313e-16,0.46179117876961767,0.392,0.236,8.124612094206896e-12,3,NUTF2
2.220446049250313e-16,0.4512598216917394,0.351,0.198,8.124612094206896e-12,3,MIR3615
2.220446049250313e-16,0.49607805507902336,0.328,0.183,8.124612094206896e-12,3,CYB5B
2.220446049250313e-16,0.47548015700230667,0.333,0.191,8.124612094206896e-12,3,MRPS16
2.220446049250313e-16,0.5017124246596407,0.315,0.175,8.124612094206896e-12,3,SNRNP40
2.220446049250313e-16,0.5235860842045043,0.312,0.172,8.124612094206896e-12,3,GTF3C6
2.220446049250313e-16,0.3274965438967059,0.307,0.168,8.124612094206896e-12,3,FANCD2
2.220446049250313e-16,0.5281749039231166,0.315,0.179,8.124612094206896e-12,3,VTA1
2.220446049250313e-16,0.4364711629289918,0.289,0.154,8.124612094206896e-12,3,SRPK1
2.220446049250313e-16,0.5903570791358536,0.309,0.178,8.124612094206896e-12,3,GTF3C1
2.220446049250313e-16,0.5643703042339608,0.275,0.15,8.124612094206896e-12,3,PROSER1
2.220446049250313e-16,0.5978515312435145,0.269,0.144,8.124612094206896e-12,3,THOC7
2.220446049250313e-16,0.5564572379969728,0.262,0.138,8.124612094206896e-12,3,KLHDC3
4.440892098500626e-16,0.4549624542219832,0.448,0.269,1.624922418841379e-11,3,DBI
4.440892098500626e-16,0.47004073936509166,0.35,0.205,1.624922418841379e-11,3,EIF2S1
4.440892098500626e-16,0.38947634622153315,0.338,0.197,1.624922418841379e-11,3,FUT5
4.440892098500626e-16,0.41236408577749,0.298,0.162,1.624922418841379e-11,3,RNASEH2B
4.440892098500626e-16,0.51039944987946,0.277,0.151,1.624922418841379e-11,3,NUP93
4.440892098500626e-16,0.5989504747597096,0.259,0.14,1.624922418841379e-11,3,MRPL37
6.661338147750939e-16,0.44224455204226176,0.577,0.377,2.4373836282620687e-11,3,TUBB
6.661338147750939e-16,0.47349411720988827,0.369,0.214,2.4373836282620687e-11,3,AP2S1
6.661338147750939e-16,0.5507484335401992,0.321,0.185,2.4373836282620687e-11,3,CHMP5
6.661338147750939e-16,0.487395098815219,0.297,0.162,2.4373836282620687e-11,3,ITGB1BP1
8.881784197001252e-16,0.2979396533924553,0.509,0.318,3.249844837682758e-11,3,C7orf55-LUC7L2
8.881784197001252e-16,0.4406064126800835,0.447,0.269,3.249844837682758e-11,3,UQCR10
8.881784197001252e-16,0.3723891512179165,0.416,0.258,3.249844837682758e-11,3,PARP4
8.881784197001252e-16,0.41937743145122347,0.378,0.224,3.249844837682758e-11,3,MAP2K2
8.881784197001252e-16,0.531087967349624,0.332,0.191,3.249844837682758e-11,3,BAK1
8.881784197001252e-16,0.5662307010702541,0.278,0.152,3.249844837682758e-11,3,ATP5G1
1.1102230246251565e-15,0.3927046079629184,0.86,0.537,4.062306047103448e-11,3,PRKCH
1.3322676295501878e-15,0.5046489170999385,0.36,0.215,4.8747672565241373e-11,3,ETFA
1.3322676295501878e-15,0.42173540485856864,0.308,0.173,4.8747672565241373e-11,3,RBBP4P1
1.3322676295501878e-15,0.5133927965912413,0.295,0.167,4.8747672565241373e-11,3,R3HDM1
1.5543122344752192e-15,0.3278023210469392,0.717,0.476,5.687228465944827e-11,3,ITGA4
1.5543122344752192e-15,0.4584671400783157,0.31,0.174,5.687228465944827e-11,3,NUDT19
1.9984014443252818e-15,0.2759233023147667,0.775,0.531,7.312150884786206e-11,3,WNK1
1.9984014443252818e-15,0.39950260317209363,0.479,0.29,7.312150884786206e-11,3,C14orf166
1.9984014443252818e-15,0.3471940766902678,0.505,0.318,7.312150884786206e-11,3,ADRBK1
2.220446049250313e-15,0.3076005040405734,0.533,0.347,8.124612094206896e-11,3,STARD7
2.220446049250313e-15,0.4631698916708611,0.315,0.18,8.124612094206896e-11,3,PLCG1
2.4424906541753444e-15,0.41277316892950533,0.553,0.349,8.937073303627585e-11,3,PSMA6
2.6645352591003757e-15,0.3085591404964805,0.484,0.306,9.749534513048275e-11,3,NUP50
2.6645352591003757e-15,0.5031387765617362,0.333,0.196,9.749534513048275e-11,3,PPP1CC
2.6645352591003757e-15,0.48869924249664043,0.288,0.163,9.749534513048275e-11,3,MCOLN2
2.886579864025407e-15,0.4303058183329599,0.453,0.268,1.0561995722468964e-10,3,LIME1
3.1086244689504383e-15,0.38549265419454115,0.454,0.279,1.1374456931889654e-10,3,DNMT1
3.1086244689504383e-15,0.4204766425871569,0.404,0.237,1.1374456931889654e-10,3,MFSD10
3.552713678800501e-15,0.42063439242876566,0.454,0.279,1.2999379350731033e-10,3,MDH2
3.552713678800501e-15,0.36731710818755314,0.404,0.248,1.2999379350731033e-10,3,ARPC4-TTLL3
3.774758283725532e-15,0.36289663507672454,0.591,0.38,1.3811840560151722e-10,3,SURF4
3.9968028886505635e-15,0.3942501472171711,0.593,0.372,1.4624301769572412e-10,3,BRK1
3.9968028886505635e-15,0.35947360993210087,0.521,0.326,1.4624301769572412e-10,3,APMAP
3.9968028886505635e-15,0.42163352245146046,0.478,0.296,1.4624301769572412e-10,3,DYNLL1
4.218847493575595e-15,0.41182065335885903,0.417,0.245,1.5436762978993102e-10,3,RP4-583P15.14
4.218847493575595e-15,0.33398325625295733,0.391,0.239,1.5436762978993102e-10,3,SDHAP1
4.218847493575595e-15,0.39389448045982967,0.325,0.192,1.5436762978993102e-10,3,YEATS2
4.440892098500626e-15,0.42242936568476935,0.272,0.151,1.624922418841379e-10,3,DCLRE1C
4.884981308350689e-15,0.44501917698027527,0.264,0.146,1.787414660725517e-10,3,AKAP11
5.551115123125783e-15,0.4767088311702238,0.321,0.184,2.031153023551724e-10,3,PSMC4
5.551115123125783e-15,0.47200982407496833,0.29,0.162,2.031153023551724e-10,3,STAMBPL1
6.217248937900877e-15,0.4257549365887515,0.339,0.199,2.2748913863779308e-10,3,CREBZF
6.439293542825908e-15,0.3912037807847025,0.369,0.22,2.3561375073199997e-10,3,AP3S1
6.8833827526759706e-15,0.3807451959578556,0.515,0.329,2.5186297492041376e-10,3,SCAMP2
6.8833827526759706e-15,0.4411064976309293,0.291,0.165,2.5186297492041376e-10,3,RECQL
7.105427357601002e-15,0.4659046839786585,0.438,0.273,2.5998758701462066e-10,3,IGFLR1
7.105427357601002e-15,0.5466924675845265,0.259,0.142,2.5998758701462066e-10,3,ACAA2
7.549516567451064e-15,0.45858817475479063,0.283,0.157,2.7623681120303445e-10,3,MAGOH
7.549516567451064e-15,0.5514056043436382,0.251,0.136,2.7623681120303445e-10,3,C11orf73
8.43769498715119e-15,0.4191426700592349,0.444,0.273,3.0873525957986203e-10,3,CHMP4A
8.43769498715119e-15,0.5134514027408132,0.285,0.159,3.0873525957986203e-10,3,GIMAP2
8.43769498715119e-15,0.5554636411544902,0.277,0.156,3.0873525957986203e-10,3,TARS
9.103828801926284e-15,0.4349609171431467,0.319,0.181,3.331090958624827e-10,3,ZBP1
9.325873406851315e-15,0.48234472019461977,0.275,0.153,3.412337079566896e-10,3,CSNK2A1
9.992007221626409e-15,0.42654866729371077,0.306,0.175,3.656075442393103e-10,3,LYPLA1
1.021405182655144e-14,0.4319515978206552,0.338,0.197,3.737321563335172e-10,3,DPF2
1.021405182655144e-14,0.5200574304913707,0.259,0.142,3.737321563335172e-10,3,MITD1
1.0436096431476471e-14,0.46130990454542975,0.369,0.223,3.818567684277241e-10,3,SQRDL
1.0658141036401503e-14,0.39396567721793097,0.325,0.185,3.89981380521931e-10,3,HLA-DPB2
1.0880185641326534e-14,0.4141299274653797,0.435,0.266,3.981059926161379e-10,3,NDUFB11
1.0880185641326534e-14,0.29442166840879436,0.422,0.262,3.981059926161379e-10,3,HBS1L
1.0880185641326534e-14,0.3799518574947171,0.306,0.173,3.981059926161379e-10,3,TBC1D4
1.1102230246251565e-14,0.39669637213544734,0.315,0.179,4.062306047103448e-10,3,MRP63
1.176836406102666e-14,0.4372660235935487,0.346,0.202,4.3060444099296546e-10,3,PSMG2
1.176836406102666e-14,0.5159887478165162,0.304,0.176,4.3060444099296546e-10,3,POLDIP3
1.199040866595169e-14,0.38642595655284917,0.773,0.497,4.3872905308717236e-10,3,ANXA6
1.199040866595169e-14,0.38535114115283414,0.366,0.222,4.3872905308717236e-10,3,DCTN2
1.2878587085651816e-14,0.43202649025376993,0.363,0.224,4.712275014639999e-10,3,PTPRJ
1.3766765505351941e-14,0.3322502292469043,0.558,0.362,5.037259498408275e-10,3,PARVG
1.3766765505351941e-14,0.5251402958874261,0.281,0.156,5.037259498408275e-10,3,HIST1H2BK
1.3766765505351941e-14,0.3652729331884212,0.281,0.159,5.037259498408275e-10,3,IPO9
1.4432899320127035e-14,0.46839020271995535,0.308,0.18,5.280997861234482e-10,3,MLX
1.4876988529977098e-14,0.32225569657659836,0.514,0.333,5.44349010311862e-10,3,GPRIN3
1.5765166949677223e-14,0.46247940116582165,0.316,0.182,5.768474586886896e-10,3,SNRPC
1.5987211554602254e-14,0.3875242885178331,0.398,0.245,5.849720707828965e-10,3,CAPRIN1
1.6431300764452317e-14,0.36416527174290114,0.493,0.315,6.012212949713103e-10,3,RER1
1.687538997430238e-14,0.35506883190523886,0.63,0.409,6.174705191597241e-10,3,VCP
1.687538997430238e-14,0.38725603662436814,0.515,0.322,6.174705191597241e-10,3,PRDX6
1.7985612998927536e-14,0.373336999943922,0.404,0.256,6.580935796307585e-10,3,CLASP1
1.8207657603852567e-14,0.37213755967815026,0.477,0.314,6.662181917249654e-10,3,APOL6
1.9761969838327786e-14,0.3724557987532504,0.342,0.202,7.230904763844137e-10,3,AC006129.2
2.0650148258027912e-14,0.36671147154629474,0.392,0.232,7.555889247612413e-10,3,MEAF6
2.1094237467877974e-14,0.34147910400463555,0.376,0.228,7.718381489496551e-10,3,CCSER2
2.1316282072803006e-14,0.33638865744388735,0.574,0.364,7.79962761043862e-10,3,SLC9A3R1
2.1760371282653068e-14,0.384713524459499,0.86,0.56,7.962119852322758e-10,3,HLA-DRB1
2.220446049250313e-14,0.3249159507988855,0.396,0.246,8.124612094206896e-10,3,ARL17B
2.2426505097428162e-14,0.25646716628503646,0.408,0.238,8.205858215148965e-10,3,MLLT3
2.2648549702353193e-14,0.3528204495112056,0.499,0.306,8.287104336091033e-10,3,RNF167
2.3314683517128287e-14,0.5075038587188417,0.296,0.173,8.53084269891724e-10,3,USB1
2.3314683517128287e-14,0.49509618771959596,0.25,0.135,8.53084269891724e-10,3,NCAPH2
2.6867397195928788e-14,0.3863963579970737,0.416,0.249,9.830780633990344e-10,3,COPS6
2.708944180085382e-14,0.3964757831009751,0.383,0.229,9.912026754932413e-10,3,AP1M1
2.708944180085382e-14,0.4495386591682677,0.272,0.147,9.912026754932413e-10,3,ATP6V0E2
2.886579864025407e-14,0.48947249820475935,0.284,0.163,1.0561995722468964e-9,3,PSMA6P1
2.9531932455029164e-14,0.42478400637959585,0.392,0.237,1.0805734085295171e-9,3,AURKAIP1
3.108624468950438e-14,0.40773936251610793,0.372,0.226,1.1374456931889654e-9,3,HK1
3.241851231905457e-14,0.30374511520078756,0.405,0.245,1.1861933657542068e-9,3,LRMP
3.26405569239796e-14,0.3546427728623238,0.328,0.188,1.1943179778484136e-9,3,RPA1
3.597122599785507e-14,0.4637103803515338,0.439,0.276,1.316187159261517e-9,3,LGALS1
3.6637359812630166e-14,0.34416286531049844,0.709,0.432,1.3405609955441378e-9,3,CD96
3.8191672047105385e-14,0.44153896100198575,0.316,0.184,1.397433280203586e-9,3,CNIH4
4.3076653355456074e-14,0.3034997898664639,0.337,0.203,1.5761747462761377e-9,3,PIK3CG
4.4853010194856324e-14,0.2589108205732201,0.579,0.386,1.641171643029793e-9,3,KMT2A
4.574118861455645e-14,0.36920720597176926,0.573,0.364,1.6736700914066205e-9,3,CSNK2B
4.707345624410664e-14,0.4139512330381712,0.327,0.191,1.7224177639718619e-9,3,RP11-622K12.1
4.8405723873656825e-14,0.47317595808803425,0.29,0.166,1.7711654365371032e-9,3,TXN2
4.907185768843192e-14,0.3282090194977094,0.465,0.288,1.795539272819724e-9,3,SRSF10
5.10702591327572e-14,0.35852257824871725,0.404,0.247,1.868660781667586e-9,3,SF3B4
5.129230373768223e-14,0.383476540390679,0.382,0.237,1.876785393761793e-9,3,DCAF7
5.129230373768223e-14,0.5901431434599385,0.256,0.146,1.876785393761793e-9,3,RP11-343N15.5
5.218048215738236e-14,0.49271138859917185,0.308,0.18,1.9092838421386205e-9,3,MPC2
5.484501741648273e-14,0.3204096612644681,0.419,0.267,2.006779187269103e-9,3,GBF1
5.5067062021407764e-14,0.3125207097917486,0.548,0.335,2.01490379936331e-9,3,CLEC2B
6.039613253960852e-14,0.3329327211244124,0.49,0.317,2.2098944896242756e-9,3,PDE4DIP
6.372680161348399e-14,0.4466929243535231,0.359,0.216,2.331763671037379e-9,3,SIVA1
6.661338147750939e-14,0.4733399469386118,0.316,0.191,2.4373836282620687e-9,3,TRIM25
6.927791673660977e-14,0.5011188122269696,0.289,0.167,2.5348789733925514e-9,3,PDHB
7.238654120556021e-14,0.4519397350356778,0.257,0.145,2.648623542711448e-9,3,UHMK1
8.149037000748649e-14,0.4297962555866743,0.35,0.216,2.9817326385739307e-9,3,KHDRBS1
8.704148513061227e-14,0.36351383314129987,0.327,0.194,3.184847940929103e-9,3,FAM111A
9.592326932761353e-14,0.5245056777398764,0.258,0.148,3.509832424697379e-9,3,FAM105B
9.681144774731365e-14,0.4053752798643261,0.415,0.255,3.5423308730742065e-9,3,TALDO1
1.0058620603103918e-13,0.308353668500608,0.363,0.225,3.6804492786757237e-9,3,FOXN2
1.021405182655144e-13,0.45207226121966543,0.279,0.158,3.737321563335172e-9,3,PHTF1
1.0302869668521453e-13,0.4160038223792523,0.385,0.233,3.7698200117119995e-9,3,DGUOK
1.056932319443149e-13,0.3968802128999208,0.296,0.17,3.867315356842482e-9,3,CCAR2
1.0591527654923993e-13,0.26429590108993356,0.417,0.257,3.875439968936689e-9,3,RASGRP1
1.0746958878371515e-13,0.38818530889304426,0.445,0.278,3.9323122535961375e-9,3,WDR83OS
1.2589929099249275e-13,0.40548139304302216,0.371,0.224,4.60665505741531e-9,3,TMEM14B
1.2634338020234281e-13,0.3698996429142881,0.47,0.29,4.6229042816037236e-9,3,UQCRFS1
1.270095140171179e-13,0.36853406331330507,0.463,0.282,4.647278117886344e-9,3,C9orf16
1.290079154614432e-13,0.3794756752796783,0.347,0.204,4.720399626734206e-9,3,POLR2K
1.3167245072054357e-13,0.4278434574350911,0.309,0.184,4.817894971864689e-9,3,TMX3
1.3367085216486885e-13,0.4264775109984599,0.264,0.149,4.891016480712551e-9,3,IL12RB1
1.389999226830696e-13,0.5092592935447049,0.285,0.166,5.086007170973517e-9,3,MRPS7
1.5143442055887135e-13,0.44144735634082266,0.35,0.209,5.540985448249103e-9,3,GSTO1
1.5276668818842154e-13,0.5059345874823468,0.31,0.19,5.589733120814344e-9,3,AD000671.6
1.5853984791647235e-13,0.326734921362567,0.644,0.418,5.8009730352637234e-9,3,BUB3
1.8318679906315083e-13,0.39004313981088984,0.408,0.251,6.702804977720689e-9,3,TMEM109
1.8807178037150152e-13,0.45244098090005347,0.307,0.178,6.8815464437932405e-9,3,FDPS
1.9562129693895258e-13,0.4863810596935381,0.32,0.195,7.157783254996275e-9,3,RALA
1.9673151996357774e-13,0.39417202795161227,0.332,0.197,7.1984063154673095e-9,3,FAS
2.0050627824730327e-13,0.4384919652928968,0.304,0.178,7.336524721068827e-9,3,C19orf43
2.1338486533295509e-13,0.3319637267861357,0.623,0.422,7.807752222532827e-9,3,HNRNPA3
2.184918912462308e-13,0.41272745149278145,0.291,0.168,7.994618300699585e-9,3,LARP7
2.2715163083830703e-13,0.32855637253292735,0.453,0.281,8.311478172373654e-9,3,RP1-241P17.4
2.282618538629322e-13,0.46478214716377875,0.258,0.144,8.352101232844689e-9,3,UBL7
2.404743071338089e-13,0.2961313822658881,0.57,0.372,8.798954898026068e-9,3,TROVE2
2.5357493882438575e-13,0.415970176255116,0.339,0.205,9.278307011584275e-9,3,USP39
2.5579538487363607e-13,0.32853173391162016,0.345,0.206,9.359553132526344e-9,3,TMX4
2.6201263381153694e-13,0.3812060042471689,0.455,0.294,9.587042271164137e-9,3,VDAC1
2.657873920952625e-13,0.3332387244858924,0.356,0.214,9.725160676765654e-9,3,NLRC3
2.7133850721838826e-13,0.3067169674226907,0.572,0.366,9.928275979120826e-9,3,RNF4
2.879918525877656e-13,0.35338417219593926,0.402,0.254,1.0537621886186344e-8,3,IL21R
2.879918525877656e-13,0.2646003192755728,0.357,0.213,1.0537621886186344e-8,3,RSBN1L
3.1818991885756986e-13,0.3565574039306726,0.517,0.323,1.1642569130998481e-8,3,COX6C
3.2174263253637037e-13,0.3005493132226109,0.375,0.235,1.1772562924505792e-8,3,TP53
3.4927616354707425e-13,0.46689111550507034,0.298,0.176,1.2780014824187447e-8,3,PDCD10
3.7414515929867775e-13,0.35532197207432425,0.524,0.329,1.3689971378738619e-8,3,ARF5
4.0323300254385686e-13,0.32966572519652815,0.285,0.162,1.4754295563079722e-8,3,EXOSC8
4.076738946423575e-13,0.383171081439719,0.46,0.293,1.491678780496386e-8,3,NDUFS7
4.0967229608668276e-13,0.34232166844240947,0.333,0.194,1.4989909313811722e-8,3,RP11-101E13.5
4.178879464689089e-13,0.3702945621861435,0.448,0.28,1.5290519961297377e-8,3,TXN
4.1966430330830917e-13,0.3610630934235695,0.394,0.245,1.5355516858051033e-8,3,AK2
4.5274894944213884e-13,0.46584160078441283,0.294,0.175,1.656608406008786e-8,3,NAA60
4.596323321948148e-13,0.41461444838399225,0.268,0.156,1.6817947035008274e-8,3,INTS3
4.622968674539152e-13,0.2987297083764383,0.424,0.278,1.6915442380138757e-8,3,CPSF6
5.009326287108706e-13,0.2525870135721576,0.384,0.237,1.8329124884530756e-8,3,PRKCQ
5.522249324485529e-13,0.457892721273464,0.304,0.181,2.020591027829255e-8,3,FPGS
5.877520692365579e-13,0.3454024450406661,0.363,0.225,2.1505848213365653e-8,3,LIMS1
5.919709167301335e-13,0.28240295421593065,0.313,0.186,2.1660215843155584e-8,3,ENOSF1
6.24167384444263e-13,0.36461044298689943,0.288,0.165,2.2838284596815583e-8,3,GRAP2
7.005507285384738e-13,0.38370793767103256,0.394,0.243,2.5633151157222756e-08,3,DYNLRB1
7.076561558960748e-13,0.3162366733486408,0.444,0.289,2.5893138744237376e-8,3,HCFC1
7.125411372044255e-13,0.413059989129303,0.263,0.153,2.6071880210309928e-8,3,OPA1
7.23421322845752e-13,0.46587178041375127,0.259,0.148,2.6469986202926066e-8,3,SMIM12
7.966960424710123e-13,0.3946694599577646,0.385,0.234,2.915110819401434e-8,3,ATP5I
8.191225475684405e-13,0.3773104859233416,0.562,0.36,2.997169401552924e-8,3,TSPO
8.202327705930657e-13,0.3588354880054015,0.333,0.199,3.001231707600027e-8,3,PYCR2
8.251177519014163e-13,0.3505400409002567,0.432,0.27,3.0191058542072824e-8,3,BIN1
8.364420267525929e-13,0.4178522704374481,0.256,0.147,3.0605413758877376e-8,3,HNRNPA3P6
8.422151864806438e-13,0.49956715745679775,0.262,0.155,3.0816653673326755e-8,3,GRHPR
8.757439218243235e-13,0.4886646683330751,0.259,0.152,3.2043470099551996e-8,3,RP4-583P15.15
9.157119507108291e-13,0.3070786300352648,0.699,0.442,3.350590027650924e-8,3,HLA-DRA
9.308109838457312e-13,0.4612808886588913,0.259,0.146,3.4058373898915306e-8,3,NT5C
9.312550730555813e-13,0.4234319741090225,0.301,0.178,3.407462312310372e-8,3,SLBP
9.392486788328824e-13,0.3321201418739665,0.408,0.266,3.436710915849517e-8,3,BTN3A3
9.772183062750628e-13,0.33013143554914204,0.401,0.243,3.575641782660455e-8,3,BTG3
1.1117773368596318e-12,0.3526470859006965,0.491,0.328,4.0679932755693926e-8,3,PA2G4
1.1266543253896089e-12,0.2880366534521296,0.427,0.272,4.122428176600579e-8,3,NFATC3
1.1586287484988134e-12,0.3450086243052725,0.37,0.236,4.239422590757158e-8,3,TAP2
1.2245759961615477e-12,0.32097702931447275,0.408,0.252,4.480723569955103e-8,3,ACP1
1.2967404927621828e-12,0.3612567564668574,0.561,0.359,4.744773463016827e-8,3,COX7A2
1.3278267374516872e-12,0.34575581860320537,0.521,0.339,4.8585180323357235e-8,3,CCT8
1.3573586699067164e-12,0.2805263553739555,0.333,0.204,4.966575373188675e-8,3,RFFL
1.3782308627696693e-12,0.49587165132809663,0.278,0.165,5.04294672687422e-8,3,SUCLG1
1.4162004902118497e-12,0.3078209821417921,0.568,0.371,5.181877593685158e-8,3,CAPN2
1.5170087408478139e-12,0.25541739620788917,0.369,0.235,5.550734982762151e-8,3,SP3
1.5694112676101213e-12,0.420591094760824,0.254,0.146,5.742475828185434e-8,3,LSM3
1.5720758028692217e-12,0.3583183379393532,0.529,0.336,5.752225362698482e-8,3,COX6B1
1.5947243525715749e-12,0.4561668784036678,0.321,0.2,5.8350964060593924e-8,3,CHMP1A
1.5989432000651504e-12,0.39565656228013835,0.319,0.191,5.8505331690383855e-8,3,SRP19
1.6786572132332367e-12,0.3700176868703946,0.398,0.248,6.142206743220413e-8,3,PHB2
1.6828760607268123e-12,0.4656713204030011,0.284,0.168,6.157643506199406e-8,3,ECHS1
1.6922019341336636e-12,0.34022066737042844,0.356,0.215,6.191766876995075e-8,3,NAA38
1.7073009672685657e-12,0.3189640267829834,0.817,0.573,6.247014239235682e-8,3,HMGB1P5
1.7201795543542175e-12,0.37455630610073287,0.449,0.293,6.294136989382082e-8,3,LAP3
1.73705494432852e-12,0.4749422969773453,0.253,0.145,6.355884041298054e-8,3,CYB561D2
1.870947841098314e-12,0.36565542345483193,0.358,0.219,6.84579815057873e-8,3,LSM4
2.0123902544355587e-12,0.33092663393340094,0.595,0.376,7.36333594097971e-8,3,TCEB2
2.036371071767462e-12,0.3055301974330581,0.505,0.341,7.451081751597144e-8,3,ACTR2
2.0468071681989386e-12,0.34667116271675125,0.356,0.218,7.489267428439916e-8,3,IP6K2
2.3303581286882036e-12,0.3958483319435356,0.361,0.224,8.526780392870137e-8,3,CHMP2A
2.389199948993337e-12,0.30358539756749525,0.447,0.292,8.74208261336662e-8,3,ARHGEF3
2.3934187964869125e-12,0.37945405603494425,0.331,0.201,8.757519376345613e-8,3,MTG1
2.596811654598241e-12,0.4136789014575297,0.315,0.193,9.501733844174964e-8,3,PARP10
2.62501131942372e-12,0.4635912577009791,0.257,0.149,9.604916417771392e-8,3,TIMMDC1
2.69517741458003e-12,0.39347265597165937,0.295,0.177,9.86165415994833e-8,3,IMMT
2.8321789358187743e-12,0.3069197966832644,0.389,0.245,1.0362942726160895e-7,3,MED4
2.887023953235257e-12,0.42017937176783415,0.265,0.157,1.0563620644887806e-7,3,BAK1P1
2.899902540320909e-12,0.4070457891367011,0.263,0.154,1.0610743395034206e-7,3,RCOR3
2.9913849175500218e-12,0.32643850428695165,0.405,0.255,1.094547741331553e-7,3,CTD-2231E14.8
3.0238034298690764e-12,0.27835139926616304,0.702,0.474,1.106409674989095e-7,3,SH3KBP1
3.390843161810153e-12,0.29355323587890325,0.559,0.368,1.240709512906335e-7,3,CASP4
3.403277659685955e-12,0.27011869075852324,0.528,0.352,1.245259295679091e-7,3,SDHA
3.4225955403144326e-12,0.4164106423775893,0.337,0.209,1.252327708201051e-7,3,TAF9
3.510969293074595e-12,0.41474408725650985,0.346,0.219,1.2846636643359943e-7,3,CNP
3.623989996981436e-12,0.32260134232168847,0.445,0.278,1.3260179398955074e-7,3,NDUFA3
3.828715122722315e-12,0.30494462881149986,0.623,0.397,1.400926863404095e-7,3,ANP32E
3.945510584912881e-12,0.3201049869404292,0.504,0.328,1.4436623230196233e-7,3,GIMAP5
4.385158902664443e-12,0.379221527330282,0.388,0.257,1.6045296424849198e-7,3,YIPF4
4.453992730191203e-12,0.4062075750288547,0.346,0.217,1.6297159399769612e-7,3,GRSF1
4.516831353384987e-12,0.3133825513005525,0.451,0.291,1.6527085922035667e-7,3,CSK
5.015099446836757e-12,0.28557290099454524,0.61,0.39,1.8350248875975694e-7,3,OPTN
5.0248694094534585e-12,0.30360967451473087,0.351,0.214,1.8385997169190205e-7,3,IPCEF1
5.3215210016333e-12,0.3599378669598538,0.398,0.26,1.9471445344976246e-7,3,DCP2
5.426770144367765e-12,0.2674303901885177,0.43,0.275,1.9856551958241653e-7,3,ARHGAP1
5.8693050419833526e-12,0.3542271468218512,0.488,0.317,2.1475787148617087e-7,3,NDUFA11
5.92259574716536e-12,0.4015029393377449,0.293,0.177,2.1670777838878053e-7,3,COPS5
6.019407194912674e-12,0.3975252558769595,0.252,0.145,2.2025010926185473e-7,3,PRPS2
6.1519678240529174e-12,0.45612794303309734,0.289,0.176,2.2510050268209625e-7,3,ELMO2
6.3018479323773136e-12,0.3101450064070168,0.754,0.532,2.305846158456859e-7,3,STAT1
6.482148151576439e-12,0.374805190131724,0.3,0.179,2.371818008661819e-7,3,NUDT22
6.562750343164225e-12,0.3852040648237465,0.341,0.212,2.40131035056379e-7,3,DENR
6.849854017332291e-12,0.39283318429678415,0.313,0.194,2.506361584941885e-7,3,TBK1
7.015499292606364e-12,0.30775219191608943,0.323,0.201,2.5669711911646687e-7,3,TRERF1
7.235323451482145e-12,0.2713780114660631,0.551,0.366,2.647404850897317e-7,3,FLII
7.601475005003522e-12,0.2957846849711354,0.461,0.307,2.7813797043307886e-7,3,XIST
7.609468610780823e-12,0.3297171315867442,0.449,0.286,2.784304564684703e-7,3,C19orf53
7.610800878410373e-12,0.3079210924523855,0.518,0.341,2.7847920414103555e-7,3,RNPS1
7.642775301519578e-12,0.38702556039370783,0.36,0.225,2.7964914828260135e-7,3,HCP5
8.01625432700348e-12,0.4022155421621704,0.264,0.152,2.9331474582505734e-7,3,PDCD5
8.285150343567693e-12,0.39465779486350494,0.31,0.19,3.031536510711419e-7,3,C7orf73
8.393286066166183e-12,0.3507058216826995,0.889,0.617,3.0711033716102065e-7,3,COTL1
8.799405648574066e-12,0.32800604642338715,0.421,0.271,3.2197025268132506e-7,3,USP10
8.867795386890975e-12,0.4046135664082588,0.278,0.169,3.244726332063408e-7,3,SH2D3C
8.879785795556927e-12,0.38975119178066103,0.334,0.205,3.2491136225942796e-7,3,PRMT1
9.14956999054084e-12,0.3441985777558604,0.479,0.309,3.3478276595388934e-7,3,NEDD8
9.93383153513605e-12,0.3858990827007713,0.366,0.228,3.634788958706281e-7,3,EMC7
9.998002425959385e-12,0.3629137701526244,0.345,0.212,3.658269087658539e-7,3,VDAC3
1.0155432050851232e-11,0.3821348185541831,0.297,0.179,3.715872587406466e-7,3,UCHL5
1.0516032489249483e-11,0.4686578178307662,0.269,0.158,3.847816287816386e-7,3,MRPS24
1.0619505275144547e-11,0.3323059442933909,0.558,0.361,3.88567698017539e-7,3,ECH1
1.0860423671488206e-11,0.3025740167040525,0.736,0.482,3.9738290213975347e-7,3,RP11-75L1.2
1.0871747946339383e-11,0.25301735221389005,0.395,0.255,3.97797257356558e-7,3,XPO1
1.0957013074630595e-11,0.35106830514149395,0.404,0.264,4.0091710840073347e-7,3,ATHL1
1.113731329382972e-11,0.2506055768491661,0.379,0.243,4.0751429342122947e-7,3,CBFB
1.1211920281084531e-11,0.4000587970093268,0.309,0.188,4.10244163084883e-7,3,PHB
1.138000804701278e-11,0.40014056678243703,0.284,0.169,4.163944944401976e-7,3,COX17
1.1460832283205491e-11,0.477062825909493,0.251,0.148,4.193518532424889e-7,3,RP11-773D16.1
1.1659340160008469e-11,0.43296325997558327,0.287,0.175,4.266152564547099e-7,3,RP11-9L18.2
1.1870504579292174e-11,0.4629136909250715,0.257,0.153,4.3434176255630064e-7,3,HDAC2
1.1893819262809302e-11,0.29780983222904245,0.489,0.324,4.3519484682619236e-7,3,ARPP19
1.2762013668066174e-11,0.3212073349592155,0.378,0.25,4.669620801145413e-7,3,ARL17A
1.3040235558037239e-11,0.38895391215473535,0.317,0.192,4.771422190685826e-7,3,DCTN3
1.3132384069081127e-11,0.3441455504774263,0.375,0.238,4.805139330876784e-7,3,CHTOP
1.3162582135350931e-11,0.40111318121876677,0.278,0.165,4.816188803324906e-7,3,RP11-286N22.8
1.3433476553359469e-11,0.28701321899738075,0.424,0.277,4.91530907087423e-7,3,H2AFY
1.4102496947998588e-11,0.4275332496977092,0.302,0.186,5.160103633272684e-7,3,RPS6KA1
1.4129586389799442e-11,0.3762436343191712,0.312,0.191,5.170015660027616e-7,3,RBM42
1.475708444331758e-11,0.35500027845844545,0.306,0.188,5.399617197809903e-7,3,DTX2
1.4785950241957835e-11,0.4374751424255574,0.914,0.542,5.410179193532372e-7,3,CD3D
1.5584644685873172e-11,0.45084989940650305,0.308,0.194,5.702421490560994e-7,3,COPB2
1.5766277172701848e-11,0.35152185950149395,0.263,0.156,5.768880817491606e-7,3,C22orf39
1.584798958731426e-11,0.4308928813157358,0.335,0.211,5.798779389998288e-7,3,TMEM179B
1.6653123324772423e-11,0.38423646102234893,0.276,0.166,6.09337782453423e-7,3,ATG5
1.7449375278033585e-11,0.43560868372546574,0.271,0.164,6.384726414232489e-7,3,CSRP1
1.7846613076244466e-11,0.46583895567383976,0.284,0.174,6.53007572459785e-7,3,SDHC
1.804978388975087e-11,0.4495628379539387,0.294,0.182,6.604415925259843e-7,3,ATP6V1E1
1.8205215113198392e-11,0.32100035486008827,0.364,0.232,6.661288209919292e-7,3,SNX14
1.8757440045646945e-11,0.2508821992204301,0.616,0.424,6.863347312702217e-7,3,POMP
1.9609203150139365e-11,0.32301110921428156,0.405,0.255,7.175007432635994e-7,3,UFC1
1.9735990619551558e-11,0.3121528669667324,0.477,0.314,7.221398967693915e-7,3,RALY
2.1678880912645582e-11,0.3327049327074605,0.625,0.408,7.932302525937018e-7,3,DENND2D
2.174771474017234e-11,0.2546268643456731,0.41,0.259,7.95748882342906e-7,3,ZC3H7A
2.201949733660058e-11,0.3082529812322598,0.259,0.151,8.056934075462152e-7,3,SDC4
2.2253976439401413e-11,0.3261243516144585,0.526,0.354,8.142729979176977e-7,3,BHLHE40
2.2463142457240792e-11,0.3438453555760874,0.709,0.47,8.219263825104406e-7,3,PPP1CA
2.3524515668782442e-11,0.309308451052942,0.623,0.41,8.607620283207496e-7,3,IRF9
2.3552493289002996e-11,0.4204002394417983,0.314,0.195,8.617857294446196e-7,3,CNIH1
2.399924703411216e-11,0.3646840999274867,0.26,0.153,8.781324489781639e-7,3,VAMP1
2.400235565858111e-11,0.2528348990871261,0.74,0.505,8.782461935474828e-7,3,BTN3A2
2.4074520155181744e-11,0.45878586355002404,0.259,0.157,8.808866924781e-7,3,DIDO1
2.4487079031132453e-11,0.40507037338391805,0.282,0.17,8.959822217491364e-7,3,GTF2A2
2.883937533226799e-11,0.3794848287855668,0.363,0.233,1.0552327434076858e-6,3,RP11-550F7.1
3.054112518441343e-11,0.41926537762416677,0.264,0.158,1.1174997704976875e-6,3,PPP4C
3.0886404545071855e-11,0.3867864586334549,0.317,0.201,1.1301335423041792e-6,3,TRIM26
3.109179580462751e-11,0.3538074783081387,0.284,0.173,1.1376488084913206e-6,3,CCDC91
3.194933206884798e-11,0.3171211168875937,0.314,0.196,1.1690260603991476e-6,3,KIAA2026
3.267230930248388e-11,0.29690442360845204,0.476,0.317,1.1954797973778852e-6,3,NRD1
3.378342050552874e-11,0.307571797148979,0.511,0.34,1.2361353562972965e-6,3,PSMF1
3.5030867095997564e-11,0.31011161631545814,0.445,0.291,1.2817794270425509e-6,3,MTHFD2
3.557043548596539e-11,0.35248628630097834,0.359,0.228,1.3015222344314736e-6,3,MMADHC
3.576938745197822e-11,0.31612089182960945,0.643,0.436,1.308801886867883e-6,3,PSMB1
3.7804648300721055e-11,0.271778102675448,0.429,0.289,1.3832720813233834e-6,3,ZFX
3.812483662102295e-11,0.4582575462406767,0.252,0.149,1.3949877719632298e-6,3,MIEN1
3.920530566858815e-11,0.3624611280701008,0.322,0.2,1.4345221344136405e-6,3,NDUFB10
3.9352299197048524e-11,0.32315214732960373,0.46,0.299,1.4399006276200055e-6,3,ADRM1
4.0379699584036644e-11,0.33212606155497876,0.37,0.233,1.4774932077799008e-6,3,UBE2A
4.211564430534054e-11,0.3162447153895621,0.43,0.285,1.5410114251324103e-6,3,PDAP1
4.338307491025262e-11,0.39800690496824315,0.322,0.202,1.5873867109661433e-6,3,RAB11A
4.435318778917008e-11,0.38020482897549823,0.265,0.16,1.6228831412057332e-6,3,SNAPIN
4.487188398627495e-11,0.38837318686788125,0.275,0.172,1.6418622350578005e-6,3,HIPK2
4.528000197012716e-11,0.34497105214803514,0.423,0.277,1.6567952720869528e-6,3,FBXO7
4.613576187750823e-11,0.2711935544442569,0.466,0.31,1.6881075270980261e-6,3,SRGAP2
4.679123755124692e-11,0.39406140107018367,0.304,0.187,1.712091382000125e-6,3,NDUFA12
5.098632627209554e-11,0.29283229330844684,0.508,0.33,1.8655896782959758e-6,3,PSMB6
5.544764647424927e-11,0.326174160779941,0.434,0.278,2.0288293844927807e-6,3,TBCB
5.568701055835845e-11,0.40410344597240483,0.273,0.169,2.0375877163303358e-6,3,RBM10
5.868439068024145e-11,0.32577321514115276,0.785,0.554,2.1472618549900346e-6,3,ACTR3
6.169886823670367e-11,0.33124900127981927,0.271,0.163,2.2575615887809874e-6,3,C11orf30
6.306510869080739e-11,0.4037357709320224,0.273,0.166,2.3075523269966425e-6,3,IMP3
6.371525529402788e-11,0.3766571196166414,0.345,0.221,2.3313411912084803e-6,3,CNOT8
6.497979931907594e-11,0.32354204983076995,0.438,0.292,2.3776108570849885e-6,3,RAB10
6.781775141462276e-11,0.3472217864691429,0.346,0.219,2.481451524261047e-6,3,ILK
6.902722837764941e-11,0.3018205065807874,0.598,0.401,2.525706286338192e-6,3,NDUFA4
7.303424531812652e-11,0.32010483485689595,0.278,0.171,2.6723230361902495e-6,3,DDX60L
7.438760718514459e-11,0.3997913267068526,0.285,0.176,2.7218425469044405e-6,3,NDUFS3
7.46609440938073e-11,0.2541214829062772,0.384,0.252,2.731843944392409e-6,3,ARMC8
7.672484869658547e-11,0.44611515979049865,0.315,0.2,2.8073622138080623e-6,3,PYCARD
7.770895038561321e-11,0.26943315031266274,0.291,0.183,2.8433704946095872e-6,3,GNPTAB
7.872502649775015e-11,0.2749677649566753,0.591,0.403,2.880548719552678e-6,3,XRCC5
8.191469724749822e-11,0.3618998281264355,0.321,0.199,2.99725877228596e-6,3,SF3B14
8.457434752529025e-11,0.3231628269095408,0.385,0.242,3.0945753759503702e-6,3,HN1
9.263478872867381e-11,0.2854294210976581,0.376,0.248,3.3895069195821748e-6,3,SYNCRIP
9.880873896861431e-11,0.285106992427123,0.375,0.238,3.6154117588615975e-6,3,TBCD
9.987921600895788e-11,0.34884602946793203,0.361,0.228,3.654580513767769e-6,3,ABRACL
1.0068235134497172e-10,0.30807781081131136,0.658,0.441,3.6839672357125153e-6,3,SHISA5
1.0195289057435275e-10,0.2503801921103759,0.543,0.368,3.730456266115567e-6,3,LSM14A
1.0222245272473174e-10,0.3184397800710572,0.499,0.332,3.7403195451979343e-6,3,REEP5
1.1037659675139366e-10,0.3740047343893588,0.252,0.15,4.038679675133494e-6,3,DRG1
1.1320855364260751e-10,0.2825600061930703,0.407,0.268,4.142300977783009e-6,3,SZRD1
1.1627898643951085e-10,0.289497020582661,0.516,0.337,4.254648113821702e-6,3,HLA-DMA
1.17922338560561e-10,0.3701083662374491,0.294,0.18,4.314778367930927e-6,3,NDUFA2
1.2290368722744915e-10,0.3158269207257094,0.551,0.352,4.4970459156523646e-6,3,GIMAP7
1.23872689883342e-10,0.33308738273788197,0.459,0.309,4.5325017228314834e-6,3,DNAJC8
1.2477530120236224e-10,0.3345600227204457,0.257,0.153,4.5655282709944345e-6,3,FKBP3
1.2512146874144037e-10,0.31824349281805125,0.353,0.23,4.578194541249303e-6,3,UBE2K
1.276436734087838e-10,0.2743158241316327,0.408,0.268,4.670482010027399e-6,3,DHX15
1.2967982243594633e-10,0.6173354262326123,0.268,0.175,4.744984702931276e-6,3,LINC00265
1.3284351396691818e-10,0.3472233096713059,0.329,0.207,4.860744176049536e-6,3,MRPL20
1.380595637812121e-10,0.42736119609639384,0.252,0.152,5.05159943875455e-6,3,DPM2
1.3829781764229665e-10,0.338752224771753,0.321,0.205,5.060317147531634e-6,3,USO1
1.400297655607119e-10,0.32262092555434163,0.341,0.222,5.123689121866448e-6,3,YY1AP1
1.4426260186439777e-10,0.3995245564897318,0.268,0.165,5.278568602218314e-6,3,VPS36
1.4741452503130859e-10,0.3653662458609291,0.309,0.192,5.393897470895581e-6,3,GPS1
1.54497969973022e-10,0.28818412846297803,0.429,0.288,5.653080721312875e-6,3,NUTM2A-AS1
1.5642132034088263e-10,0.39159050768786124,0.322,0.205,5.7234561112728954e-6,3,RHOC
1.581534903039028e-10,0.290917696652103,0.454,0.307,5.7868362102198034e-6,3,NEDD9
1.5989254364967564e-10,0.35165433388703715,0.37,0.25,5.850468172141632e-6,3,TMEM140
1.614313127618061e-10,0.3213979023349204,0.471,0.319,5.906771733954486e-6,3,FERMT3
1.664146598301386e-10,0.36656608601710133,0.273,0.169,6.089112403184771e-6,3,CCDC144B
1.7343260161339913e-10,0.39963254864385905,0.29,0.181,6.345898893034274e-6,3,NDUFS2
1.7709123056874887e-10,0.30771240055297944,0.428,0.28,6.479768126510521e-6,3,SHKBP1
1.78705050757344e-10,0.36357713015127263,0.321,0.203,6.538817807211217e-6,3,GORASP2
1.8249757260946353e-10,0.34968440568821624,0.262,0.159,6.677586181780271e-6,3,SP4
1.9732415701412265e-10,0.3403417314500736,0.337,0.212,7.220090905146748e-6,3,SF3B5
1.9750090451964297e-10,0.3032853840124069,0.429,0.289,7.226558096373736e-6,3,ZYX
2.0393886579483933e-10,0.3809546299843267,0.275,0.169,7.462123099433171e-6,3,HSBP1
2.0739943096259594e-10,0.30799275459365855,0.297,0.189,7.5887451789213856e-6,3,DCAF6
2.0928436761380453e-10,0.27275163442694794,0.565,0.381,7.657715010989108e-6,3,RBBP4
2.1963719731843412e-10,0.46045820975669804,0.259,0.16,8.036525049881504e-6,3,C14orf119
2.253603970103768e-10,0.3699050592484525,0.284,0.174,8.245936926609687e-6,3,CLPP
2.4159052536276704e-10,0.3078348573162062,0.57,0.375,8.839797323023646e-6,3,COX6A1
2.49172904531747e-10,0.28525070321958523,0.618,0.419,9.117236576816623e-6,3,SASH3
2.611466598523293e-10,0.38080562409120544,0.257,0.154,9.55535628399673e-6,3,DGCR6L
2.702282841937631e-10,0.33323340218646336,0.933,0.68,9.887652918649792e-6,3,LSP1
2.9435498483110223e-10,0.321366239928104,0.398,0.256,1.077044889497003e-5,3,TMEM258
3.0413671581186463e-10,0.28626564683084443,0.566,0.386,1.1128362431556127e-5,3,OTUB1
3.229732037368649e-10,0.2921495453393519,0.786,0.546,1.1817589524731886e-5,3,IFI16
3.313331831122923e-10,0.25525954807403606,0.322,0.205,1.2123481170078776e-5,3,MTPAP
3.372366830234341e-10,0.33973291634185365,0.342,0.216,1.2339490231827455e-5,3,USMG5
3.403126669354606e-10,0.4121171546390596,0.29,0.188,1.2452040483168503e-5,3,DDX58
3.4628055978203065e-10,0.3668502586452339,0.272,0.167,1.2670405682424501e-5,3,PPP1R7
3.5420644195482964e-10,0.4520903348367341,0.252,0.157,1.2960413711127217e-5,3,CARS
3.7621661341802337e-10,0.29747926893993776,0.316,0.203,1.3765765884965475e-5,3,ACSF3
3.804918602412499e-10,0.2900374136264736,0.432,0.291,1.3922197166227335e-5,3,TIA1
3.8489389453388867e-10,0.30976710331266233,0.444,0.287,1.4083267600994986e-5,3,FAM96B
3.8549674563626013e-10,0.2847695636363652,0.459,0.307,1.4105325922830758e-5,3,PSMD13
3.8878877894887864e-10,0.4177333442982011,0.276,0.173,1.422578142173947e-5,3,ELOF1
4.0447845073288136e-10,0.335051891378665,0.278,0.171,1.4799866512316129e-5,3,B3GAT3
4.07355482678895e-10,0.35822155219946233,0.262,0.161,1.4905137111220768e-5,3,CLN3
4.2557624091443813e-10,0.30427360459882147,0.639,0.433,1.557183465505929e-5,3,SNRPB
4.280364951370075e-10,0.4006536559931171,0.262,0.162,1.5661855357063104e-5,3,ISY1
4.400708686347343e-10,0.30632178347755223,0.251,0.156,1.610219308334493e-5,3,CHERP
4.570330780495624e-10,0.3979580228937727,0.269,0.167,1.6722840325833488e-5,3,GLRX3
4.775666528900047e-10,0.3212115185793071,0.36,0.238,1.747416382924527e-5,3,EXOC7
4.949460841174869e-10,0.40033168834874455,0.269,0.166,1.8110077217858844e-5,3,TEX264
5.25411048002411e-10,0.2856317282557902,0.344,0.221,1.922479024640822e-5,3,PPCS
5.634395172648965e-10,0.42907598329946617,0.284,0.181,2.0616251936722563e-5,3,HIGD1A
5.707789796360885e-10,0.2713354953931705,0.473,0.325,2.0884802864884477e-5,3,PSMD11
5.714499984321719e-10,0.35059671482566224,0.283,0.177,2.090935544263317e-5,3,BCCIP
5.809726033589868e-10,0.2920418300196266,0.26,0.164,2.1257787556905328e-5,3,HTT
5.938152192186408e-10,0.32251968920238994,0.325,0.206,2.1727698871210066e-5,3,SDHAF2
6.447913314389098e-10,0.4181914554333941,0.253,0.156,2.3592914817349708e-5,3,TIMM17A
6.448817035931143e-10,0.3313969262717026,0.289,0.179,2.359622153447205e-5,3,LYPLA2
6.465961099877404e-10,0.32084615432934593,0.302,0.19,2.3658951664451422e-5,3,CPSF3L
6.728495538510515e-10,0.3069354842931301,0.394,0.267,2.4619565175409974e-5,3,SH3GLB1
7.219866926533314e-10,0.28114679362277606,0.385,0.249,2.6417493084185395e-5,3,HMOX2
7.292833004157728e-10,0.31177943497069477,0.306,0.201,2.6684475962213128e-5,3,ARID3B
7.403473389899773e-10,0.3104071246697746,0.327,0.208,2.708930913364327e-5,3,RPA2
7.733202966875297e-10,0.2820233254992257,0.491,0.332,2.829578965579671e-5,3,CCT3
8.081291191786022e-10,0.2653043873452437,0.344,0.211,2.9569444470745054e-5,3,RP11-264B17.5
8.605938184302886e-10,0.41712793366713113,0.312,0.207,3.148912781636426e-5,3,NFYC
9.027258940363936e-10,0.33861599316563995,0.342,0.224,3.303074046279164e-5,3,CIAO1
9.381284638010357e-10,0.29707219460557743,0.4,0.262,3.4326120490479894e-5,3,AMICA1
9.605269912782433e-10,0.26059083354671186,0.543,0.374,3.514568261087092e-5,3,APOL2
1.0283662810195437e-9,0.41663466192674115,0.258,0.16,3.7627922222505106e-5,3,NDUFC1
1.0313121467930841e-9,0.3468784259762492,0.272,0.17,3.773571145115895e-5,3,BOLA2B
1.0420091456353475e-9,0.27812537333909426,0.468,0.317,3.8127114638797366e-5,3,RAB8A
1.0534544347962083e-9,0.2810167873008247,0.353,0.232,3.854589776919326e-5,3,TOR1AIP1
1.0711658227080534e-9,0.2832894851688559,0.265,0.164,3.919395745288767e-5,3,LRRC59
1.0793330673664059e-9,0.37199700806375485,0.29,0.184,3.949279693493679e-5,3,NAA10
1.1938423583046642e-9,0.26031138303695467,0.398,0.261,4.3682691890367664e-5,3,CERS5
1.2306402563666552e-9,0.34573787654853216,0.313,0.199,4.5029126980455914e-5,3,NHP2
1.2501750745741447e-9,0.31793498084403227,0.391,0.261,4.5743905978667954e-5,3,SCP2
1.2671359517213432e-9,0.33327892145025895,0.826,0.545,4.636450447348395e-5,3,HLA-DPB1
1.3159391354378158e-9,0.2916816669186336,0.382,0.248,4.815021296566968e-5,3,PPA1
1.3232817064334768e-9,0.2807352004425172,0.477,0.319,4.8418877638400915e-5,3,CCT7
1.3394962916635222e-9,0.32710034926846443,0.251,0.153,4.901216931196828e-5,3,TACC3
1.3882746063842433e-9,0.2868024974328346,0.442,0.295,5.079696784759946e-5,3,NDUFA6
1.418675399378344e-9,0.2640774457013082,0.366,0.245,5.190933286325361e-5,3,RRP7A
1.4625245459143343e-9,0.26303756122364363,0.335,0.215,5.3513773135005493e-5,3,DLD
1.4700807238199332e-9,0.28662075219816535,0.314,0.202,5.3790253684571354e-5,3,ACSL5
1.5617933613043533e-9,0.2762390315439322,0.366,0.245,5.714601909012629e-5,3,GMIP
1.563571494500593e-9,0.2942747442442388,0.268,0.17,5.7211080983776696e-5,3,REST
1.6385575118960105e-9,0.26051808937155374,0.561,0.361,5.9954819360275025e-5,3,SPCS1
1.6971475336191588e-9,0.2665123243488141,0.331,0.216,6.209862825512502e-5,3,CNPPD1
1.8162338299987368e-9,0.2601408183538516,0.397,0.264,6.645599583965378e-5,3,ATF6B
1.8356169917410625e-9,0.33665990198257817,0.312,0.201,6.716522572780548e-5,3,TCEB1
1.9722341537686816e-9,0.26925993380790936,0.411,0.268,7.216404768639606e-5,3,HMGN4
1.972340069045231e-9,0.38970951446577307,0.275,0.176,7.2167923126365e-5,3,ACTR10
2.1022643625911996e-9,0.2566683829987828,0.555,0.351,7.6921853027212e-5,3,LAT
2.1415389461765244e-9,0.27664518291520085,0.385,0.255,7.835891004059903e-5,3,FDFT1
2.15677520287727e-9,0.31673728162708203,0.251,0.156,7.891640467327932e-5,3,ECE1
2.2429109680643933e-9,0.28974401709295994,0.453,0.305,8.206811232147615e-5,3,HLA-DQA1
2.3404727045317486e-9,0.3484475969792218,0.262,0.163,8.563789625881668e-5,3,COPS3
2.4299859902043863e-9,0.29785953536850807,0.614,0.408,8.89131873815785e-5,3,NDUFA13
2.5461099895096595e-9,0.30381778664615544,0.284,0.176,9.316216451615844e-5,3,ROMO1
2.5799462566311604e-9,0.3216108572873768,0.918,0.595,9.440023353013416e-5,3,CD3E
2.6377902084817606e-9,0.3442901245755978,0.338,0.219,9.651674372834762e-5,3,SUMO2P1
2.7670292723769307e-9,0.32042928228875855,0.306,0.197,1.012456010762719e-4,3,EIF6
2.770488283232453e-9,0.30660947690645435,0.277,0.177,1.0137216628347545e-4,3,DSCR3
2.7959676796029953e-9,0.29574810453317346,0.331,0.215,1.023044573966736e-4,3,DECR1
3.0141893425650323e-9,0.29060128543501346,0.264,0.167,1.1028918804445453e-4,3,TAB2
3.070669718496788e-9,0.2524914028191463,0.595,0.411,1.1235580499979747e-4,3,PSMA1
3.1239002495908608e-9,0.2707387829177984,0.329,0.218,1.143035101325296e-4,3,WAPAL
3.1351625739972633e-9,0.35237200962083015,0.252,0.162,1.1471559858255986e-4,3,SNX9
3.1581746107178787e-9,0.25369348493042565,0.315,0.2,1.1555760900616718e-4,3,THAP5
3.403292536674485e-9,0.2565296982660792,0.308,0.199,1.245264739169194e-4,3,SF3A3
3.409150295397012e-9,0.2930360654760159,0.379,0.248,1.2474080930857667e-4,3,ATP5H
3.434189599360593e-9,0.29845574311887757,0.291,0.188,1.256569974406041e-4,3,TIMM23
3.569454065655009e-9,0.30358524637721684,0.297,0.192,1.3060632426231678e-4,3,DPP9
3.574850193643897e-9,0.26495577692817085,0.332,0.214,1.308037685854302e-4,3,CMTM3
3.862018482791996e-9,0.29902717391524314,0.252,0.159,1.4131125628535912e-4,3,TSC22D4
4.051595503540284e-9,0.3040134006041199,0.359,0.233,1.48247879474539e-4,3,NOP10
4.0806820145178335e-9,0.29016388800734005,0.444,0.301,1.4931215491120753e-4,3,ATP5F1
4.1091865465858746e-9,0.2648359863600881,0.488,0.334,1.5035513573957715e-4,3,PPP2R1A
4.149929067054359e-9,0.356251047266895,0.308,0.204,1.5184590456351899e-4,3,ELOVL1
4.556017119128342e-9,0.29256909259549313,0.296,0.194,1.6670466638890602e-4,3,RAB14
4.848641710353263e-9,0.3120302591651413,0.262,0.161,1.774118001818259e-4,3,MRPL9
4.966249855797855e-9,0.2744853717005622,0.266,0.168,1.8171508222364352e-4,3,POLG
5.128001800969173e-9,0.27357029741275785,0.394,0.261,1.8763358589746204e-4,3,LA16c-3G11.7
5.14305598109388e-9,0.30293826693736325,0.334,0.224,1.8818441834822508e-4,3,PML
5.241299838587565e-9,0.3558478465628915,0.297,0.194,0.00019177916109391902,3,PSMD9
5.395998980972649e-9,0.25101369006594926,0.359,0.234,1.9743960271378924e-4,3,MRPS21
5.549312342978396e-9,0.35935745588687457,0.307,0.203,2.0304933862957952e-4,3,SNX20
6.1766158854226205e-9,0.33178853759354227,0.339,0.231,2.2600237524761368e-4,3,NBR1
6.656396323023728e-9,0.2553522432161016,0.459,0.316,2.435575414594382e-4,3,DARS
7.1461569994824e-9,0.266261247006267,0.37,0.246,2.6147788461106103e-4,3,OCIAD1
7.3583275028710204e-9,0.34823672915090514,0.266,0.171,2.6924120333005064e-4,3,RTCB
7.39766181645507e-9,0.26715775829006483,0.413,0.278,2.70680445864091e-4,3,SNRPB2
8.239354976069535e-9,0.3117487096662761,0.26,0.163,3.014779985743843e-4,3,C19orf24
8.363662207244715e-9,0.30009126617082005,0.252,0.16,3.0602640016308413e-4,3,TMEM183A
8.755731695231361e-9,0.26425868520254625,0.307,0.202,3.203722227285155e-4,3,PCGF5
9.095036723749672e-9,0.3195350338398998,0.266,0.168,3.327873937220005e-4,3,NUBP2
9.60502632985083e-9,0.30824162616925366,0.291,0.193,3.5144791340924186e-4,3,DPP8
9.884374208013469e-9,0.293268964918264,0.351,0.23,3.616692522712128e-4,3,SEC61G
9.920430699139615e-9,0.2585915267760265,0.342,0.229,3.629885592815185e-4,3,NT5C3A
1.0280990947464375e-8,0.2895974874536458,0.268,0.174,3.7618145876772147e-4,3,SMG7
1.0301181907479418e-8,0.3007351071495892,0.835,0.58,3.769202459946719e-4,3,SUMO2
1.0455379007012766e-8,0.2513828479299054,0.581,0.398,3.825623178665971e-4,3,NDUFB8
1.0741221245780253e-8,0.3150528301160739,0.257,0.164,3.9302128538309944e-4,3,PRPF38A
1.117900194635979e-8,0.27070609572660426,0.297,0.192,4.090396812173047e-4,3,DNAJC1
1.2209175448418819e-8,0.32658490846890786,0.331,0.22,4.467337296576446e-4,3,CARD16
1.2235906510227323e-8,0.387467612152141,0.289,0.195,4.4771181920921777e-4,3,SNORD3A
1.246607972404945e-8,0.29318792719096987,0.321,0.216,4.561338571029694e-4,3,PPDPF
1.294976370580514e-8,0.28905540960874654,0.348,0.235,4.7383185399541006e-4,3,UFD1L
1.3121053799025617e-8,0.29043473200755165,0.259,0.165,4.8009935850634733e-4,3,NOC2L
1.3929932318745841e-8,0.2804063412604873,0.294,0.19,5.096962235429103e-4,3,AATF
1.4025651973170739e-8,0.2860894247665423,0.273,0.179,5.131986056983173e-4,3,FRMD8
1.4569679240850064e-8,0.30764343973123986,0.285,0.184,5.331045634227038e-4,3,PLEKHJ1
1.4857070906870717e-8,0.294560522078306,0.322,0.21,0.00054362022448239955,3,NDUFB7
1.7149507813840614e-8,0.30115891419270224,0.765,0.509,6.275004909084281e-4,3,ID2
1.7760694692725565e-8,0.25099748419475576,0.29,0.184,6.498638188068284e-4,3,GPAA1
2.089498041257798e-8,0.3322238232118928,0.844,0.581,7.645473332962283e-4,3,TPI1
2.152391997967129e-8,0.30795883576683647,0.327,0.223,7.875602320561725e-4,3,CHFR
2.236231355645657e-8,0.2615775402586616,0.304,0.2,8.182370530307459e-4,3,TBCA
2.2565270763053036e-8,0.2702946651652114,0.534,0.381,8.256632572201106e-4,3,TMEM50A
2.283640387901187e-8,0.27949360706881277,0.548,0.364,8.355840179330443e-4,3,HMGB2
2.3410530181067202e-8,0.34125108105416957,0.268,0.172,8.565912993252489e-4,3,MPV17
2.4738838755311576e-8,0.3610956409100506,0.287,0.192,9.051941100568506e-4,3,ERCC1
2.478691740748218e-8,0.2613132409765002,0.284,0.183,9.069533079397729e-4,3,ILKAP
2.5448733564914505e-8,0.31634962581703285,0.3,0.196,9.311691611402217e-4,3,RNF181
2.610026084148842e-8,0.30205391889349875,0.809,0.562,9.550085441900613e-4,3,SUB1
2.6720628154563997e-8,0.3117284812451055,0.281,0.183,9.777077841754966e-4,3,PSMC2
2.8240380922639474e-8,0.2604263048640243,0.289,0.189,0.0010333155379593784,3,TM2D1
3.195555842161468e-8,0.25126487668965847,0.313,0.205,0.0011692538826468812,3,NELFE
3.64675760700095e-8,0.2954317367933686,0.262,0.171,0.0013343486084016476,3,CAB39
3.67958257196932e-8,0.25366188988784166,0.315,0.211,0.0013463592630835741,3,VPS26A
4.0611691787262316e-8,0.2959535169614348,0.303,0.201,0.0014859818024959282,3,LAMTOR1
4.195836611486925e-8,0.27742869612673804,0.85,0.63,0.0015352566161430659,3,PKM
4.2029673519294874e-8,0.2694922375819431,0.684,0.484,0.0015378657540709995,3,GPI
4.279614351787586e-8,0.26864364640221394,0.282,0.181,0.0015659108913190778,3,COMMD3
4.6413301202363755e-8,0.25398080280144597,0.271,0.176,0.0016982626909944898,3,MRPL38
4.7699847849358434e-8,0.2636809146692826,0.391,0.273,0.0017453374328080251,3,SDHD
4.947372933550298e-8,0.2905148410135737,0.254,0.166,0.001810243756386054,3,KRAS
5.7056849911418794e-8,0.2956562012076782,0.256,0.168,0.0020877101382588137,3,SCAPER
5.763023747107354e-8,0.3381827002868465,0.272,0.182,0.002108690389066581,3,SPPL2A
6.047864831160155e-8,0.3717089109899452,0.256,0.17,0.0022129137417215006,3,HARS
6.687869080757025e-8,0.3087473739338763,0.347,0.239,0.0024470912966489955,3,LGALS9
7.272409074943198e-8,0.2712494984496927,0.31,0.212,0.002660974480521716,3,DYNC1I2
7.543327340542305e-8,0.2503270120833177,0.367,0.252,0.0027601034739044294,3,POLR1D
8.896453240758717e-8,0.2697920752637038,0.364,0.265,0.0032552122407936146,3,UHRF2
8.987491240119994e-8,0.2609529300768835,0.338,0.227,0.0032885230447599056,3,RWDD1
9.106593368279903e-8,0.2687231489967298,0.281,0.187,0.0033321025134536164,3,RAC1
9.458820371399668e-8,0.25760331801939723,0.275,0.183,0.0034609823738951384,3,SLC1A5
9.90945769885343e-8,0.29657079909136286,0.815,0.542,0.00362587057201047,3,HLA-DPA1
9.918197285685437e-8,0.27201128025709886,0.25,0.162,0.0036290683868323015,3,CHTF8
1.2363687740268858e-7,0.3275095727684819,0.272,0.183,0.004523873344164375,3,EIF4E2
1.6116167445012763e-7,0.3038745764457525,0.259,0.171,0.00589690566813017,3,IKBKE
1.6200483377026842e-7,0.2755992252033367,0.291,0.195,0.0059277568676541215,3,TRPV2
1.8501128273840095e-7,0.2522385656993946,0.644,0.469,0.006769562835398091,3,ACTBP2
2.0750439455596847e-7,0.2677261832770139,0.543,0.373,0.0075925857968028865,3,ALOX5AP
2.1634088143152042e-7,0.2769626137958081,0.256,0.171,0.007915912851579332,3,NUP62
2.418545732574273e-7,0.2817702895403064,0.273,0.188,0.008849458835489266,3,NCOA6
2.4807635923274063e-7,0.25374392723523836,0.328,0.224,0.00907711398432598,3,POLR2J
3.0721204913319866e-7,0.3066817480603516,0.271,0.183,0.011240888877783739,3,TSG101
3.278918463411884e-7,0.2768431719730539,0.27,0.179,0.011997562657624083,3,LSM12P1
3.5558153110848423e-7,0.2671509307448193,0.258,0.171,0.013010728223259438,3,IDH3G
3.5913889462335646e-7,0.32685529127469093,0.809,0.523,0.013140892154268613,3,LCK
3.66792489048251e-7,0.25847921414885056,0.263,0.171,0.013420937174275505,3,RP11-785H5.1
4.324599478522373e-7,0.2623767242622119,0.646,0.438,0.015823709491913363,3,S100A11
4.734091541003238e-7,0.2528869506248331,0.251,0.163,0.017322040948530848,3,POLR3GL
5.496440402819047e-7,0.28314724709900135,0.25,0.167,0.020111475433914894,3,ERCC3
5.803629123946052e-7,0.29968116035774806,0.277,0.192,0.021235478964518606,3,ARHGAP27
6.305464765876678e-7,0.25112520876759403,0.4,0.283,0.023071695578342766,3,IRF7
6.500648916940577e-7,0.2757559884143349,0.273,0.185,0.02378587438708557,3,PEF1
8.100146808853737e-7,0.25504946919973615,0.26,0.178,0.029638437173595822,3,C20orf24
1.2147144314855751e-6,0.28925891106797463,0.767,0.518,0.044446401048057194,3,CRIP1
1.270601662772819e-6,0.28321460369729345,0.263,0.181,0.046491314840857445,3,PSMD1
1.3095035835686275e-6,0.26505205515090274,0.26,0.174,0.04791473612277608,3,MRPL10
3.0444771776938495e-6,0.25604890153783505,0.281,0.201,0.11139741993181795,3,TMEM165
3.162105323362141e-6,0.3447284179597764,0.262,0.189,0.11570143378182074,3,XIAP
4.280198521833256e-6,0.2530203688317716,0.271,0.188,0.15661246391387884,3,RPS19BP1
7.319750289447313e-6,0.2587801454399706,0.251,0.177,0.2678296630908772,3,UBAP1
7.896671243123876e-6,0.26890657215481073,0.263,0.192,0.28893920078590263,3,RGPD1
9.781970308209154e-6,0.27065358305239995,0.898,0.63,0.35792229357737293,3,CLEC2D
4.110272326962594e-5,0.29224755513600587,0.252,0.188,1,3,ABHD2
1.7650780225419993e-4,0.25020244981429607,0.856,0.612,1,3,ARPC1B
8.029277310115379e-4,0.30861266117892194,0.963,0.642,1,3,CD3G
0.0015724811951505213,0.26329473068162734,0.902,0.649,1,3,CLIC1
0,2.918656262117843,0.726,0.136,0,4,GNLY
0,2.0227125344401755,0.75,0.228,0,4,GZMH
0,1.3969313682200553,0.967,0.446,0,4,NKG7
0,1.8582389193778317,0.753,0.26,0,4,GZMB
0,1.5145538999209742,0.878,0.392,0,4,PRF1
0,1.586203929180321,0.778,0.315,0,4,CTSW
0,1.9574936771848552,0.656,0.203,0,4,KLRD1
0,5.619432981747254,0.434,0.014,0,4,FGFBP2
0,0.9281156473200896,0.951,0.558,0,4,CCL5
0,0.9909601719836101,0.853,0.494,0,4,CST7
0,4.426634252324219,0.379,0.021,0,4,S1PR5
0,5.19012318911761,0.366,0.012,0,4,TRDC
0,0.9943002605197866,0.786,0.434,0,4,KLRK1
0,1.3246350345666886,0.643,0.292,0,4,AOAH
0,1.2411353576315276,0.691,0.345,0,4,CCL4
0,2.301867333987669,0.447,0.111,0,4,TGFBR3
0,1.4688443910469717,0.558,0.231,0,4,PLAC8
0,1.8923838051520514,0.488,0.167,0,4,TRGC1
0,1.2162270771387351,0.637,0.317,0,4,CCL4L1
0,2.623672597537941,0.418,0.099,0,4,FCGR3A
0,0.9868202914377342,0.705,0.393,0,4,GZMA
0,1.6279274542727928,0.52,0.209,0,4,PXN
0,1.510705938148718,0.52,0.211,0,4,SAMD3
0,1.8170681705627032,0.475,0.168,0,4,GPR56
0,1.6934071542380584,0.471,0.167,0,4,KLRG1
0,3.3586973079173634,0.336,0.04,0,4,C1orf21
0,2.3805244639107253,0.407,0.112,0,4,SPON2
0,1.1570408471657065,0.555,0.263,0,4,CCL4L2
0,1.572631864344432,0.455,0.165,0,4,A2M
0,6.328088514076836,0.282,0.006,0,4,KLRF1
0,0.8427665457220266,0.748,0.489,0,4,ZAP70
0,1.2771769527300034,0.455,0.204,0,4,TRGC2
0,0.8474711294394621,0.704,0.462,0,4,STAT4
0,0.8696644937355472,0.666,0.426,0,4,SYNE1
0,3.7643035451598057,0.273,0.034,0,4,CX3CR1
0,0.8902439882044596,0.697,0.461,0,4,FOSL2
0,1.8077532146305029,0.314,0.087,0,4,AUTS2
0,0.969873701954724,0.593,0.369,0,4,RNF166
0,0.7236620322062484,0.742,0.521,0,4,ID2
0,1.989462375458035,0.322,0.102,0,4,CD300A
0,0.880238572719044,0.604,0.386,0,4,CD247
0,2.4127368190306067,0.281,0.064,0,4,FCGR3B
0,1.9166589867651842,0.306,0.09,0,4,LINC00612
0,0.9994178972199889,0.477,0.261,0,4,SORL1
0,0.9777514486167813,0.564,0.348,0,4,MYO1F
0,2.0232459311469495,0.304,0.09,0,4,PZP
0,1.0010636963963353,0.456,0.243,0,4,KLRC4-KLRK1
0,1.0799988751557095,0.453,0.243,0,4,P2RY8
0,0.7397613045411207,0.634,0.425,0,4,ANXA1
0,2.054042986014524,0.282,0.075,0,4,ADRB2
0,2.4637471262896646,0.26,0.055,0,4,FCRL6
0,1.231597393826677,0.401,0.197,0,4,PTPN4
0,1.6669769423451344,0.32,0.117,0,4,KLRB1
0,2.1616078876863387,0.288,0.085,0,4,TTC38
0,1.5012106851423879,0.338,0.137,0,4,HOPX
0,0.7763020294400591,0.789,0.59,0,4,FLNA
0,0.6761343089269523,0.655,0.458,0,4,IL2RB
0,1.9703702137675823,0.293,0.096,0,4,CLIC3
0,0.8796236415581749,0.559,0.367,0,4,BIN2
0,0.9964332441794905,0.445,0.254,0,4,RORA
0,2.5083538574756985,0.255,0.065,0,4,KLRC1
0,1.1851319764844885,0.357,0.171,0,4,GZMM
0,0.8314397285642017,0.553,0.369,0,4,SYTL3
0,0.8259308989409995,0.525,0.344,0,4,ARL4C
0,0.9217509343221568,0.388,0.207,0,4,LINC00861
0,0.8163509265038859,0.578,0.4,0,4,RUNX3
0,0.9447799190995285,0.376,0.2,0,4,S1PR1
0,0.6509719355078665,0.694,0.518,0,4,PARP8
0,1.598210087234317,0.336,0.161,0,4,EFHD2
0,0.9410679561203006,0.479,0.307,0,4,TES
0,1.8478088782931374,0.274,0.104,0,4,FGR
0,0.6947717775694899,0.653,0.486,0,4,GNG2
0,1.422908373898358,0.309,0.142,0,4,BIN2P1
0,1.5427933875499518,0.29,0.123,0,4,GAB3
0,0.724106303184431,0.575,0.409,0,4,C9orf142
0,0.9495464777339631,0.502,0.336,0,4,ZEB2
0,0.675917033904319,0.651,0.487,0,4,SELPLG
0,0.877570151787691,0.461,0.297,0,4,C20orf112
0,0.8456368798373672,0.444,0.281,0,4,SLAMF7
0,1.0849371283843334,0.36,0.199,0,4,MBP
0,1.2077746205028141,0.357,0.197,0,4,PLEK
0,1.5482674285409628,0.271,0.112,0,4,TYROBP
0,0.6597914547098875,0.75,0.591,0,4,AKNA
0,0.8895134387079968,0.406,0.248,0,4,RASA3
0,0.691653085302924,0.531,0.378,0,4,SLC9A3R1
0,0.6609212906374481,0.507,0.354,0,4,STOM
0,1.0210326121730844,0.363,0.21,0,4,RNF125
0,0.8552521775010599,0.491,0.338,0,4,APMAP
0,0.4151920517087817,0.786,0.634,0,4,FYN
0,0.5462775829796873,0.851,0.7,0,4,ITGB2
0,0.8263738034493784,0.45,0.3,0,4,DIP2A
0,1.0407568402769918,0.358,0.208,0,4,TPST2
0,0.8418607792189422,0.418,0.268,0,4,RASSF1
0,0.714882203245347,0.483,0.335,0,4,PYHIN1
0,0.6826856465162785,0.628,0.482,0,4,STK10
0,0.9658640512689548,0.339,0.193,0,4,TSEN54
0,0.5920871627821942,0.718,0.573,0,4,LITAF
0,0.49327793550554877,0.811,0.668,0,4,AHNAK
0,0.8890601193760755,0.428,0.287,0,4,SPN
0,0.7089089081997314,0.482,0.341,0,4,CDC42SE1
0,0.6729702895226272,0.569,0.43,0,4,PPP3CA
0,1.300194541853588,0.285,0.149,0,4,C12orf75
0,0.4050291792345013,0.832,0.697,0,4,IFITM1
0,1.132589052336609,0.301,0.166,0,4,PATL2
0,1.0154472201372506,0.317,0.186,0,4,MCTP2
0,0.9614588361742428,0.33,0.2,0,4,ARHGAP26
0,0.5746503457376639,0.651,0.523,0,4,ITGAL
0,1.0269821388231724,0.317,0.189,0,4,GPR65
0,0.6769847318990072,0.593,0.465,0,4,UTRN
0,0.5751949409994579,0.575,0.447,0,4,CTC-250I14.6
0,0.5127888468001556,0.645,0.524,0,4,S100A4
0,0.49060236724862594,0.702,0.585,0,4,CD97
0,0.5862945011658773,0.577,0.46,0,4,RAP1B
0,0.43771685150923045,0.853,0.745,0,4,PIP4K2A
0,0.4491584766050647,0.685,0.579,0,4,IER2
0,0.41135806118181795,0.7,0.6,0,4,DUSP2
0,0.3080491177411737,0.938,0.847,0,4,RNF213
0,0.2923695600916463,0.948,0.874,0,4,IFITM2
0,0.35043206356517254,0.796,0.725,0,4,MSN
0,0.37550830049866013,0.894,0.834,0,4,PPP2R5C
0,0.2826319169585223,0.867,0.819,0,4,LCP1
0,0.4051550564733437,0.813,0.766,0,4,C1orf56
0,0.2654073595904305,0.842,0.8,0,4,MYL12A
2.220446049250313e-16,0.968229729059882,0.366,0.236,8.124612094206896e-12,4,STK38
2.220446049250313e-16,0.9208586825876325,0.32,0.193,8.124612094206896e-12,4,UPP1
2.220446049250313e-16,0.5313256761944793,0.602,0.484,8.124612094206896e-12,4,APOBEC3G
4.440892098500626e-16,0.6742906222206035,0.521,0.388,1.624922418841379e-11,4,RP11-353N4.6
1.3322676295501878e-15,0.351634053126336,0.716,0.644,4.8747672565241373e-11,4,CD99
1.5543122344752192e-15,0.9230792232020515,0.38,0.257,5.687228465944827e-11,4,MAP3K8
1.7763568394002505e-15,0.754522846597212,0.417,0.282,6.499689675365516e-11,4,SLA2
1.9984014443252818e-15,1.0544344125905751,0.307,0.194,7.312150884786206e-11,4,DSTN
2.6645352591003757e-15,0.8042302330502784,0.431,0.302,9.749534513048275e-11,4,PARP15
2.6645352591003757e-15,0.6540881559068052,0.487,0.366,9.749534513048275e-11,4,BHLHE40
3.1086244689504383e-15,0.8643494357922525,0.347,0.225,1.1374456931889654e-10,4,CHST12
3.1086244689504383e-15,0.6097322683247353,0.523,0.415,1.1374456931889654e-10,4,ITGB1
4.440892098500626e-15,0.888913541771266,0.339,0.221,1.624922418841379e-10,4,HLA-V
5.10702591327572e-15,1.016289591324564,0.307,0.185,1.868660781667586e-10,4,GNPTAB
5.10702591327572e-15,0.3501720606016816,0.75,0.674,1.868660781667586e-10,4,B4GALT1
5.773159728050814e-15,0.48483969892980405,0.632,0.513,2.1123991444937928e-10,4,RHOF
6.439293542825908e-15,1.0277057945175296,0.268,0.154,2.3561375073199997e-10,4,SYTL2
2.1094237467877974e-14,0.5123344705365664,0.564,0.455,7.718381489496551e-10,4,CCND3
2.19824158875781e-14,0.7544863610377568,0.442,0.329,8.043365973264827e-10,4,MYO1G
4.9960036108132044e-14,0.5924063253160655,0.54,0.412,1.8280377211965515e-9,4,BTN3A1
6.306066779870889e-14,0.6012084828475054,0.517,0.384,2.3073898347547583e-9,4,FAM65B
1.4943601911454607e-13,0.8380941286062806,0.341,0.223,5.467863939401241e-9,4,LINC00623
1.5765166949677223e-13,0.8416555507925568,0.39,0.262,5.768474586886896e-9,4,NBEAL2
1.7741363933510002e-13,0.9479585883021024,0.314,0.199,6.4915650632713096e-9,4,ZNF276
1.851852005074761e-13,0.286612321741881,0.765,0.677,6.775926486568551e-9,4,IL32
2.233768725545815e-13,0.9465735843156915,0.263,0.155,8.173359766772137e-9,4,LYAR
2.580158309228864e-13,0.8862493482795335,0.306,0.19,9.440799253468413e-9,4,KLHDC4
3.275157922644212e-13,0.5117654603527391,0.563,0.452,1.1983802838955171e-8,4,SH2D2A
3.774758283725532e-13,0.7293136252386533,0.398,0.282,1.3811840560151722e-8,4,RP3-508I15.18
5.575540029667536e-13,0.38419772072779335,0.678,0.571,2.0400900968553515e-8,4,PRKCH
6.3860028376439e-13,0.32877200960253594,0.751,0.661,2.336638438293903e-8,4,TXNIP
7.120970479945754e-13,0.8999652242454722,0.279,0.172,2.6055630986121514e-8,4,TNF
1.0738077094174514e-12,0.3277860724218935,0.777,0.691,3.929062408758455e-8,4,ZFP36L2
1.3578027591165664e-12,0.7888447024866689,0.323,0.207,4.9682002956075166e-8,4,AC005944.2
2.006617094707508e-12,0.277017819769001,0.824,0.783,7.342211949534772e-8,4,MYH9
2.332578574737454e-12,0.7053715151578666,0.391,0.276,8.534905004964344e-8,4,ADD3
2.4806823262224498e-12,0.7314612102797113,0.363,0.248,9.076816631647944e-8,4,RAB7L1
3.347544463849772e-12,0.8204644642378093,0.328,0.218,1.2248665193226316e-7,4,SYTL1
3.575806317712704e-12,0.8093167462535283,0.315,0.208,1.3083875316510785e-7,4,MIR3615
4.912958928571243e-12,0.44539683259867435,0.597,0.493,1.7976516719642177e-7,4,IRF1
5.234035427292838e-12,0.4591873576161649,0.542,0.445,1.9151335628464494e-7,4,HCST
7.786438160906073e-12,0.8658394919809217,0.319,0.218,2.849057723075532e-7,4,ABI3
9.852785254338414e-12,0.8391633077430651,0.322,0.214,3.605134124562426e-7,4,TRAPPC10
1.0114353798940101e-11,0.45055939888019303,0.662,0.597,3.700842055032183e-7,4,CTBP1
1.0758505197827617e-11,0.4177791240182869,0.599,0.553,3.936537051885125e-7,4,SAR1A
1.5364598482392466e-11,0.8337847771966159,0.352,0.251,5.621906584707403e-7,4,CPT1A
1.549982364679181e-11,0.988273260064245,0.365,0.26,5.671385472361123e-7,4,SLFN13
3.909206292007639e-11,0.7468793479714317,0.339,0.238,1.430378582245595e-6,4,GLIPR2
7.328138096340808e-11,1.018263753845834,0.254,0.161,2.6813657294511017e-6,4,KLF13
9.645773069166808e-11,0.5810150851836995,0.471,0.365,3.529388366008135e-6,4,ACTN4
9.748468698944635e-11,0.6643546013734758,0.404,0.312,3.5669646969438418e-6,4,GADD45B
1.1134337896123725e-10,0.39306837102940273,0.669,0.567,4.074054236191671e-6,4,SYNE2
1.1269629673904547e-10,0.7297851966106446,0.336,0.232,4.1235574976816736e-6,4,PIK3R1
1.1525536081080645e-10,0.8060517816755606,0.304,0.21,4.217193652067408e-6,4,ADAM8
1.3228618200855635e-10,0.48090804617788363,0.526,0.448,4.840351399693077e-6,4,FAM49B
1.4365064693322438e-10,0.7130609440852973,0.385,0.294,5.25617717128668e-6,4,PIK3R5
1.436650798325445e-10,0.3995127030090244,0.548,0.479,5.2567052710728035e-6,4,EMP3
1.6157253313053843e-10,0.437299615672635,0.559,0.451,5.911938987246401e-6,4,TBC1D10C
1.626128121046122e-10,0.5899887083496956,0.415,0.302,5.9500027949077605e-6,4,ARHGEF3
1.8210855046163488e-10,0.5046474311237359,0.529,0.444,6.66335186139122e-6,4,SLC20A1
1.8669443768715155e-10,0.6786912241042925,0.393,0.298,6.831149474972875e-6,4,AES
2.888451700044925e-10,0.8412671220270029,0.303,0.21,1.056884477046438e-5,4,ADCY7
3.811986282187263e-10,0.6410938080893858,0.422,0.329,1.3948057806523195e-5,4,RAP2B
4.363025496445516e-10,0.35307259082781695,0.726,0.668,1.5964310291494144e-5,4,ARF6
6.358911175396997e-10,0.8279688777836485,0.266,0.172,2.3267255990777613e-5,4,ABCA2
6.393374718527411e-10,0.7949550408440371,0.26,0.167,2.33933580950918e-5,4,FKBP11
6.646760919437611e-10,0.6606603688855499,0.391,0.292,2.432049820422222e-5,4,MIAT
1.1402196964382938e-9,0.7941550900785908,0.288,0.199,4.172063869267717e-5,4,EBP
1.1999752302926936e-9,0.500189286078852,0.499,0.386,4.390709367640966e-5,4,TMEM120B
1.3342908999902647e-9,0.824538165061415,0.276,0.186,4.8821704030643787e-5,4,HSH2D
1.4246395174666304e-9,0.6858364275808513,0.368,0.286,5.212755994410401e-5,4,RP11-466P24.2
1.5564030064751933e-9,0.640648153031232,0.345,0.246,5.694878600692732e-5,4,SIGIRR
2.5833579719858335e-9,0.7144527069738273,0.344,0.242,9.452506819496165e-5,4,ATP8A1
2.89422774635284e-9,0.33473837496200987,0.694,0.63,1.0589979323905041e-4,4,CELF2
3.0692199892712324e-9,0.6640389221095945,0.345,0.247,1.123027594074344e-4,4,PRKCQ
3.6563176930570762e-9,0.5493526142531909,0.431,0.339,1.3378466438895842e-4,4,PRKACB
3.821232885670156e-9,0.7096876493172382,0.399,0.322,1.39818911286671e-4,4,NPC1
3.981578178269274e-9,0.871685558066546,0.281,0.192,1.4568594554287273e-4,4,ITPRIP
4.0797341060994086e-9,0.5104842027896268,0.464,0.391,1.4927747094217736e-4,4,CAPN2
5.757463172884059e-9,0.564358043073015,0.456,0.365,2.106655774958277e-4,4,CCDC88C
6.388416906588645e-9,0.8082876076014899,0.311,0.219,2.3375217461207853e-4,4,MIDN
6.819778075595195e-9,0.30348115169391954,0.621,0.575,2.495356797860282e-4,4,PDIA3
6.973169597301876e-9,0.39708785527646984,0.623,0.546,2.5514827556527564e-4,4,TMEM2
8.690657304910587e-9,0.7522242702192037,0.277,0.191,3.179911507866784e-4,4,ZBP1
8.86613915618284e-9,0.7443548657450524,0.274,0.189,3.244120317247301e-4,4,CMC1
9.046722038164035e-9,0.6264880285868606,0.36,0.273,3.31019559376422e-4,4,GABARAPL1
9.217896890234556e-9,0.37169115844602807,0.578,0.507,3.372828472136824e-4,4,CNOT2
1.1950571421337486e-8,0.6944672825806869,0.331,0.242,4.372714083067386e-4,4,RP11-640M9.1
1.6744159836434847e-8,0.7454236087990623,0.304,0.221,6.12668808415151e-4,4,SIRT2
1.6781274148058856e-8,0.39929621493591205,0.61,0.532,6.140268210774735e-4,4,MACF1
2.2667909993501212e-8,0.5041145613510406,0.466,0.374,8.294188266622093e-4,4,ATP2B4
3.4032919815629725e-8,0.5397837200949203,0.501,0.419,0.0012452645360538916,4,PREX1
3.7584789946976116e-8,0.5629308096018019,0.434,0.353,0.001375227464159856,4,VPS37B
4.0620169006189144e-8,0.5432328095237066,0.39,0.31,0.0014862919839364608,4,PIM1
4.27551405390858e-8,0.7055030292004534,0.25,0.166,0.0015644105923251495,4,KLRC4
5.559053328774155e-8,0.2759319546372858,0.623,0.578,0.0020340576129984633,4,DDIT4
5.777880285329218e-8,0.5875819070648485,0.333,0.241,0.0021141263964019608,4,MGAT4A
6.08521339984236e-8,0.6402901731741657,0.363,0.275,0.0022265795830023194,4,LPP
6.185366485667032e-8,0.5040917572100021,0.428,0.359,0.002263225597105567,4,CTSC
9.176633519736299e-8,0.6069570288471026,0.341,0.251,0.003357730204871512,4,NFATC2
1.2064202992156936e-7,0.6319825918681475,0.353,0.273,0.004414291874830223,4,FMNL1
1.340817001871386e-7,0.41571740917755806,0.494,0.425,0.004906049409847402,4,AAK1
1.4140938064954867e-7,0.6057899994661435,0.333,0.253,0.005174169237966986,4,RP11-705C15.2
1.4983917107080913e-7,0.2802464698154621,0.585,0.555,0.005482615269480906,4,S100A6
1.5494709115770888e-7,0.5855879741368567,0.366,0.286,0.005669514065460568,4,SLFN12L
1.7104501304210373e-7,0.4847417070342799,0.409,0.335,0.006258537027210576,4,DOK2
1.8726577954986112e-7,0.27115473385435807,0.651,0.606,0.0068520548737294185,4,NR4A2
2.433021777381583e-7,0.37165325886008205,0.517,0.453,0.008902426683439213,4,TUBA4A
3.14330836914678e-7,0.3582841684034026,0.575,0.476,0.011501365322708068,4,CD7
3.1815955447989097e-7,0.614055848326104,0.261,0.181,0.01164145809841921,4,F2R
3.2850405573547903e-7,0.45179942520117455,0.456,0.406,0.012019963399361178,4,BZW1
3.353741611089589e-7,0.40546260167452974,0.523,0.446,0.012271340554976806,4,CYFIP2
3.4956838135258295e-7,0.4134627863265592,0.475,0.419,0.01279070707369101,4,YWHAQ
3.9640573890054043e-7,0.48721618016572543,0.452,0.369,0.014504485986370774,4,PCSK7
4.146443917107945e-7,0.2973356009391699,0.667,0.624,0.01517183829269797,4,LRRFIP1
4.6794837249564125e-7,0.4234786055522588,0.498,0.444,0.017122230949615513,4,IVNS1ABP
4.941806739378052e-7,0.6107660340637234,0.296,0.22,0.01808207085938429,4,FLOT1
5.046269424546779e-7,0.3491803675170624,0.537,0.464,0.018464299824416663,4,CD96
7.911677861738298e-7,0.6131756098688774,0.3,0.225,0.02894882929610043,4,C5orf56
8.223127161421928e-7,0.2679544420986173,0.596,0.566,0.030088422283642835,4,HSPA5
9.056053436040656e-7,0.6344522006042611,0.339,0.266,0.03313609952247276,4,ITCH
9.955691504526243e-7,0.5551317478140687,0.358,0.279,0.03642787521506152,4,RHBDF2
1.0250106265985437e-6,0.7854257866095267,0.292,0.228,0.037505138827240714,4,PTPRE
1.2100328294906149e-6,0.4396970277945332,0.477,0.424,0.0442751012310616,4,PDIA3P
1.4056547985585865e-6,0.3810032320577928,0.358,0.259,0.05143290907925868,4,SCML4
1.4631048241842137e-6,0.4490062433860648,0.422,0.351,0.05353500551690038,4,CATSPER2P1
1.7230020084024744e-6,0.40806042528992714,0.448,0.378,0.06304464348744654,4,RASSF5
2.0136253156000095e-6,0.5178837201602529,0.404,0.329,0.07367855029780435,4,APOL6
2.020191655516257e-6,0.32247586414395135,0.515,0.451,0.07391881267533984,4,CD8A
2.201965928039229e-6,0.668877633764723,0.263,0.192,0.08056993330695539,4,SNRK
3.1081306925972996e-6,0.5315250068340893,0.357,0.278,0.11372650204213519,4,BTN3A3
3.4216050939228637e-6,0.39156088505128395,0.455,0.383,0.12519653038663758,4,SKAP1
4.360947474690846e-6,0.3032303009291124,0.594,0.567,0.15956706809893806,4,JAK1
5.155081937546768e-6,0.2815040821198962,0.577,0.523,0.18862444809483625,4,HSP90B1
5.261517678434302e-6,0.5606652658362374,0.357,0.281,0.1925189318539111,4,IQSEC1
5.4664886595112705e-6,0.45222131202740284,0.434,0.356,0.2000188200515174,4,MLLT6
5.835823731370482e-6,0.5822582218633756,0.258,0.187,0.21353279033084593,4,CARD11
8.449371115659687e-6,0.4185452573064984,0.42,0.359,0.30916248912198796,4,CLEC2B
8.502314264635658e-6,0.6203927838486665,0.314,0.252,0.3110996789430187,4,NR4A3
8.56923798964182e-6,0.38346743588473753,0.528,0.463,0.3135484180409942,4,RBL2
8.665558131726314e-6,0.4017621568313149,0.447,0.376,0.31707277203986584,4,PDE4D
9.921091059350573e-6,0.6585840447367806,0.258,0.193,0.36301272186163747,4,CLSTN3
1.0106845607316117e-5,0.589404924842098,0.271,0.206,0.36980948077169673,4,IFNG
1.0381520793911747e-5,0.262838322944537,0.623,0.595,0.3798598458492308,4,CD47
1.0571274099646644e-5,0.4169871404295763,0.441,0.387,0.3868029193060707,4,PRMT2
1.2001888111790038e-5,0.4061310138043164,0.474,0.422,0.4391490860103975,4,KCNAB2
1.3470696719419806e-5,0.47348674182773154,0.339,0.265,0.4928927929635707,4,TC2N
1.6501257661616364e-5,0.5994963653065042,0.295,0.231,0.6037810178385428,4,CDK17
2.00950901523278e-5,0.31261504538922513,0.475,0.434,0.7352793486736742,4,ANXA2
2.2842184769444884e-5,0.2551185430367484,0.642,0.586,0.8357955407139883,4,CBLB
2.4348295712739443e-5,0.7370417049236602,0.252,0.197,0.8909041401291362,4,C1orf174
2.4588410872494748e-5,0.4083050490764276,0.479,0.425,0.8996899538245828,4,MTND4P12
2.5391046936107387e-05,0.5737126177572078,0.29,0.232,0.9290584073921693,4,BZW1P2
3.5692295556444265e-5,0.37550978379421784,0.466,0.429,1,4,TCF25
4.05454041609854e-5,0.5079012613026299,0.399,0.348,1,4,RASSF3
4.766757627949758e-5,0.48381981324998763,0.361,0.301,1,4,ARRB2
4.855930414859877e-5,0.5881139429205026,0.271,0.216,1,4,UBE2F
5.535196414063748e-5,0.38028469082905503,0.436,0.372,1,4,ST3GAL1
6.924002065100687e-5,0.484410610962546,0.319,0.271,1,4,PFN1P1
7.572498633390268e-5,0.5562078112957527,0.307,0.253,1,4,SRPK2
8.334674785337448e-5,0.25569269359152447,0.602,0.558,1,4,PRDM1
8.893039968227434e-5,0.3790900598960215,0.45,0.407,1,4,SUN2
9.332715729004626e-5,0.4999512356019221,0.292,0.228,1,4,NLRC3
9.985504206100337e-5,0.4123980633407732,0.391,0.35,1,4,NFE2L2
1.1491328139534573e-4,0.4835017737685366,0.32,0.256,1,4,IFNGR1
1.1748226066932155e-4,0.37907487075969726,0.404,0.353,1,4,C9orf78
1.3817996576204195e-4,0.3720018667020486,0.358,0.291,1,4,PVRIG
1.388549567669095e-4,0.4766325544048421,0.366,0.311,1,4,KLF12
1.436778377952308e-4,0.5413287833860639,0.273,0.216,1,4,MAZ
2.1859806504487267e-4,0.30795256562149975,0.564,0.521,1,4,ANKRD36
2.543168516109251e-4,0.31000261897917536,0.472,0.444,1,4,SASH3
2.5692842871749555e-4,0.3174115344039124,0.42,0.371,1,4,MIR4426
2.691762062099201e-4,0.2989204876669421,0.563,0.531,1,4,CCND2
2.9139098299935107e-4,0.4130960823974422,0.334,0.282,1,4,SPSB3
2.9851623321941467e-4,0.31114192702440446,0.417,0.38,1,4,GSTP1
3.131227774197942e-4,0.4418921075481614,0.336,0.277,1,4,EPB41
3.526409876521974e-4,0.3966252338876878,0.393,0.352,1,4,PILRB
3.857482396707468e-4,0.31500857866770826,0.452,0.417,1,4,OPTN
4.0537347581937055e-4,0.5663232292713786,0.252,0.204,1,4,TRPV2
4.213349558277457e-4,0.3925763314234282,0.319,0.258,1,4,ERN1
5.184353598350899e-4,0.2639384814938237,0.491,0.47,1,4,SHISA5
5.38795372029055e-4,0.30861364569146776,0.523,0.465,1,4,ANKRD36B
5.850815129204712e-4,0.3862018284937323,0.396,0.35,1,4,OSTF1
5.954541253836432e-4,0.3247173126544868,0.425,0.367,1,4,TMC8
6.229681686780175e-4,0.31789233438976416,0.417,0.379,1,4,GIMAP4
6.510432098005836e-4,0.329632768528866,0.401,0.349,1,4,SLC44A2
6.688063379365339e-4,0.4542129684658539,0.345,0.298,1,4,DIAPH1
7.080863387698422e-4,0.3956082666538415,0.417,0.37,1,4,ATM
7.119309214560499e-4,0.4527951526872167,0.309,0.268,1,4,JMJD6
7.223639081868072e-4,0.2872226345066551,0.428,0.375,1,4,GIMAP7
7.853829347310715e-4,0.35569902730206315,0.379,0.352,1,4,MT2A
8.605370751029184e-4,0.5508292358638601,0.257,0.209,1,4,SH3BP2
8.812441395740223e-4,0.6098257521595761,0.292,0.244,1,4,PSME4
9.364764744665965e-4,0.4550695129799931,0.268,0.219,1,4,RP11-252A24.7
0.0010320533186696235,0.49417904110467875,0.315,0.275,1,4,TRAPPC2
0.001045659243850805,0.40395653418630023,0.339,0.288,1,4,NFATC3
0.0010568285170793335,0.454923091143962,0.258,0.206,1,4,TNIK
0.0010747265476611645,0.45381265529130393,0.269,0.218,1,4,CDC42EP3
0.0011885876599997403,0.45163363027183034,0.341,0.291,1,4,ARAP2
0.0012925351156152232,0.26080058862913935,0.45,0.421,1,4,CD48
0.0013126664992806347,0.5054670310571591,0.33,0.286,1,4,EIF4G3
0.0013739979696021365,0.5255146466550565,0.268,0.225,1,4,MADD
0.0014079427784070564,0.38360972906736934,0.355,0.307,1,4,PLEKHA2
0.0015653088027338669,0.29798203756542146,0.387,0.339,1,4,RPS3AP5
0.001586231050947129,0.500690153611718,0.263,0.222,1,4,KBTBD2
0.0020044115693045317,0.3716024044709765,0.369,0.338,1,4,ZNF655
0.0021164810911149523,0.5295012627896409,0.29,0.244,1,4,MSL2
0.002178333376925634,0.32245249651754093,0.422,0.395,1,4,APOL2
0.0025619731555670544,0.31671124259980676,0.455,0.412,1,4,HELZ
0.0025903725965918944,0.31865851036091464,0.384,0.35,1,4,ANXA2P2
0.002653888123737902,0.4655127735093983,0.284,0.244,1,4,UNC13D
0.0026765331012694737,0.46089151948900225,0.295,0.257,1,4,HEXIM1
0.0027972743880921858,0.29703576904264584,0.434,0.388,1,4,RASA2
0.0028819994197568644,0.45399660803656955,0.277,0.235,1,4,ARPC5L
0.002941438884109804,0.4443543932625928,0.314,0.278,1,4,TAOK3
0.0029429083281027335,0.3014432860991738,0.468,0.42,1,4,ANKRD36C
0.0031091960544122887,0.5054556285758711,0.265,0.226,1,4,PHF20
0.0031128226411905047,0.351429420317277,0.334,0.293,1,4,RNF168
0.003489672993143955,0.429568666488106,0.41,0.389,1,4,ARID1A
0.0036175733296313073,0.35425518286797375,0.336,0.291,1,4,IQGAP2
0.00445721816186917,0.27654748734458234,0.477,0.459,1,4,CYTH1
0.005196863233061455,0.3381737948152403,0.498,0.459,1,4,ATXN7
0.0054265953008418855,0.25576797198384815,0.447,0.431,1,4,MAP1LC3B
0.005439930887559452,0.3721299927906907,0.26,0.222,1,4,PCSK5
0.005892982284383397,0.42460541969420984,0.276,0.243,1,4,TMBIM1
0.005934444855521637,0.3563172441634579,0.358,0.332,1,4,ARIH2
0.006101737109102556,0.3533115277839732,0.306,0.273,1,4,RP11-367G18.2
0.006281615697631526,0.2823824353761042,0.38,0.345,1,4,ARHGAP25
0.006286275039501854,0.32667216718179215,0.328,0.288,1,4,BIN1
0.0063906556220127975,0.3064735502267049,0.398,0.355,1,4,SSH2
0.0065252690075108255,0.3579812367207015,0.345,0.312,1,4,CASP8
0.007004347790832588,0.3944352401985925,0.295,0.265,1,4,CDC42P6
0.007085217828092016,0.4152725680337157,0.296,0.266,1,4,ZC3H12A
0.0071888354451796754,0.30935218067712167,0.434,0.402,1,4,BPTF
0.007499726305367993,0.38995021257448115,0.295,0.261,1,4,SACM1L
0.007639291093418432,0.2552639326846733,0.418,0.415,1,4,P4HB
0.008490707299914968,0.39360716127920586,0.33,0.296,1,4,RNF44
0.008786914176942995,0.2766406254417405,0.339,0.29,1,4,RASAL3
0,5.5702034990819165,0.937,0.036,0,5,MS4A1
0,4.575416407856011,0.885,0.058,0,5,CTA-250D10.23
0,4.385439856308689,0.865,0.061,0,5,BCL11A
0,3.9855636992807533,0.867,0.07,0,5,CD79A
0,5.757435996413748,0.797,0.028,0,5,BANK1
0,5.743494805254564,0.775,0.02,0,5,CD22
0,4.529648949961539,0.815,0.066,0,5,IGHM
0,3.094459395396979,0.896,0.166,0,5,IRF8
0,5.358430154045568,0.75,0.024,0,5,CD19
0,3.1746484112507787,0.854,0.147,0,5,FGD2
0,6.023121931126121,0.664,0.014,0,5,FCRL1
0,3.2642808115017363,0.752,0.111,0,5,CD79B
0,5.597561400858397,0.644,0.018,0,5,LINC00926
0,5.351470073030161,0.635,0.017,0,5,PAX5
0,3.495958664502888,0.712,0.095,0,5,NCF1C
0,3.6930397051436388,0.694,0.08,0,5,ADAM28
0,2.7619726377685305,0.802,0.189,0,5,CD83
0,3.01214524097042,0.723,0.131,0,5,NCF1
0,2.1557571582693082,0.865,0.282,0,5,HLA-DQA1
0,2.6239030786574857,0.782,0.201,0,5,HLA-DQB2
0,2.762371844402952,0.685,0.106,0,5,CYBB
0,2.040758422425041,0.923,0.347,0,5,HLA-DQB1
0,3.1413964764988442,0.633,0.061,0,5,AC096579.7
0,2.873134347962321,0.68,0.119,0,5,NCF1B
0,2.365685718003139,0.775,0.223,0,5,HLA-DQA2
0,3.248379253196404,0.64,0.09,0,5,TCF4
0,3.129716578473644,0.646,0.103,0,5,IGKC
0,1.9190669345361426,0.98,0.438,0,5,HLA-DRA
0,3.671193747622141,0.601,0.071,0,5,WDFY4
0,6.468186479359342,0.538,0.01,0,5,IGHD
0,4.312538443115691,0.565,0.04,0,5,KIAA0226L
0,3.495083532409717,0.581,0.074,0,5,NAPSB
0,2.0679415593446895,0.727,0.228,0,5,LY9
0,2.70734532765689,0.637,0.157,0,5,CIITA
0,1.5839133513731594,0.818,0.349,0,5,ADAM19
0,5.0065626819486235,0.486,0.02,0,5,BLK
0,3.8880786290609253,0.516,0.054,0,5,SWAP70
0,3.6747070085087747,0.52,0.069,0,5,MEF2C
0,5.362640428197965,0.462,0.015,0,5,FCER2
0,1.5142954608136105,0.928,0.483,0,5,HLA-DRB6
0,1.6979347422758013,0.773,0.329,0,5,HLA-DMA
0,3.927920205882118,0.491,0.049,0,5,BLNK
0,2.7254202032168395,0.55,0.112,0,5,CXCR5
0,3.3822388488934783,0.495,0.058,0,5,POU2AF1
0,2.5106275446644144,0.581,0.148,0,5,HLA-DMB
0,4.238219904081121,0.464,0.034,0,5,STAP1
0,3.1327819842854012,0.509,0.084,0,5,RP1-257A7.5
0,4.6479451273309484,0.464,0.041,0,5,FAM129C
0,4.2897409362934935,0.453,0.031,0,5,RALGPS2
0,4.246676849222269,0.45,0.031,0,5,ARHGAP24
0,4.229439783395347,0.453,0.038,0,5,SPIB
0,2.1835604618403095,0.563,0.149,0,5,RAB30
0,1.485919812203265,0.761,0.348,0,5,ST6GAL1
0,1.3198664887227902,0.935,0.524,0,5,HLA-DRB5
0,3.6104829315983693,0.468,0.058,0,5,CD40
0,1.5366585587875377,0.721,0.313,0,5,SELL
0,2.5740880328634574,0.455,0.05,0,5,IGHG3
0,3.3945993256986506,0.473,0.071,0,5,SMIM14
0,3.2490145390340155,0.475,0.076,0,5,HVCN1
0,2.8766972488382407,0.484,0.087,0,5,ALOX5
0,2.3555962792985894,0.534,0.137,0,5,AKAP2
0,1.3095144277487791,0.948,0.551,0,5,HLA-DPA1
0,1.2541222203270959,0.948,0.555,0,5,HLA-DPB1
0,2.032253826059067,0.59,0.2,0,5,SNX2
0,1.2215643077423084,0.962,0.573,0,5,HLA-DRB1
0,1.9163951027304,0.563,0.175,0,5,POU2F2
0,6.523860333024279,0.392,0.007,0,5,EBF1
0,4.8240520682213415,0.399,0.017,0,5,CLEC17A
0,2.561692631674755,0.473,0.092,0,5,IGHG1
0,1.2264722216022754,0.833,0.452,0,5,CD55
0,5.7453592317520865,0.381,0.008,0,5,VPREB3
0,2.948144600092847,0.414,0.041,0,5,IGHG2
0,3.277331657287305,0.441,0.071,0,5,HLA-DOA
0,3.025730469105341,0.459,0.09,0,5,SYK
0,4.362513911842096,0.396,0.028,0,5,HLA-DOB
0,2.8627755872989784,0.441,0.077,0,5,RABEP2
0,4.907439198627609,0.372,0.016,0,5,FCRLA
0,5.043264773888827,0.369,0.015,0,5,FCRL2
0,4.153869514008303,0.383,0.034,0,5,AFF3
0,1.1212582157279223,0.806,0.458,0,5,FAIM3
0,2.571661904170844,0.381,0.036,0,5,IGHGP
0,3.764594826678329,0.394,0.05,0,5,BTK
0,4.997473973902869,0.365,0.027,0,5,IGLC3
0,1.2726558600001592,0.806,0.471,0,5,RASGEF1B
0,1.616986912308195,0.572,0.237,0,5,SEL1L3
0,4.391232926616286,0.358,0.024,0,5,TCL1A
0,2.401632186755124,0.369,0.035,0,5,IGHG4
0,4.095482246205819,0.369,0.037,0,5,GNG7
0,2.24428095957287,0.439,0.107,0,5,PLCG2
0,2.221929327963412,0.448,0.118,0,5,TPD52
0,1.2248615402955545,0.779,0.45,0,5,SYNGR2
0,5.154209574595171,0.338,0.011,0,5,CR2
0,1.3365431044209592,0.541,0.219,0,5,CCR7
0,4.250568048673329,0.347,0.025,0,5,PKIG
0,2.6190791893027576,0.41,0.092,0,5,MICAL3
0,2.201860313161593,0.455,0.142,0,5,FAM65A
0,1.3882041955261606,0.554,0.242,0,5,PLAC8
0,3.931941217803149,0.338,0.029,0,5,COBLL1
0,2.176166931205372,0.448,0.142,0,5,STX7
0,2.4507347481166004,0.414,0.111,0,5,LAT2
0,2.5199580700114317,0.383,0.08,0,5,BACH2
0,2.169089887550679,0.439,0.139,0,5,CTSH
0,1.201079954817763,0.669,0.37,0,5,NCOA3
0,1.9185696582766756,0.455,0.156,0,5,DRAM2
0,1.3080549223137048,0.559,0.261,0,5,LTB
0,1.4000326785894903,0.588,0.292,0,5,AMFR
0,4.3974086677775786,0.315,0.019,0,5,CNR2
0,3.0292827637831583,0.365,0.069,0,5,SIGLEC14
0,1.3199014779540328,0.588,0.293,0,5,PARP15
0,2.7452903695304345,0.372,0.08,0,5,XXbac-BPG181M17.5
0,1.623547804771862,0.473,0.182,0,5,IFI30
0,2.8138721975401833,0.374,0.086,0,5,CD72
0,1.1218756801761964,0.664,0.377,0,5,FAM65B
0,1.6754053291132553,0.484,0.199,0,5,NFKBID
0,2.131304047787199,0.41,0.127,0,5,SNX29
0,3.04327987991687,0.336,0.054,0,5,CCR6
0,1.2918630614910775,0.631,0.351,0,5,NR4A1
0,6.36223659705925,0.282,0.004,0,5,COL19A1
0,1.4539107408994518,0.547,0.271,0,5,ARHGAP17
0,1.7998409554437271,0.41,0.135,0,5,CHD7
0,2.055975308217964,0.403,0.13,0,5,CCDC50
0,0.9215881371356416,0.946,0.678,0,5,CD37
0,2.1335856052422337,0.385,0.118,0,5,IFNGR2
0,1.5539664783855307,0.462,0.196,0,5,ZCCHC7
0,1.1797369495018608,0.554,0.29,0,5,NGLY1
0,1.5622323648621086,0.52,0.256,0,5,PIKFYVE
0,2.6265787017327846,0.338,0.076,0,5,HLA-DQB1-AS1
0,3.0242162764720915,0.318,0.06,0,5,PHACTR1
0,2.056286909456955,0.387,0.129,0,5,ORAI2
0,2.0600062077712726,0.356,0.099,0,5,SIPA1L3
0,3.0113822783906454,0.311,0.054,0,5,RASGRP3
0,0.9627910346099073,0.752,0.496,0,5,RP11-36C20.1
0,3.930982913590457,0.282,0.026,0,5,IGHA1
0,0.986396673794716,0.68,0.426,0,5,PPP3CA
0,3.864996890333443,0.279,0.025,0,5,CPNE5
0,1.9944299136798898,0.387,0.134,0,5,FCHSD2
0,1.9578512080411152,0.401,0.149,0,5,CYB561A3
0,1.0154027463666566,0.703,0.451,0,5,PRDM2
0,1.107563919317129,0.615,0.364,0,5,RP11-16E23.4
0,1.3420448323947944,0.498,0.248,0,5,RP11-1100L3.8
0,2.762066004122037,0.324,0.076,0,5,ADRBK2
0,3.4251390502583985,0.293,0.045,0,5,LY86
0,2.5640837623320203,0.304,0.056,0,5,IGJ
0,1.5346696879507724,0.41,0.163,0,5,RP4-765C7.2
0,5.14394623721998,0.25,0.007,0,5,AC079767.4
0,0.9811807671238579,0.766,0.524,0,5,RPL3P7
0,4.872657961112566,0.252,0.011,0,5,KIAA0125
0,3.1202109578433013,0.284,0.044,0,5,PDLIM1
0,1.7998539631987567,0.372,0.136,0,5,SYPL1
0,1.1173574967119082,0.581,0.348,0,5,POLD4
0,1.033139158660712,0.545,0.313,0,5,CTD-3035D6.1
0,2.230521707782762,0.347,0.115,0,5,PIK3AP1
0,2.90357445107365,0.286,0.054,0,5,CDCA7L
0,1.3778265167889887,0.399,0.168,0,5,EEF1GP5
0,1.1835508357815216,0.473,0.242,0,5,RPS23P8
0,1.6927965055199403,0.374,0.145,0,5,DENND3
0,0.8522853649348101,0.73,0.501,0,5,SP110
0,2.2569791009878695,0.302,0.073,0,5,MGAT5
0,1.249777341553434,0.453,0.225,0,5,CHMP7
0,2.888849494687706,0.288,0.061,0,5,FCGR2B
0,3.030469421780274,0.275,0.049,0,5,DOK3
0,2.493087055583264,0.297,0.071,0,5,P2RX5
0,0.9430550982270417,0.563,0.338,0,5,SLC44A2
0,2.081161019514055,0.32,0.096,0,5,PIK3C2B
0,0.6722987702661267,0.838,0.616,0,5,RHOH
0,1.2294058819761597,0.455,0.234,0,5,KIAA0922
0,1.4820770200430895,0.39,0.169,0,5,RP3-486I3.4
0,0.8052075429816689,0.718,0.497,0,5,EEF1B2P3
0,0.8620975162330138,0.809,0.59,0,5,RPL3P2
0,0.9669637746259965,0.653,0.434,0,5,AC011933.1
0,2.8373023542775844,0.27,0.056,0,5,EAF2
0,1.360116575945296,0.455,0.241,0,5,ITPR1
0,3.2531905537160477,0.25,0.036,0,5,FCRL5
0,1.3812517023389086,0.423,0.211,0,5,AC009950.2
0,2.2303608268944317,0.291,0.079,0,5,IFT57
0,2.724634661150803,0.268,0.057,0,5,HDAC9
0,2.0292865180664754,0.345,0.134,0,5,TSPAN3
0,0.6955885466461034,0.836,0.626,0,5,RPL15P3
0,1.5183165256822608,0.374,0.165,0,5,TMEM154
0,1.2818698252116854,0.486,0.277,0,5,HSP90AB2P
0,0.9364194667701146,0.527,0.319,0,5,RPSAP53
0,0.8513398081752597,0.658,0.45,0,5,RP11-146N23.1
0,0.9116161758595025,0.703,0.495,0,5,SKIL
0,2.6198088205230015,0.27,0.064,0,5,STRBP
0,1.1498837896266774,0.41,0.204,0,5,AB019441.29
0,0.8799624758807322,0.588,0.382,0,5,RPL7P23p
0,1.770258820224298,0.3,0.095,0,5,TMEM156
0,0.6859729459002117,0.723,0.519,0,5,RP11-543P15.1
0,0.9724061256874392,0.502,0.299,0,5,RPL10AP2
0,1.028777854834588,0.459,0.257,0,5,RPS18P12
0,0.7796276471932695,0.745,0.545,0,5,RPL10AP6
0,1.1357582913782602,0.646,0.447,0,5,HSP90AB3P
0,0.7763024798645983,0.75,0.551,0,5,HERPUD1
0,1.077641872227498,0.468,0.27,0,5,RPL13AP6
0,0.8302000613760214,0.64,0.442,0,5,RPSAP15
0,0.9667646605557012,0.509,0.311,0,5,RP11-627K11.1
0,1.4663080913618338,0.36,0.162,0,5,NUP88
0,0.964198043763772,0.505,0.308,0,5,GPR183
0,1.0910508041942069,0.41,0.213,0,5,RPL13AP25
0,1.4404207116825263,0.374,0.178,0,5,SYVN1
0,1.864051616569197,0.286,0.09,0,5,IL24
0,0.7207644522554133,0.745,0.549,0,5,GRB2
0,0.9577615978365177,0.502,0.307,0,5,RPL12P4
0,0.7039348811023811,0.854,0.659,0,5,RP11-234A1.1
0,2.4956043603340206,0.264,0.07,0,5,QRSL1
0,1.4317045725350375,0.347,0.154,0,5,GNB5
0,1.3170108436777033,0.378,0.187,0,5,C9orf72
0,0.8010942473559748,0.68,0.49,0,5,INPP5D
0,0.7118868205446467,0.773,0.583,0,5,MDM4
0,1.3700587260618602,0.399,0.209,0,5,AP1B1
0,0.8535856852128084,0.52,0.33,0,5,RPS3AP5
0,1.4827568445433834,0.345,0.156,0,5,UVRAG
0,0.807051105125029,0.579,0.39,0,5,CTC-451P13.1
0,1.066104036366479,0.45,0.262,0,5,CTB-54D4.1
0,1.568630730357452,0.32,0.133,0,5,SPPL2B
0,0.6908815160417835,0.646,0.459,0,5,RP11-475C16.1
0,0.5913444683406787,0.712,0.525,0,5,AC004453.8
0,0.8533551557232271,0.532,0.346,0,5,SSH2
0,0.8876656265791755,0.561,0.375,0,5,RP11-12M9.3
0,1.2317857136715578,0.394,0.209,0,5,GRN
0,1.978641794435731,0.273,0.088,0,5,LYN
0,1.5095922846638632,0.322,0.137,0,5,DAPP1
0,0.8811359198076352,0.437,0.253,0,5,WDR74
0,0.8852614745973484,0.516,0.332,0,5,RP11-159C21.4
0,1.059242377158803,0.383,0.199,0,5,AD000092.3
0,1.3019381278706985,0.378,0.195,0,5,OSER1
0,0.7771148117288914,0.604,0.421,0,5,REL
0,1.5363958044728,0.302,0.119,0,5,RP11-727F15.9
0,0.7909308110679845,0.545,0.363,0,5,MIR4426
0,0.6505040548251777,0.878,0.697,0,5,EIF2S3
0,1.5364764282120293,0.331,0.15,0,5,KIAA1033
0,1.8046227443724874,0.264,0.083,0,5,GSAP
0,0.632333448768476,0.768,0.588,0,5,RPL9P7
0,1.9943313413250974,0.275,0.095,0,5,C1orf132
0,0.6453947811429797,0.854,0.675,0,5,RP11-122C9.1
0,0.7360460294905588,0.709,0.53,0,5,EEF1A1P11
0,0.6230657035497371,0.899,0.721,0,5,RPS3AP26
0,1.0178975149539682,0.498,0.32,0,5,PRKCB
0,0.8387670799158984,0.642,0.464,0,5,PARP14
0,0.7562775836850727,0.507,0.329,0,5,RP11-314A20.1
0,0.6509334299883194,0.827,0.65,0,5,RP11-889L3.1
0,0.5746605545236527,0.757,0.581,0,5,BIRC3
0,0.6908511663530327,0.68,0.504,0,5,AC007969.5
0,0.7031759187477301,0.617,0.441,0,5,RP11-69L16.5
0,0.7119909801754152,0.723,0.547,0,5,CD69
0,0.7661628184071448,0.545,0.37,0,5,RPS4XP6
0,1.5304284612473529,0.302,0.127,0,5,HIP1R
0,0.9529519210821705,0.448,0.274,0,5,RHBDF2
0,1.6652875426065905,0.3,0.126,0,5,PXK
0,0.856773487951616,0.448,0.274,0,5,RPL5P9
0,0.6770069881521168,0.842,0.668,0,5,AC011737.2
0,0.5603486641427571,0.831,0.658,0,5,RP11-864N7.2
0,1.5954144984600567,0.412,0.24,0,5,BCAS4
0,0.8798692215345171,0.545,0.374,0,5,STAT6
0,1.8722671089195702,0.27,0.099,0,5,PLEKHF2
0,1.7295853314504404,0.288,0.118,0,5,SKAP2
0,1.8916671247328631,0.255,0.086,0,5,GPR18
0,1.2999168842063547,0.324,0.155,0,5,CEPT1
0,0.9638277712455623,0.408,0.241,0,5,RP11-282K24.1
0,0.6312410823809985,0.707,0.54,0,5,EEF1A1P12
0,0.6286522784965061,0.741,0.575,0,5,RPL14P1
0,1.188755701436578,0.374,0.208,0,5,KIAA0430
0,0.9150117043769488,0.417,0.252,0,5,AC079250.1
0,0.707892841047344,0.655,0.491,0,5,FOXP1
0,0.6442772200047459,0.642,0.478,0,5,RPL7AP6
0,0.7318374534941328,0.532,0.369,0,5,RPS4XP2
0,1.0154183447770697,0.441,0.278,0,5,RCSD1
0,1.1470909332366381,0.327,0.165,0,5,RPL19P12
0,0.5814604649339786,0.649,0.489,0,5,RP4-706A16.3
0,1.058693355999246,0.381,0.221,0,5,TMEM243
0,0.9453934659098793,0.394,0.234,0,5,EEF1A1P10
0,0.9144174391017618,0.412,0.252,0,5,RPS7P10
0,1.0956890275710953,0.342,0.183,0,5,RPS3AP47
0,1.1246172357067343,0.331,0.172,0,5,EIF4A2P4
0,0.6398270297348871,0.676,0.517,0,5,AC022431.1
0,0.7518940705644216,0.52,0.361,0,5,RP11-632C17--A.1
0,1.040894717725783,0.387,0.228,0,5,ALG13
0,1.4308427578684673,0.304,0.145,0,5,MANBA
0,1.4360124774002163,0.293,0.134,0,5,DMXL1
0,1.0455901546826987,0.331,0.173,0,5,RPS18P9
0,0.6768834606642375,0.572,0.414,0,5,NACA3P
0,1.2633623566977876,0.333,0.176,0,5,MBD4
0,1.1365934784109317,0.376,0.22,0,5,TCOF1
0,0.6935999352602118,0.608,0.452,0,5,PDE4B
0,0.4901806957800663,0.82,0.664,0,5,PIM2
0,0.6203766615893049,0.734,0.579,0,5,RPS7P1
0,0.5688458977538859,0.797,0.642,0,5,hsa-mir-6723
0,0.6713276398594015,0.811,0.657,0,5,CTB-13H5.1
0,1.1860628319081097,0.291,0.137,0,5,RPL3P6
0,0.6735365908687564,0.606,0.452,0,5,EEF1A1P19
0,0.6134044679275423,0.779,0.626,0,5,FOSB
0,1.4032988811880058,0.284,0.131,0,5,RP11-48B14.1
0,0.5691622489599875,0.876,0.724,0,5,RPL5P34
0,1.2904277785074445,0.277,0.125,0,5,RP5-1180E21.5
0,1.1658684149338012,0.376,0.224,0,5,SMARCB1
0,1.0912320254720436,0.345,0.193,0,5,FAM214A
0,0.6163086985671733,0.8,0.649,0,5,EEF1A1P13
0,1.2910148977970093,0.282,0.131,0,5,DGKD
0,1.293866493178613,0.333,0.183,0,5,DNAJC10
0,0.7472298015821739,0.525,0.375,0,5,PTPN6
0,0.5787895389694313,0.84,0.69,0,5,EEF1B2
0,1.4253414302994445,0.273,0.123,0,5,FAM49A
0,1.094357254803186,0.345,0.195,0,5,RP5-857K21.7
0,0.5188063313192413,0.793,0.644,0,5,CTD-2287O16.1
0,0.6107218360637156,0.723,0.575,0,5,RPS4XP22
0,0.5441206215706931,0.752,0.604,0,5,RP11-466H18.1
0,0.8993192637822099,0.441,0.294,0,5,CDKN1A
0,1.1682234038898598,0.322,0.176,0,5,RP11-220I1.1
0,1.2767703128037426,0.277,0.132,0,5,MAP4K4
0,0.5209686878022104,0.777,0.632,0,5,AC016739.2
0,0.5319080990758294,0.953,0.809,0,5,RPS5
0,0.5514092912074385,0.66,0.517,0,5,RP11-592N21.1
0,0.5181849313944296,0.872,0.729,0,5,RP11-51O6.1
0,1.5637913844737954,0.25,0.108,0,5,ANKRD13A
0,0.5548362107333387,0.727,0.586,0,5,GAS5
0,1.2438238143941014,0.291,0.15,0,5,MTSS1
0,0.48810108939064367,0.8,0.66,0,5,TXNIP
0,0.5373268974308725,0.764,0.625,0,5,RP11-425L10.1
0,1.3953088170326131,0.291,0.152,0,5,PPAPDC1B
0,0.5830979183661791,0.725,0.588,0,5,CD47
0,0.4890797102346509,0.827,0.69,0,5,RPL21P75
0,1.231774822380223,0.282,0.146,0,5,ID3
0,0.5034257839981207,0.75,0.616,0,5,CD52
0,0.5582648322502426,0.93,0.796,0,5,RPL3P4
0,0.4800950064916618,0.887,0.757,0,5,ZFP36L1
0,0.578922010532797,0.745,0.617,0,5,SLC2A3
0,0.5296224303363422,0.926,0.798,0,5,RPLP0P6
0,0.4431000967283887,0.842,0.714,0,5,RPL36A
0,0.5449450261416968,0.741,0.62,0,5,EEF1A1P9
0,0.47029090453556543,0.964,0.845,0,5,RPS23
0,0.4236760750537165,0.923,0.806,0,5,MT-ND3
0,0.5599383324117619,0.874,0.76,0,5,CTD-2192J16.15
0,0.48525714881636506,0.793,0.681,0,5,RBM6
0,0.4592456880412401,0.788,0.677,0,5,PPP1R15A
0,0.4325852822099896,0.91,0.801,0,5,EZR
0,0.4289853191644082,0.845,0.737,0,5,RPL35
0,0.3907437528383664,0.962,0.855,0,5,CXCR4
0,0.5185223593276149,0.903,0.799,0,5,RPSAP58
0,0.551117970426747,0.682,0.579,0,5,NPM1P27
0,0.4966950417120901,0.962,0.861,0,5,RPL18AP3
0,0.4649132834238514,0.896,0.795,0,5,RP11-778D9.4
0,0.5130697790725216,0.77,0.67,0,5,JUND
0,0.49905732106797895,0.971,0.872,0,5,RPL9P9
0,0.49641505109092376,0.968,0.872,0,5,RPL9P8
0,0.4698448563066373,0.977,0.881,0,5,EEF1G
0,0.7286712575413978,1,0.905,0,5,CD74
0,0.47840714222083913,0.827,0.732,0,5,RPL4P4
0,0.4111217866367507,0.806,0.714,0,5,SLC25A6
0,0.464398441779724,0.86,0.769,0,5,HSP90AB1
0,0.45141980026361805,0.694,0.603,0,5,RP11-20O24.4
0,0.3590566388359553,0.912,0.822,0,5,NBEAL1
0,0.3824079543107368,0.912,0.825,0,5,RPL39
0,0.3701457877967851,0.923,0.837,0,5,RPL29
0,0.41721856383991884,0.962,0.876,0,5,EEF2
0,0.3284351273825368,0.982,0.897,0,5,FTL
0,0.36223327801989824,0.874,0.79,0,5,MTATP6P1
0,0.3685161797900509,0.838,0.755,0,5,RPL36
0,0.4400726727969575,0.953,0.87,0,5,LAPTM5
0,0.37222649808828034,0.854,0.775,0,5,RPS10
0,0.3992055097472047,0.977,0.898,0,5,MT-CO3
0,0.4105755845898731,0.928,0.851,0,5,RP11-742N3.1
0,0.4356787221535634,0.966,0.889,0,5,RPS3AP6
0,0.45711249817058786,0.872,0.796,0,5,SRSF6
0,0.3908588315938344,0.813,0.738,0,5,EIF4A2
0,0.35727385895998376,0.919,0.846,0,5,RPL31
0,0.4260880739396615,0.905,0.832,0,5,EEF1A1P6
0,0.39162985538457296,0.926,0.854,0,5,RP11-572P18.1
0,0.36331491616612155,0.959,0.887,0,5,RP11-3P17.3
0,0.34100786480355705,0.878,0.808,0,5,RPS17L
0,0.4100303992769927,0.721,0.651,0,5,TSPYL1
0,0.36378186623582565,0.973,0.904,0,5,RPL10A
0,0.3360700713606528,0.914,0.846,0,5,RPL14
0,0.33961701592065685,0.948,0.881,0,5,RPS20
0,0.30760822900698326,0.883,0.818,0,5,MT-ATP8
0,0.33008741897495364,0.941,0.876,0,5,RPS28
0,0.3342119908763186,0.948,0.884,0,5,RPS13
0,0.35034154812223317,0.973,0.909,0,5,RPL32
0,0.3621030229840385,0.957,0.893,0,5,RPL12
0,0.43516372943391257,0.962,0.899,0,5,CTC-575D19.1
0,0.33958955036781235,0.95,0.888,0,5,RPSA
0,0.36197704316788126,0.977,0.915,0,5,GNB2L1
0,0.34418232302514573,0.932,0.871,0,5,RPL35A
0,0.3242645392964816,0.919,0.858,0,5,RPL13P12
0,0.32432555140654795,0.874,0.814,0,5,RPS2
0,0.4602167396792085,0.973,0.913,0,5,RPL13AP5
0,0.3869926119828153,0.989,0.93,0,5,RPS8
0,0.3353890538519084,0.93,0.873,0,5,RPL34
0,0.3062145228145332,0.955,0.899,0,5,RPL30
0,0.32273077593782284,0.946,0.891,0,5,FAU
0,0.3692316725692213,0.98,0.926,0,5,RPL8
0,0.36604089110398186,0.991,0.937,0,5,MTRNR2L12
0,0.3333298409552756,0.878,0.826,0,5,RPL18
0,0.3423224387878294,0.962,0.911,0,5,RPS11
0,0.32788877408441186,0.838,0.787,0,5,TSC22D3
0,0.30032992138989556,0.856,0.807,0,5,RPL23
0,0.3058125603371393,0.986,0.938,0,5,RPL9
0,0.3012099029064106,0.953,0.905,0,5,RPL26
0,0.3020078108418205,0.923,0.876,0,5,RPS7
0,0.3226042557137334,0.986,0.939,0,5,RPS18
0,0.330479682677411,0.959,0.913,0,5,RPS9
0,0.3197317481378823,0.984,0.939,0,5,RPLP0
0,0.29076111193277665,0.919,0.875,0,5,RPL27A
0,0.2686862642112029,0.957,0.913,0,5,RPS16
0,0.30394589187154475,0.982,0.939,0,5,RPLP2
0,0.2774747451367414,0.98,0.937,0,5,RPS12
0,0.27226632024962916,0.856,0.814,0,5,RPL37A
0,0.28246951320641633,0.919,0.877,0,5,RPS29
0,0.2867850344123619,0.968,0.929,0,5,RPS15
0,0.27148566168520283,0.845,0.807,0,5,RPL27
0,0.2811240759647258,0.973,0.935,0,5,MT-ATP6
0,0.2838226263835004,0.912,0.875,0,5,NPM1
0,0.2883283432534407,0.991,0.955,0,5,RPL21
0,0.2866077522417716,0.968,0.932,0,5,RPS25
0,0.2919868310707834,0.995,0.96,0,5,RPL5
0,0.27413988829147407,0.995,0.96,0,5,RPS4X
0,0.3081166324142237,0.966,0.931,0,5,RPL41P1
0,0.2589660087056518,0.86,0.826,0,5,JUNB
0,0.31640169240639837,0.98,0.947,0,5,RPL11
0,0.2678295101891006,0.89,0.857,0,5,UBA52
0,0.2753701136770723,0.872,0.839,0,5,TAPBP
0,0.26209327625419565,0.932,0.9,0,5,RPL7A
0,0.25145169471147133,0.973,0.942,0,5,MT-CYB
0,0.27445033464,0.968,0.938,0,5,RPS27A
0,0.25513197068750015,0.982,0.952,0,5,RPL17
0,0.29182981653663953,0.971,0.942,0,5,RPL7
0,0.2783894487025691,0.993,0.966,0,5,RPL19
0,0.2687630186470158,0.984,0.958,0,5,RPL23A
0,0.2717224595166998,0.975,0.951,0,5,CTD-2031P19.4
0,0.25317384505790974,1,0.977,0,5,RPS27
0,0.28545759474895105,0.998,0.976,0,5,RPS3A
0,0.262650717507773,0.986,0.964,0,5,RPL15
0,0.29344038180035037,0.991,0.97,0,5,RPL18A
0,0.2963635345013884,0.998,0.978,0,5,RPL3
0,0.2610625744966977,0.986,0.966,0,5,RPS14
0,0.33967791211286924,0.995,0.978,0,5,EEF1A1P5
0,0.2736096270853481,0.991,0.977,0,5,RPS6
0,0.2538353204640913,1,0.991,0,5,RPL13
0,0.25537718554905897,1,0.993,0,5,RPL13A
0,0.25679203531299155,0.998,0.994,0,5,MT-CO2
2.220446049250313e-16,0.8286332833942236,0.493,0.33,8.124612094206896e-12,5,GGA2
2.220446049250313e-16,0.9575141353914413,0.367,0.214,8.124612094206896e-12,5,AC010468.1
2.220446049250313e-16,1.0314285926257918,0.313,0.166,8.124612094206896e-12,5,RP11-392P7.1
2.220446049250313e-16,1.0399428109725133,0.327,0.181,8.124612094206896e-12,5,AC093106.7
2.220446049250313e-16,0.5357509221090282,0.662,0.519,8.124612094206896e-12,5,FTLP3
2.220446049250313e-16,0.7582370301694084,0.518,0.378,8.124612094206896e-12,5,CTSS
2.220446049250313e-16,0.5150177590755363,0.651,0.541,8.124612094206896e-12,5,EIF3E
2.220446049250313e-16,0.38449136406282536,0.745,0.677,8.124612094206896e-12,5,LIMD2
4.440892098500626e-16,0.2575225670890706,0.896,0.837,1.624922418841379e-11,5,MTRNR2L8
6.661338147750939e-16,0.4839661760642988,0.667,0.579,2.4373836282620687e-11,5,YPEL5
6.661338147750939e-16,0.3290352388096822,0.824,0.761,2.4373836282620687e-11,5,RPL6P27
8.881784197001252e-16,0.38598690902637367,0.892,0.712,3.249844837682758e-11,5,MTRNR2L1
8.881784197001252e-16,0.6616581551216111,0.565,0.42,3.249844837682758e-11,5,MTND4P12
1.1102230246251565e-15,0.8619029753118338,0.468,0.304,4.062306047103448e-11,5,SIK1
1.1102230246251565e-15,1.0311411559978767,0.304,0.163,4.062306047103448e-11,5,CTB-33G10.1
1.1102230246251565e-15,0.2599218135821979,0.883,0.855,4.062306047103448e-11,5,TRA2A
1.3322676295501878e-15,0.5947470438508994,0.624,0.461,4.8747672565241373e-11,5,DNAJB14
1.3322676295501878e-15,1.0851842987469629,0.327,0.185,4.8747672565241373e-11,5,HSH2D
1.9984014443252818e-15,0.38748909844772683,0.727,0.656,7.312150884786206e-11,5,ANKRD10
2.4424906541753444e-15,0.6181240698609332,0.572,0.417,8.937073303627585e-11,5,RPL5P4
2.6645352591003757e-15,0.30564566113533465,0.77,0.71,9.749534513048275e-11,5,RPL37
2.886579864025407e-15,0.753271525107812,0.516,0.372,1.0561995722468964e-10,5,DDX27
3.1086244689504383e-15,0.6339025610829585,0.579,0.447,1.1374456931889654e-10,5,TAGAP
3.552713678800501e-15,0.9291172260200946,0.453,0.302,1.2999379350731033e-10,5,HSPA4
5.3290705182007514e-15,1.0827084616821392,0.277,0.142,1.949906902609655e-10,5,KLF2
6.217248937900877e-15,0.8125757290515421,0.417,0.265,2.2748913863779308e-10,5,RP11-367G18.2
6.8833827526759706e-15,0.5302380997324758,0.655,0.516,2.5186297492041376e-10,5,FAM46C
7.993605777301127e-15,0.8292715673837519,0.468,0.325,2.9248603539144824e-10,5,MKNK2
8.43769498715119e-15,0.920079452777357,0.437,0.277,3.0873525957986203e-10,5,IQSEC1
9.992007221626409e-15,1.1118077008623914,0.268,0.139,3.656075442393103e-10,5,RPS3AP49
1.0436096431476471e-14,0.9879963030242545,0.306,0.164,3.818567684277241e-10,5,MFN1
1.176836406102666e-14,1.0142231133243333,0.313,0.18,4.3060444099296546e-10,5,RPS14P3
1.2434497875801753e-14,0.3736741990758343,0.689,0.628,4.5497827727558615e-10,5,TAGLN2
1.3100631690576847e-14,0.9864374614825286,0.653,0.589,4.793521135582068e-10,5,SNX29P2
1.354472090042691e-14,1.0562604337914672,0.264,0.132,4.956013377466206e-10,5,RP11-343H5.4
1.554312234475219e-14,0.7501116572033227,0.466,0.328,5.687228465944827e-10,5,CTD-2270N23.1
1.7319479184152442e-14,0.9300560471256762,0.354,0.21,6.337197433481379e-10,5,EEF1A1P16
1.7541523789077473e-14,0.5621587657824517,0.617,0.482,6.418443554423447e-10,5,RPL4P5
1.7985612998927536e-14,1.1304378190423834,0.336,0.199,6.580935796307585e-10,5,MAP3K1
1.865174681370263e-14,0.6551679580980783,0.561,0.46,6.824674159133792e-10,5,TUBA1A
2.1538326677728037e-14,1.073627961751849,0.27,0.142,7.880873731380689e-10,5,RPSAP54
2.3092638912203256e-14,0.8102225007814402,0.405,0.262,8.449596577975171e-10,5,RPL23AP2
2.3314683517128287e-14,0.8634147917317732,0.446,0.301,8.53084269891724e-10,5,PLEKHA2
3.197442310920451e-14,1.2190492963034911,0.27,0.145,1.169944141565793e-9,5,PRKD3
4.063416270128073e-14,0.5659692643613161,0.601,0.495,1.4868040132398619e-9,5,HIF1A
5.417888360170764e-14,0.944858973873671,0.473,0.343,1.9824053509864825e-9,5,NOTCH2
6.128431095930864e-14,0.6072193793287541,0.588,0.42,2.242392938001103e-9,5,IL16
9.481304630298837e-14,0.925172119483754,0.378,0.239,3.4692093642263444e-9,5,EEF1A1P8
1.127986593019159e-13,0.9659459464878968,0.322,0.188,4.127302943857103e-9,5,RP11-254B13.1
1.127986593019159e-13,0.5420551865188474,0.588,0.456,4.127302943857103e-9,5,RP11-169K16.8
1.2967404927621828e-13,0.9154473007628229,0.284,0.15,4.744773463016827e-9,5,SLC2A14
1.7497114868092467e-13,0.3501138298658215,0.718,0.662,6.402194330235034e-9,5,RPL22
1.800781745942004e-13,0.3682831363103023,0.707,0.656,6.589060408401792e-9,5,CIRBP
2.036149027162537e-13,1.156229061104157,0.25,0.131,7.450269290387723e-9,5,TWISTNB
2.1338486533295509e-13,1.1463071806966172,0.318,0.187,7.807752222532827e-9,5,ZNF107
2.1449508835758024e-13,0.6931509423738039,0.5,0.354,7.848375283003861e-9,5,DBNL
2.5512925105886097e-13,1.1140477877873725,0.255,0.134,9.335179296243723e-9,5,RASGRP2
2.8976820942716586e-13,0.6946724373034572,0.455,0.316,1.0602618782939999e-8,5,RPS7P11
2.9620750296999176e-13,0.8038544629734777,0.387,0.251,1.0838232533671999e-8,5,FAUP1
3.090860900556436e-13,1.131845880110558,0.304,0.178,1.1309460035135999e-8,5,FANCD2
3.497202527569243e-13,0.6997211706312266,0.441,0.299,1.279626404837586e-8,5,RP11-16F15.1
3.6282088444750116e-13,1.023882397843148,0.295,0.167,1.3275616161934067e-8,5,EEF1A1P22
3.9523939676655573e-13,0.3619091604965321,0.712,0.666,1.4461809527688274e-8,5,C17orf76-AS1
4.014566457044566e-13,0.673230444113073,0.484,0.359,1.4689298666326067e-8,5,SNHG1
4.0900616227190767e-13,1.0832453218192883,0.295,0.169,1.49655354775291e-8,5,BACH1
4.234390615920347e-13,1.2105965970047676,0.286,0.166,1.549363526365255e-8,5,ADK
5.10480546722647e-13,0.8462249422127526,0.347,0.209,1.8678483204581653e-8,5,S1PR1
5.833111771380572e-13,0.9556594859542371,0.302,0.176,2.1343355971481515e-8,5,RP11-234N17.1
6.530331830845171e-13,0.3521579956098546,0.669,0.608,2.389448416906248e-8,5,RPS21
6.841194277740215e-13,0.9752159504638034,0.268,0.145,2.5031929862251445e-8,5,RP11-16F15.2
7.16093850883226e-13,1.0263623035996696,0.331,0.204,2.6201874003817238e-8,5,EIF2S3L
7.183142969324763e-13,0.6637056294224349,0.538,0.41,2.6283120124759307e-8,5,KIAA0226
7.278622149442526e-13,0.7983609369244515,0.378,0.238,2.6632478444810204e-8,5,RP11-112J1.1
7.740474927686591e-13,0.7399368510126916,0.453,0.3,2.8322397760405238e-8,5,DENND4A
7.793765632868599e-13,0.25433266955831746,0.768,0.736,2.8517388450666203e-8,5,RPL38
8.335554468885675e-13,0.7812044057978561,0.403,0.277,3.0499793801652686e-8,5,SNHG8
1.4910295220715852e-12,0.8146339999013553,0.378,0.243,5.4556770212599304e-8,5,RP11-100N21.1
1.8418599978531347e-12,0.40463257871306646,0.642,0.567,6.73936573214462e-8,5,CTB-63M22.1
2.170263968537256e-12,0.7130223737460383,0.428,0.281,7.94099586087782e-8,5,KB-1208A12.3
2.346567384847731e-12,0.8471490432780243,0.401,0.27,8.586090061157847e-8,5,RAB11FIP1
2.348343741687131e-12,0.8298828461195944,0.338,0.212,8.592589750833213e-8,5,RP11-761N21.2
2.6585400547674e-12,0.9933755315118956,0.261,0.147,9.727598060393916e-8,5,RPL10P15
2.986499936241671e-12,0.6065051676140982,0.498,0.358,1.0927603266708275e-7,5,RPS4Y1
3.2149838347095283e-12,0.632318849483298,0.484,0.342,1.1763625851202164e-7,5,EEF1A1P4
3.2862601528904634e-12,0.746080524806919,0.484,0.363,1.2024425899426205e-7,5,EGR1
3.692601779903271e-12,0.26705872073399606,0.813,0.762,1.3511229912666067e-7,5,DUSP1
3.89821508406385e-12,0.9369731087870314,0.338,0.214,1.4263568992589626e-7,5,SGSM3
4.303002398842182e-12,0.7070453865397349,0.475,0.353,1.5744685777363543e-7,5,SP140
4.661604435796107e-12,0.5688873331719064,0.574,0.441,1.7056810630577957e-7,5,PTK2B
4.903411010559466e-12,0.3776227416924738,0.775,0.7,1.7941580887637087e-7,5,PTMAP5
5.766720434507988e-12,0.8963004977361503,0.351,0.221,2.1100430069864728e-7,5,PPM1K
5.821343407319546e-12,0.9165187319427924,0.324,0.2,2.1300295527382218e-7,5,NPM1P6
5.9325877543869865e-12,0.6411251114030145,0.484,0.35,2.1707338593301984e-7,5,RPL9P25
6.977751709769109e-12,0.9310568117296817,0.331,0.216,2.553159350604517e-7,5,ACP5
7.617684261163049e-12,0.2803336145236406,0.725,0.682,2.7873106711595597e-7,5,PFDN5
1.0289324947621026e-11,0.8035496881858576,0.414,0.283,3.7648639983345333e-7,5,TP53INP1
1.0661027616265528e-11,0.8901738604380194,0.345,0.222,3.900870004791557e-7,5,AP003419.11
1.0783152148974295e-11,0.8710394607031189,0.324,0.204,3.9455553713096947e-7,5,RP11-556K13.1
1.1753042983286832e-11,0.6290098059783908,0.489,0.384,4.300438427584652e-7,5,C6orf48
1.2432499474357428e-11,0.29510366262286825,0.694,0.662,4.549051557667383e-7,5,ARPC3
1.2582601627286749e-11,0.8757710213277968,0.378,0.255,4.6039739354242215e-7,5,ATP2A3
1.4414691662523182e-11,0.8364239133172937,0.387,0.262,5.274335679317232e-7,5,MAST3
1.609645750022537e-11,0.8312872597141872,0.324,0.201,5.889693799332463e-7,5,EEF1A1P14
1.7721601963671674e-11,0.5437836532395861,0.502,0.389,6.484334158507465e-7,5,RP11-175B9.3
1.9345192114883503e-11,0.6468872541929499,0.464,0.342,7.078405794835874e-7,5,RPL7AP30
1.936628635235138e-11,0.93183696207028,0.336,0.217,7.08612417632537e-7,5,DNAJA1P3
2.1024959551141364e-11,0.9296222307996688,0.279,0.162,7.693032699762625e-7,5,RP11-159H3.1
2.812261534756999e-11,0.30747998076478766,0.77,0.717,1.029006495567586e-6,5,SERPINB9
2.8921309791485328e-11,1.367893166346859,0.309,0.196,1.0582307252704481e-6,5,METTL21A
2.913425056760843e-11,0.8096138748571486,0.367,0.245,1.0660222282687926e-6,5,PRPF40B
4.2369663333374774e-11,0.34016300830276514,0.703,0.619,1.550305981368183e-6,5,FOS
6.081335435226265e-11,0.8106003879408354,0.318,0.198,2.2251606357492903e-06,5,RPL7AP11
6.820100040272337e-11,0.9074688573048668,0.336,0.22,2.495474604735648e-6,5,RABEP1
8.324874123388781e-11,0.8594816517590164,0.284,0.169,3.046071441747955e-6,5,RP11-215A21.2
8.81097417249066e-11,0.7065175418698699,0.399,0.28,3.2239354497143324e-6,5,AC018462.2
9.162315350863537e-11,0.49941035791219246,0.565,0.478,3.352491186880968e-6,5,EIF3L
1.0703948838397537e-10,0.5035701781317685,0.554,0.475,3.916574879969659e-6,5,SEC62
1.0768941294259093e-10,0.5521103276714303,0.586,0.49,3.940355619569402e-6,5,JMJD1C
1.0855427667877393e-10,0.36162133718973644,0.721,0.63,3.972000983676338e-6,5,RP11-408P14.1
1.161357676693342e-10,0.6056598558756432,0.541,0.446,4.249407739020938e-6,5,TLE3
1.360167534159018e-10,0.7927576328536801,0.435,0.323,4.976853007487847e-6,5,FMNL3
1.430013885084236e-10,1.0408900193183601,0.268,0.17,5.232420805523219e-6,5,CAPG
1.6185985884931142e-10,0.2916074328403837,0.8,0.752,5.922452235296305e-6,5,RP11-72I8.1
1.6215362386162724e-10,0.9621554285529499,0.291,0.18,5.933201097096941e-6,5,SIDT1
1.7488321901737436e-10,1.007390742658739,0.302,0.189,6.398976983845728e-6,5,SPDYE3
1.9628010328176515e-10,0.5200374655958726,0.579,0.495,7.181888979079787e-6,5,PAN3
2.107334307055453e-10,0.7242558440843094,0.423,0.297,7.710736229515902e-6,5,TRIM38
2.1121815407809663e-10,1.034595355009091,0.306,0.201,7.728472257717556e-6,5,CAMK2D
2.27909913164126e-10,1.054760838575026,0.27,0.162,8.33922372267537e-6,5,RPS4XP14
2.42653896975753e-10,0.7510667169674531,0.419,0.313,8.878706090342803e-6,5,TNFAIP8
2.504350060661409e-10,0.762846867262289,0.351,0.232,9.163416871960095e-6,5,RPS4XP13
2.5484858667823573e-10,1.2390318403173244,0.25,0.148,9.324909786556645e-6,5,DIP2B
3.2337754696243337e-10,0.3284666529260365,0.714,0.651,1.1832384443355437e-5,5,EIF4B
3.609441634466748e-10,0.9834563424367032,0.273,0.162,1.320694694051383e-5,5,RNF122
5.053304441560158e-10,0.48651017306636324,0.707,0.598,1.8490040951668618e-5,5,RPS17
5.736839892023227e-10,0.5644586530347585,0.457,0.347,2.0991097164912986e-5,5,RP11-3P17.5
6.351297265894118e-10,0.85497880641355,0.356,0.248,2.3239396695906578e-5,5,SP140L
6.621927450822795e-10,0.7750226143030592,0.297,0.187,2.422963254256061e-5,5,AC144530.1
7.519151967727566e-10,0.4824479611517374,0.561,0.483,2.7512577049915166e-5,5,TAF1D
7.736471463459793e-10,0.4149800617131087,0.563,0.412,2.8307749084799383e-5,5,CHCHD3
8.087033265269383e-10,0.8015212933845857,0.311,0.197,2.9590454717620673e-5,5,EIF1AD
9.557004077009879e-10,0.6356101814196763,0.372,0.254,3.4969077917779146e-5,5,RPS11P5
1.1907086427953573e-9,0.6603795805123717,0.471,0.345,4.356802923988212e-5,5,DDX21
1.2128331672300874e-9,0.4003395897964288,0.655,0.56,4.43775655889489e-5,5,CTD-2328D6.1
1.2226715195851057e-9,0.31517599849519606,0.757,0.712,4.4737550901619016e-5,5,WTAP
1.3233241169530174e-9,0.7701197310432313,0.374,0.256,4.842042943931091e-5,5,ATP2B1
1.4514822677114125e-9,0.6547882587272227,0.385,0.274,5.3109736175560585e-5,5,MTRNR2L9
1.4749432786231864e-9,0.3524529746251941,0.658,0.607,5.396817456482239e-5,5,NR4A2
1.4827923333626813e-9,0.8141337388029114,0.329,0.216,5.425537147774051e-5,5,SREBF2
1.6935166602394247e-9,0.8343581683988546,0.25,0.147,6.196577459816055e-5,5,AREG
1.7687979969593925e-9,0.6876804939660693,0.401,0.3,6.472031870874417e-5,5,RNASET2
1.8363639497920303e-9,1.0111833337898204,0.275,0.176,6.719255692289039e-5,5,PEA15
1.8650838651268487e-09,0.8708894580881377,0.259,0.156,6.824341862499139e-5,5,RP6-105D16.1
1.9848662713428666e-9,0.7486419816440644,0.322,0.212,7.262625686843549e-5,5,RPL5P23
2.0728505578659906e-9,0.8364324872364985,0.255,0.152,7.58456019123166e-5,5,RPS4XP1
2.313518931984504e-9,0.9471130674831918,0.284,0.182,8.4651657721313e-5,5,PHKB
2.3995079256877716e-9,0.668878799701659,0.363,0.248,8.779799500091556e-5,5,MTRNR2L6
2.532620113626649e-9,0.2967271306176529,0.687,0.646,9.266856995759909e-5,5,CD53
3.0013114216131953e-9,0.6795256919174143,0.376,0.258,1.0981798491682682e-4,5,RPS3P6
3.0120868022009972e-9,0.6373229378396168,0.473,0.383,1.1021225609253449e-4,5,EIF1B
3.08067416021629e-9,0.8821449614607497,0.27,0.171,1.1272186752231406e-4,5,CTD-2647L4.4
3.2779816638850434e-9,0.8228443784306477,0.349,0.246,1.1994134908155374e-4,5,BCL10
3.596303033148729e-9,0.8325010306707465,0.34,0.229,1.31588727982912e-4,5,RP11-373L24.1
3.734382358899779e-9,0.6461405164241022,0.462,0.35,1.3664105051214293e-4,5,TTC3
4.018473331868222e-9,0.39980803205108595,0.613,0.538,1.4703593921305824e-4,5,TRIM22
4.356267346850018e-9,0.7300773820468219,0.338,0.225,1.5939582222124216e-4,5,RP11-521J5.1
4.438876377577117e-9,0.9947903962705257,0.27,0.17,1.624184866555467e-4,5,RASSF2
4.582446422318753e-9,0.6713677833167023,0.43,0.341,1.6767171459264318e-4,5,SNX5
4.902356520730677e-9,0.7888581224727258,0.336,0.24,1.7937722509353549e-4,5,LSM7
5.0216795166591055e-9,0.42667818731269547,0.633,0.581,1.8374325351455667e-4,5,RGPD5
5.5207629579001605e-9,0.9013587549563726,0.3,0.209,2.0200471662956687e-4,5,RGS19
5.9434628330024e-9,0.7328220638509598,0.331,0.23,2.174713050595578e-4,5,RPL29P11
6.1759701797114985e-9,0.6132909929534883,0.394,0.282,2.2597874887564373e-4,5,FTH1P2
6.70317290563105e-9,0.9906883870196963,0.324,0.233,2.452690966170401e-4,5,IL4R
7.304746363345771e-9,0.9211303990635693,0.311,0.211,2.6728066943482176e-4,5,RB1
7.911972410568069e-9,0.6084459993258371,0.498,0.407,2.8949907050268564e-4,5,ITSN2
7.970650806043977e-9,0.7867506757553153,0.295,0.191,2.9164611299314913e-4,5,RPL13AP20
9.048836568936736e-9,0.5302879891568721,0.514,0.434,3.3109693005739516e-4,5,ZFAS1
9.544141699180386e-9,0.61279186061735,0.446,0.357,3.4922014477301033e-4,5,CHORDC1
1.4231821943155865e-8,0.8494363502629249,0.273,0.171,5.207423649000731e-4,5,RBM38
1.4809955262151675e-8,0.9331837980182149,0.275,0.178,5.418962630421298e-4,5,INPP5B
1.7381700967433744e-8,0.6228563671429882,0.484,0.363,6.359964383984007e-4,5,KDM6B
2.0268895006836374e-8,0.5348656596936866,0.505,0.429,7.416388683001429e-4,5,ELMSAN1
2.2671021504550026e-8,0.6871103851609326,0.376,0.285,8.295326768514855e-4,5,PMAIP1
2.3957627659498826e-8,0.311739153002081,0.696,0.664,8.76609596061062e-4,5,SP100
2.4334454229446578e-8,0.3301205214125311,0.619,0.583,8.903976802554503e-4,5,UCP2
2.789661812663269e-8,0.38217619726794405,0.592,0.531,0.00102073725725349,5,ZNF331
3.065274767344306e-8,0.5370678201071548,0.498,0.409,0.0011215840373712815,5,HSPH1
3.113749258432108e-8,0.642703765944137,0.45,0.331,0.0011393208536603083,5,ARID1B
3.521456526378586e-8,0.7944570787091759,0.315,0.218,0.0012885009430019245,5,NFATC1
3.637139500689557e-8,0.460685798018333,0.574,0.491,0.0013308293433023088,5,JUN
3.763579292659358e-8,0.752706020173718,0.327,0.228,0.0013770936631840591,5,FCRL3
3.804620773983913e-8,0.3548852553930223,0.703,0.597,0.0013921107412007139,5,AC018720.10
3.956331595666995e-8,0.8447959648013293,0.295,0.197,0.0014476217308545536,5,TBC1D5
4.018909161018769e-8,0.6859874438327208,0.333,0.225,0.0014705188620167675,5,RREB1
4.0228408160203344e-8,0.5630451546137889,0.43,0.328,0.0014719574545818404,5,TRAF5
4.224062832847153e-8,0.46935661712870336,0.577,0.519,0.0015455845905387733,5,SF1
4.2840854419523566e-8,0.6944301677972582,0.399,0.325,0.0015675468632103673,5,CNPY3
4.5285968308661495e-8,0.5381309018754363,0.446,0.343,0.001657013580413924,5,MTND1P23
5.328556351713587e-8,0.37226567378360353,0.57,0.507,0.0019497187690920015,5,PTMAP2
5.379538836614017e-8,0.6371167883405441,0.372,0.274,0.001968373260317069,5,NPM1P39
7.6885320776654e-8,0.536596407518489,0.484,0.386,0.00281323388721777,5,SPDYE6
7.756475128850582e-8,0.758447895712393,0.369,0.278,0.002838094249646428,5,MIS18BP1
8.611316859585827e-8,0.8131843626655397,0.284,0.194,0.003150880838922454,5,DDIT3
8.744415147532436e-8,0.9468812931521343,0.259,0.171,0.0031995815024821184,5,RFX5
9.472975448510113e-8,0.9553037151937991,0.275,0.191,0.00346616171660985,5,LTA4H
1.0073254008702293e-7,0.8148411025471674,0.3,0.206,0.003685803641784169,5,KLHL6
1.0209920331405442e-7,0.3984604489943968,0.581,0.482,0.0037358098492612513,5,COMMD1
1.0410478012978786e-07,0.8167068793566993,0.261,0.171,0.0038091939049489376,5,RPL5P1
1.0638082548197758e-7,0.7089769890329682,0.288,0.19,0.0038924744043855597,5,RP11-464D20.2
1.1375896580290146e-7,0.5367769934303549,0.491,0.405,0.004162440558728164,5,MORF4L2
1.1935908772464643e-7,0.557535634582489,0.426,0.333,0.004367349019844813,5,EEF1DP1
1.3907751261754697e-7,0.2595798399749145,0.682,0.669,0.005088846186676044,5,DNAJA1
2.787546338200997e-7,0.7673426815515233,0.324,0.231,0.010199632051477447,5,SIPA1L1
2.9095571885129345e-7,0.6417628068143982,0.401,0.306,0.010646069752768827,5,BBX
3.0939363049320434e-7,0.6243553329966535,0.318,0.224,0.011320712939746347,5,AC010970.2
3.102709500435452e-7,0.7666252170627745,0.295,0.214,0.01135281406209332,5,CKS2
3.165802129334594e-7,0.6560960569027093,0.36,0.263,0.01158366999123528,5,MAP3K8
3.464157896093667e-7,0.698287486228001,0.27,0.18,0.012675353741806727,5,RPS4XP11
3.846081075842278e-7,0.5988395800748672,0.403,0.303,0.014072810656506896,5,KDM4C
4.0535103695837904e-7,0.6187147354035206,0.374,0.299,0.014831794442307089,5,C11orf31
4.308143668474429e-7,0.7034025321030222,0.338,0.253,0.015763497682947936,5,IRF4
4.3249792081034855e-7,0.46736390513995374,0.559,0.466,0.015825098922450653,5,SPDYE1
5.092019337293863e-7,0.5104611785511692,0.486,0.416,0.018631698755158244,5,RP11-1033A18.1
5.0963531417203e-7,0.5285519123221627,0.383,0.281,0.018647556145554578,5,PABPC3
5.182250821800238e-7,0.3862172326340312,0.541,0.495,0.018961855756967072,5,SNHG5
5.671858147593412e-7,0.8321298846621732,0.264,0.178,0.020753328962044293,5,ZNF506
6.23188003423536e-7,0.8395667359258887,0.273,0.188,0.02280244904526718,5,CHD9
7.618164035161357e-7,0.7687360112469552,0.291,0.199,0.027874862204655404,5,RERE
7.989658519225173e-7,0.7003874615506893,0.288,0.199,0.02923416052184491,5,RP11-277L2.3
9.737710047197368e-7,0.4508846933866202,0.471,0.384,0.03563028106269517,5,HSPA1B
1.0267553800513696e-6,0.5015364243809673,0.392,0.299,0.03756897935607961,5,RPS15AP1
1.167907998977924e-6,0.6678364435969705,0.286,0.194,0.04273375368260224,5,KIAA1683
1.242243316212921e-6,0.7391891032532041,0.259,0.175,0.04545368294023078,5,CHCHD7
1.6361583405899438e-6,0.7185315861396107,0.297,0.208,0.059867033682186044,5,NFX1
1.709469540589481e-6,0.5585970365980822,0.435,0.35,0.06254949049016911,5,NOTCH2NL
1.7817219792881644e-6,0.5218467277626143,0.43,0.351,0.06519320722215394,5,NPM1P21
1.8751747763445792e-6,0.25979628139257094,0.662,0.65,0.06861264506644815,5,NAP1L1
1.8891243838137228e-6,0.3759893650106956,0.511,0.462,0.06912306120374412,5,HSPE1
1.905046935979371e-6,0.5245003161012208,0.455,0.377,0.06970566738748518,5,CBWD5
1.959721159128236e-6,0.4993845507354696,0.426,0.342,0.07170619721250215,5,ARHGAP25
2.251643433703876e-6,0.4550239037388496,0.466,0.39,0.08238763323922482,5,RP11-641D5.1
2.2671045398769962e-6,0.6757645626786251,0.338,0.264,0.08295335511409929,5,BCAS2
2.27392574903007e-6,2.306940285423342,0.313,0.259,0.08320294315701027,5,SNX22
2.316890023168483e-6,0.46769693778218224,0.401,0.306,0.0847750059477348,5,PABPC1P4
2.370868950274385e-6,0.5427787037197712,0.523,0.43,0.08675009489053975,5,C5orf45
2.4972948955426233e-6,0.6688387939912271,0.329,0.244,0.09137602022790459,5,SLC25A32
2.5903926164083657e-6,0.7582133124309305,0.284,0.208,0.0947824658343821,5,IMPDH2
2.5981787152851155e-6,0.6610265726479023,0.345,0.262,0.09506735919228237,5,LRMP
2.6383161975118696e-6,0.5686594407205507,0.435,0.356,0.09653598966695931,5,VPS37B
2.7124261015032403e-6,0.6821645699361469,0.3,0.22,0.09924767105400356,5,RP11-325F22.2
3.0291091870360276e-6,0.6270538213094525,0.354,0.282,0.11083510515364825,5,GTF2B
3.346485430100188e-6,0.3385573203961656,0.529,0.47,0.12244790188736587,5,RGS2
3.435975904242383e-6,0.7096560721568518,0.27,0.189,0.1257223583362288,5,RP11-261C10.3
3.7081301844654746e-6,0.8627648137240485,0.277,0.207,0.13568048344959172,5,TBC1D22A
3.819867221421802e-6,0.7014015617432645,0.354,0.287,0.13976894163182374,5,PARP1
4.1009891256216235e-6,0.7986421552118551,0.266,0.194,0.1500551921064952,5,NIPA2
4.370579286927523e-6,0.67152373510288,0.27,0.189,0.15991949610867806,5,EEF1A1P29
5.2894737130326774e-6,0.5734739809299902,0.345,0.257,0.19354184315986567,5,DDX3Y
5.53595871521928e-6,0.43288991386989095,0.505,0.427,0.20256072938987346,5,GPCPD1
6.2114852232841855e-6,0.6020404310019598,0.282,0.197,0.22727824431996835,5,EEF1A1P7
6.25406283272234e-6,0.6249770980100573,0.349,0.277,0.22883615904931043,5,SNAP23
6.2680207286724965e-6,0.3596740707611308,0.538,0.478,0.22934687846212665,5,IFRD1
7.0322661160915345e-6,0.5245440432356576,0.428,0.344,0.25731061718778925,5,SMAP2
7.3229939061558724e-06,0.7640902101608098,0.27,0.2,0.26794834702624337,5,MCM5
7.422630055708979e-6,1.1799205513186979,0.273,0.198,0.2715940337383915,5,STAG3
7.838680858629488e-6,0.7647639534731885,0.275,0.2,0.28681733261725295,5,RP11-121L10.3
9.918488768301259e-6,0.2903524781148499,0.712,0.667,0.36291750403214307,5,TNRC6B
1.1116748422024259e-5,0.7155031658074126,0.291,0.22,0.4067618247618676,5,GNL3
1.2880283338789766e-5,0.3533088529270987,0.502,0.435,0.47128956736631755,5,RPS26P6
1.3074449864758364e-5,0.8228576296341887,0.277,0.201,0.47839412055150854,5,CCDC117
1.398566166654902e-5,0.3726877123047714,0.532,0.46,0.5117353603790287,5,RPS2P46
1.46130332987493e-5,0.3927294285358951,0.493,0.444,0.5346908884012369,5,SASH3
1.6255581152924137e-5,0.537970257316584,0.536,0.468,0.5947917143854942,5,NBPF10
1.6958211487949626e-5,0.7582421507447881,0.27,0.197,0.6205009583440768,5,HEATR5B
1.8294486818337674e-5,0.253949226897241,0.606,0.589,0.6693952726829755,5,IER2
1.8385017132693804e-5,0.3268876098750979,0.59,0.534,0.6727077768852663,5,MGEA5
1.8421771885934746e-5,0.7013155894889919,0.27,0.193,0.6740526333063523,5,BOD1L1
1.856585770587671e-5,0.32693627910354084,0.642,0.575,0.6793247334580288,5,ANKRD44
1.8946138099718013e-5,0.31737161666913605,0.563,0.527,0.6932391930686821,5,EIF5
1.9958687255128282e-5,0.32436906414762867,0.541,0.499,0.7302883666651439,5,C17orf62
2.0154255018001166e-5,0.49740049981425294,0.322,0.242,0.7374441911086627,5,FTH1P23
2.0781252105583903e-5,0.5458528597620131,0.302,0.227,0.760386014543315,5,RPL21P28
2.482551303928382e-5,0.5616888156094841,0.322,0.245,0.908365522107395,5,SLC25A45
2.5084179603895862e-5,0.558737050729941,0.304,0.231,0.9178301317065496,5,RP11-680H20.1
2.60934063445184e-5,0.5901293532964367,0.376,0.298,0.9547577381459282,5,CBWD1
2.9016164833084446e-5,0.36055056559464427,0.468,0.4,1,5,FTH1P7
2.9733586469182782e-5,0.6740610439129583,0.336,0.279,1,5,HMGA1
3.608018651402034e-5,0.48112970598252214,0.421,0.348,1,5,RASSF3
4.3492432791447655e-5,0.4461657311202367,0.41,0.331,1,5,GLTSCR2
4.6616656773856846e-5,0.477540038162678,0.394,0.315,1,5,ZCCHC11
4.851079889767185e-5,0.6763517103129787,0.27,0.202,1,5,ATG16L2
5.2438957522049634e-5,0.9361073394310249,0.261,0.201,1,5,HLA-DPB2
5.3334762557311066e-5,0.32508946101138547,0.574,0.525,1,5,RPS2P5
5.639016049951984e-5,0.5583467461954233,0.255,0.178,1,5,MBNL2
5.759024218088271e-5,0.36339038745290697,0.471,0.435,1,5,ATP6V1G1
6.9856125390233e-5,0.5492398097300901,0.387,0.33,1,5,AFF4
7.726257641538226e-5,0.45760236257765935,0.405,0.324,1,5,PSIP1
7.890590025905198e-5,0.38153461276242173,0.464,0.391,1,5,NASP
7.999704557071219e-5,0.5936752006547311,0.306,0.239,1,5,AL592284.1
8.029649544938344e-5,0.4630966785718696,0.464,0.383,1,5,RGPD6
8.64224892620502e-5,0.39248475826331053,0.473,0.405,1,5,FNBP4
8.651191419928317e-5,0.6651944295446962,0.282,0.222,1,5,C5orf15
8.940466148499304e-5,0.4123760495678761,0.43,0.359,1,5,MTRNR2L10
9.26624910591034e-5,0.5103346846007744,0.3,0.233,1,5,RP3-340B19.2
9.456808322005905e-5,0.6240675082707413,0.291,0.226,1,5,RAB3GAP1
1.0322185917344129e-4,0.4609469881152974,0.349,0.282,1,5,RPL24P4
1.1515600618272614e-4,0.6545296677461344,0.266,0.205,1,5,SNHG15
1.2699771427326922e-4,0.3615607503629841,0.471,0.416,1,5,H3F3C
1.2831619077458e-4,0.52733253941019,0.311,0.24,1,5,EIF3FP1
1.286660864390221e-4,0.3008677850673387,0.608,0.564,1,5,POLR2J3
1.329975260389027e-4,0.4960333125257557,0.426,0.365,1,5,SETX
1.5156516200343084e-4,0.306274318764852,0.52,0.476,1,5,HSPD1
1.6932541708070126e-4,0.4754380821786518,0.349,0.292,1,5,RPL39P3
1.7343267279379404e-4,0.7854943452623723,0.25,0.201,1,5,FAM96A
1.9424412509017053e-4,0.4471258008352341,0.329,0.263,1,5,FTH1P20
2.034640896699802e-4,0.43623365891104426,0.392,0.336,1,5,IDI1
2.2123402811291548e-4,0.6491919996406911,0.275,0.214,1,5,SECISBP2L
2.4134687388310816e-4,0.6295138702419794,0.27,0.208,1,5,PRMT10
2.5138626626208804e-4,0.3313287427701834,0.514,0.49,1,5,TRA2B
2.8866651553038913e-4,0.3512835753367916,0.471,0.406,1,5,AC004980.11
3.0782170664722663e-4,0.4480615528397641,0.408,0.345,1,5,TSC22D2
3.2733727077816077e-4,0.645599373831695,0.266,0.205,1,5,AC007000.12
3.3443745128680646e-4,0.532952763627848,0.327,0.262,1,5,RP11-34P13.13
3.55221696918262e-4,0.49905480360701504,0.259,0.194,1,5,RPL13AP7
3.697509689462031e-4,0.6077275406946194,0.32,0.263,1,5,UPF2
3.977037845936948e-4,0.3944386528574071,0.286,0.217,1,5,HSPA8P5
3.9880275469283966e-4,0.4006254377051609,0.417,0.371,1,5,TCEA1
4.166525935929144e-4,0.4831541029664793,0.358,0.306,1,5,ELP2
4.3071377393100185e-4,0.46652261336068723,0.394,0.361,1,5,CMTM6
4.363785636580797e-4,0.3704384344679831,0.493,0.442,1,5,LNPEP
4.3680890257769e-4,0.5116997556073872,0.327,0.258,1,5,IFNGR1
4.391221492234809e-4,0.28143480908615204,0.536,0.492,1,5,BTG2
4.701308341481525e-4,0.45918918811728826,0.338,0.271,1,5,HCG18
4.873472951416602e-4,0.4614548784473431,0.331,0.259,1,5,TOP2B
4.906906400292677e-4,0.3605932144040318,0.437,0.393,1,5,CDK5RAP3
4.969525481652859e-4,0.3416719359105367,0.502,0.472,1,5,TLK1
5.144910054946106e-4,0.6751808271426936,0.259,0.204,1,5,MTPN
5.634519756567702e-4,0.30383635831419165,0.518,0.481,1,5,EVI2B
5.817522732654012e-4,0.5229174689008637,0.315,0.269,1,5,LAPTM4A
6.882032338961785e-4,0.5985111920657913,0.3,0.246,1,5,VPS35
7.438149381817638e-4,0.33009508875359994,0.403,0.348,1,5,RP3-417G15.1
7.495831834563038e-4,0.6048546856447385,0.288,0.252,1,5,LGALS9
8.234184436546332e-4,0.4904577441792729,0.304,0.239,1,5,NIN
8.312606162648173e-4,0.34653123191186896,0.441,0.401,1,5,EIF3D
8.692666075766908e-4,0.4485985357787149,0.399,0.354,1,5,CBWD6
8.982420892575949e-4,0.49057868369023244,0.315,0.246,1,5,CTD-2192J16.22
9.13134104570279e-4,0.4318310358876999,0.507,0.463,1,5,NBPF1
9.249855395971895e-4,0.4757391779421597,0.338,0.278,1,5,HMGN1P38
9.784007350668311e-4,0.3822996886062764,0.315,0.252,1,5,HSPA8P9
0.0011207512068436287,0.6417843428023001,0.333,0.288,1,5,EIF4G3
0.0011242574234686664,0.5238963150377483,0.32,0.27,1,5,PELI1
0.0011524997548304494,0.5143051869666369,0.304,0.254,1,5,SNHG3
0.0012306900094800621,0.3142524172794692,0.444,0.415,1,5,ISCU
0.0012506200064876793,0.5841818877194169,0.277,0.224,1,5,UGCG
0.0014384888125387185,0.5069792406710739,0.309,0.249,1,5,SECISBP2
0.0014827285241665322,0.27955387886212923,0.565,0.535,1,5,WSB1
0.0015198849056856645,0.2527075035085973,0.574,0.563,1,5,ATF7IP
0.0016977631366523749,0.3902387791623818,0.394,0.364,1,5,STIP1
0.0017076048490354268,0.2844243294915719,0.426,0.361,1,5,TUBA1C
0.0018623098784760206,0.3254348872201513,0.43,0.39,1,5,AC009245.3
0.0022030481578159122,0.3064461315374911,0.45,0.4,1,5,SNHG12
0.0022847918740975803,0.27121553778385965,0.498,0.458,1,5,CTC-250I14.6
0.002315230940744817,0.33378064406119035,0.446,0.429,1,5,EIF3FP3
0.0024110286589720253,0.33316828193092385,0.45,0.423,1,5,PAPOLA
0.0025018654577402266,0.5179685357722976,0.351,0.3,1,5,BTAF1
0.0025177704704419934,0.5240431503001198,0.266,0.211,1,5,CBWD7
0.0025581605121032247,0.5184599769302296,0.27,0.219,1,5,UTY
0.002588851890903854,0.2908086100333056,0.435,0.418,1,5,GPX4
0.002614467992120284,0.3927721455603654,0.304,0.244,1,5,STK17A
0.0026844691608569615,0.6079202429868589,0.279,0.234,1,5,FBXW11
0.0028943771182545763,0.5926198462872133,0.273,0.235,1,5,ADD1
0.0030702938256466084,0.4692315036848854,0.331,0.299,1,5,RSL24D1
0.0031949582100925245,0.47268002804954823,0.34,0.298,1,5,DEDD2
0.0032597951979529416,0.47750094453043457,0.268,0.219,1,5,SMN1
0.0034583629455995357,0.27435777647268805,0.471,0.429,1,5,FTH1P10
0.00353518002933928,0.3983639313998013,0.385,0.351,1,5,ADPGK
0.0035480510331937776,0.3828416107627945,0.541,0.52,1,5,PDXDC2P
0.0037595771771830044,0.30652912212953054,0.462,0.446,1,5,AP1G2
0.004347221704766424,0.33063221209708993,0.455,0.441,1,5,GDI2
0.004534548235066493,0.42158319199978456,0.414,0.385,1,5,LONP2
0.004614380268524121,0.36382075168663697,0.327,0.273,1,5,ABLIM1
0.0046543292125289515,0.4022698350500795,0.279,0.226,1,5,SYTL1
0.005045110253883323,0.6524653667548863,0.266,0.227,1,5,HMGCS1
0.005128093124752597,0.29483756492760393,0.579,0.554,1,5,RANBP2
0.005516288457948049,0.5200941759888309,0.331,0.291,1,5,FAM53B
0.005587861233957714,0.3536500625154452,0.435,0.407,1,5,HNRNPA1P7
0.005657994349967721,0.47758944535484066,0.284,0.237,1,5,ZBTB20
0.005783396184265488,0.28717090404972867,0.471,0.423,1,5,HSPA8P1
0.005786235879550183,0.4431598780642343,0.25,0.206,1,5,RP11-170M17.2
0.005874011819363645,0.4718028398826717,0.277,0.229,1,5,BCL6
0.006200005474541026,0.3249996052404007,0.403,0.378,1,5,SNRPA1
0.006511122200867359,0.28794792496618266,0.376,0.334,1,5,RP11-661A12.7
0.006692737751187616,0.5124079115505661,0.264,0.221,1,5,BTF3L4
0.006827386143261949,0.5201456170878094,0.255,0.214,1,5,SMN2
0.006923727789230005,0.41823002376808344,0.277,0.234,1,5,DNAJB9
0.007173644141651225,0.2782438081268284,0.336,0.286,1,5,PABPC1P3
0.007187180258076298,0.2681414790003738,0.498,0.482,1,5,PNISR
0.007301081084983618,0.37289394985765867,0.291,0.246,1,5,HSPA8P8
0.00735781177447925,0.44378954172151897,0.311,0.27,1,5,THUMPD1
0.008240668312994748,0.399688849563157,0.356,0.32,1,5,BNIP2
0.00896671362952528,0.2618619867844101,0.516,0.517,1,5,WASF2
0.008992277702120077,0.3475772865382659,0.295,0.249,1,5,FTH1P8
0.009458885869792377,0.2682657867169902,0.468,0.463,1,5,ANAPC16
0.009961823174843287,0.3783635135161528,0.345,0.314,1,5,TCEA1P2
0,6.314464538347269,0.959,0.029,0,6,LYZ
0,5.317050009590322,0.95,0.035,0,6,CST3
0,6.209386068986959,0.931,0.024,0,6,RP11-1143G9.4
0,4.09678197123743,0.957,0.063,0,6,TYROBP
0,4.894575462084056,0.92,0.036,0,6,AIF1
0,4.366196480922726,0.936,0.053,0,6,FCER1G
0,3.308216170795701,0.989,0.141,0,6,IFI30
0,4.743734742309742,0.886,0.04,0,6,TGFBI
0,7.403354050206491,0.858,0.012,0,6,SERPINA1
0,5.698710614821982,0.867,0.022,0,6,CLEC7A
0,4.528329169950927,0.886,0.046,0,6,CD68
0,3.3298909094139306,0.941,0.102,0,6,ITGAX
0,6.618560325982266,0.831,0.012,0,6,LRP1
0,6.505057477105051,0.815,0.013,0,6,HCK
0,4.787479108672506,0.842,0.041,0,6,PLAUR
0,5.3874139635278935,0.817,0.025,0,6,LILRB3
0,5.921813312857067,0.81,0.022,0,6,FCGR2A
0,6.300735199256336,0.805,0.019,0,6,LILRB2
0,6.707883579918597,0.789,0.013,0,6,LILRA6
0,2.543113611048547,0.941,0.166,0,6,GRN
0,3.2474189404368774,0.865,0.094,0,6,TIMP1
0,3.4735517174173642,0.854,0.093,0,6,CYBB
0,3.2127267904942873,0.84,0.082,0,6,IFNGR2
0,6.972455627286223,0.764,0.008,0,6,PLXDC2
0,4.4662217136225815,0.789,0.035,0,6,LST1
0,6.143446039491899,0.751,0.015,0,6,CSF1R
0,7.227677075425948,0.744,0.009,0,6,CSF3R
0,3.729593472483208,0.785,0.055,0,6,FCGRT
0,2.315880392814078,0.876,0.146,0,6,FGD2
0,7.074667954847035,0.741,0.013,0,6,CD14
0,3.666926689932998,0.796,0.069,0,6,MS4A6A
0,6.204726000743339,0.741,0.014,0,6,TNFAIP2
0,2.683860498927063,0.86,0.134,0,6,GLUL
0,2.489251842290345,0.865,0.141,0,6,NPC2
0,3.3129787183904442,0.78,0.064,0,6,ALOX5
0,3.864703216258341,0.762,0.053,0,6,FGL2
0,3.9305231887646768,0.746,0.05,0,6,MPEG1
0,6.018767958262204,0.705,0.011,0,6,SPI1
0,3.1270817589248634,0.762,0.071,0,6,FGR
0,3.917995053593496,0.739,0.049,0,6,RNF130
0,3.0048296422250473,0.764,0.075,0,6,C1orf162
0,4.029753571984013,0.744,0.059,0,6,PILRA
0,2.6255553943540573,0.796,0.111,0,6,CTSH
0,3.1655359653897066,0.751,0.066,0,6,LILRB1
0,4.410235182014804,0.712,0.028,0,6,KYNU
0,3.356997916712369,0.744,0.062,0,6,DOCK5
0,4.703145436406714,0.707,0.025,0,6,CXCL16
0,1.907414037100021,0.918,0.237,0,6,GPX1
0,8.420898542476149,0.684,0.005,0,6,FPR1
0,2.1242882028548524,0.881,0.206,0,6,TYMP
0,5.709078041130242,0.686,0.014,0,6,CSF2RA
0,5.67952591651631,0.684,0.015,0,6,MNDA
0,7.20278851646407,0.668,0.006,0,6,C5AR1
0,5.562633355793366,0.677,0.021,0,6,NCF2
0,4.697160477704847,0.684,0.029,0,6,CTSL
0,3.58511402839852,0.698,0.043,0,6,SIGLEC14
0,5.5268216684560425,0.668,0.014,0,6,MS4A7
0,4.500685550826742,0.691,0.038,0,6,SLC43A2
0,7.45903778705354,0.654,0.007,0,6,TLR2
0,7.521202315966489,0.648,0.006,0,6,ANPEP
0,2.163766667219193,0.783,0.143,0,6,THEMIS2
0,4.943929611243684,0.666,0.026,0,6,LILRB4
0,7.988270649479924,0.65,0.011,0,6,VCAN
0,2.267329167874733,0.796,0.158,0,6,LGALS3
0,4.776527568009453,0.657,0.02,0,6,RAB31
0,1.8787191191089925,0.849,0.214,0,6,APLP2
0,5.874884407836507,0.652,0.017,0,6,S100A9
0,6.9422590248647555,0.645,0.011,0,6,SLC11A1
0,4.335427397020364,0.666,0.032,0,6,CD86
0,2.9127282986650855,0.716,0.086,0,6,BCL2A1
0,2.0747908764631475,0.785,0.155,0,6,C9orf72
0,2.2920888902473227,0.771,0.142,0,6,ASAH1
0,7.757996951911201,0.632,0.01,0,6,FCN1
0,6.784856863735122,0.632,0.011,0,6,CPVL
0,1.8502267325329127,0.817,0.198,0,6,PLSCR1
0,2.3045017657981646,0.735,0.119,0,6,MFSD1
0,4.272394778377416,0.641,0.029,0,6,SLC31A2
0,4.692619365473556,0.632,0.023,0,6,RBM47
0,1.7687139010587227,0.819,0.21,0,6,LGALS9
0,1.422257750400258,0.95,0.344,0,6,CTSS
0,4.141256399845647,0.641,0.037,0,6,IER3
0,1.5670381239955313,0.856,0.254,0,6,LGALS1
0,1.6764730241220342,0.819,0.219,0,6,IFNGR1
0,2.2910740927715723,0.876,0.278,0,6,BEST1
0,6.5329758099238155,0.609,0.011,0,6,SIRPA
0,2.0075505783661334,0.767,0.17,0,6,PLEK
0,7.468989445695964,0.6,0.005,0,6,MSR1
0,7.358885912956628,0.595,0.006,0,6,TREM1
0,2.1546865080775284,0.721,0.134,0,6,CAPG
0,1.6587654387723614,0.778,0.191,0,6,CD83
0,3.056559111995302,0.666,0.082,0,6,GRINA
0,4.074099190511035,0.618,0.037,0,6,MARCKS
0,1.5102032417071487,0.849,0.269,0,6,CD63
0,3.316529868164417,0.636,0.06,0,6,ETS2
0,1.7310190296424013,0.819,0.243,0,6,WARS
0,3.6398263897236496,0.62,0.045,0,6,TNFSF13B
0,5.572186171219524,0.588,0.013,0,6,CFP
0,3.1436954344352976,0.636,0.064,0,6,DENND5A
0,8.788908089129409,0.577,0.005,0,6,CD300E
0,8.17543380669251,0.574,0.004,0,6,HK3
0,1.4235051405395804,0.874,0.305,0,6,MGAT1
0,6.255575451016824,0.579,0.01,0,6,LILRA5
0,5.003230536159596,0.584,0.017,0,6,ALDH2
0,1.798004813943757,0.76,0.193,0,6,PTPRE
0,3.1718696012796705,0.627,0.06,0,6,LYN
0,2.0179769100742617,0.716,0.155,0,6,NINJ1
0,3.251362904070292,0.609,0.048,0,6,ITGAM
0,1.990210880533744,0.7,0.139,0,6,HLA-DMB
0,1.2973986944272835,0.849,0.291,0,6,SAMHD1
0,1.371803600637674,0.957,0.399,0,6,CTSB
0,2.200949406854707,0.696,0.139,0,6,AP1S2
0,6.708755749707611,0.563,0.006,0,6,SLC8A1
0,4.439112585705534,0.579,0.023,0,6,FCGR2C
0,1.9916397491947402,0.703,0.15,0,6,GK
0,3.1299012837198625,0.616,0.064,0,6,CEBPB
0,1.8742101930871644,0.705,0.153,0,6,CIITA
0,2.1468569714580825,0.673,0.122,0,6,TNFRSF1A
0,1.401543438934493,0.803,0.253,0,6,ATP6V0B
0,8.156344299792739,0.554,0.004,0,6,FCGR1A
0,3.753176690071124,0.593,0.043,0,6,GSN
0,1.3811518400412903,0.817,0.268,0,6,ZYX
0,7.846763388792106,0.554,0.007,0,6,CD163
0,2.1273078436316326,0.675,0.129,0,6,GNS
0,4.570646487590266,0.57,0.025,0,6,IL4I1
0,1.6868440325870964,0.732,0.188,0,6,FLOT1
0,1.4720608068475236,0.764,0.221,0,6,MAN2B1
0,1.2181023731236915,0.902,0.359,0,6,ANXA5
0,3.112329633342169,0.602,0.06,0,6,TBXAS1
0,1.5775524457069687,0.757,0.215,0,6,MYD88
0,7.944891300991515,0.545,0.004,0,6,STAB1
0,3.453521302347915,0.588,0.047,0,6,ABCA1
0,3.491971880317164,0.584,0.044,0,6,RNASE6
0,2.140005962461749,0.673,0.134,0,6,NAGK
0,6.867729389868159,0.549,0.01,0,6,LILRA3
0,3.6698721204438316,0.581,0.042,0,6,RASSF4
0,5.871807723696162,0.556,0.019,0,6,IL1RN
0,9.137645852475336,0.54,0.003,0,6,OLR1
0,4.207958872401385,0.565,0.029,0,6,XXbac-BPG252P9.10
0,5.710373594371605,0.547,0.012,0,6,PTAFR
0,6.04813248727208,0.545,0.011,0,6,DMXL2
0,1.220656394637894,0.849,0.315,0,6,ZEB2
0,1.4266115511544082,0.751,0.218,0,6,CECR1
0,1.3174279182786561,0.799,0.266,0,6,CDKN1A
0,6.2154715205402535,0.545,0.012,0,6,S100A8
0,1.4029369027138612,0.794,0.261,0,6,CSTB
0,6.59989770867825,0.542,0.009,0,6,C15orf48
0,1.7581792587308243,0.703,0.171,0,6,PTTG1IP
0,2.1678177411314454,0.654,0.123,0,6,ICAM1
0,5.8831760368258665,0.545,0.014,0,6,IGSF6
0,1.9667757132646162,0.675,0.144,0,6,PEA15
0,1.2401508022573111,0.97,0.439,0,6,HLA-DRA
0,1.3825291543803684,0.789,0.259,0,6,H2AFY
0,6.74680594467374,0.533,0.004,0,6,ZNF385A
0,1.1802890657162952,0.957,0.429,0,6,S100A11
0,7.917379592472128,0.531,0.003,0,6,RP11-290F20.3
0,1.8784879110408221,0.732,0.205,0,6,MXD1
0,5.751364958029759,0.538,0.011,0,6,KCTD12
0,1.634697741834214,0.716,0.19,0,6,GSTO1
0,2.433873796245038,0.604,0.078,0,6,SYK
0,2.454775067208275,0.622,0.099,0,6,SGK1
0,7.099255168709701,0.529,0.006,0,6,RIN2
0,2.534634275515223,0.618,0.095,0,6,FCGR3A
0,3.319920156103895,0.57,0.049,0,6,MPP1
0,4.566480718924133,0.542,0.023,0,6,SLC7A7
0,1.7962711362157924,0.691,0.173,0,6,ATP6V1B2
0,4.031090628126855,0.551,0.033,0,6,PLXNB2
0,1.187593620198453,0.84,0.324,0,6,HLA-DMA
0,6.212013447341003,0.526,0.011,0,6,LRRC25
0,3.5654927196232435,0.549,0.036,0,6,SCIMP
0,1.6738067155361624,0.68,0.168,0,6,UPP1
0,1.0799688330694839,0.906,0.395,0,6,S100A10
0,2.2906345223296745,0.613,0.103,0,6,ATF3
0,2.1497288009759723,0.613,0.104,0,6,NCF1C
0,2.2281997181299564,0.625,0.117,0,6,CORO1C
0,5.767836338656222,0.519,0.011,0,6,LTBR
0,4.417602606806493,0.529,0.021,0,6,KLF4
0,1.5237282822527294,0.712,0.206,0,6,HEXB
0,1.533502301017882,0.753,0.247,0,6,NAMPTL
0,1.2843679705436282,0.858,0.353,0,6,HLA-DQB1
0,1.5185088308725678,0.721,0.217,0,6,TKT
0,2.4154500753544674,0.6,0.096,0,6,ODF3B
0,5.643900387454874,0.515,0.012,0,6,DAPK1
0,2.179622362319466,0.613,0.111,0,6,PPIF
0,1.5376142082712407,0.705,0.203,0,6,COLGALT1
0,1.2663281286398267,0.865,0.365,0,6,NAMPT
0,2.3390502685956305,0.579,0.079,0,6,ITGA5
0,1.357364129541796,0.707,0.208,0,6,HLA-DQB2
0,1.3603854647213245,0.682,0.184,0,6,IRF8
0,3.4853253554596058,0.547,0.049,0,6,HK2
0,3.0357988052755984,0.554,0.056,0,6,GAA
0,1.276855718772781,0.769,0.271,0,6,ARRB2
0,1.3174598755330111,0.815,0.317,0,6,ANXA2P2
0,7.79570847505485,0.501,0.004,0,6,SIGLEC1
0,2.067617192547096,0.622,0.125,0,6,DPYSL2
0,1.102001273222048,0.899,0.402,0,6,ANXA2
0,8.50127050051104,0.499,0.003,0,6,MAFB
0,1.616339022206322,0.675,0.18,0,6,PYCARD
0,3.027820709287728,0.542,0.049,0,6,CTNND1
0,5.914753806420365,0.508,0.015,0,6,LILRA1
0,2.634808167551175,0.586,0.093,0,6,ACSL1
0,2.01662238832626,0.6,0.108,0,6,RIPK2
0,2.1008464951629158,0.588,0.098,0,6,LAT2
0,3.8509735203987727,0.522,0.032,0,6,C3AR1
0,6.834353385005689,0.501,0.012,0,6,APOBEC3A
0,2.50309554192845,0.577,0.088,0,6,SLC43A3
0,1.9640475695307535,0.629,0.14,0,6,NCF1
0,0.8140450970385273,0.941,0.452,0,6,TPP1
0,3.063268741306514,0.54,0.052,0,6,CCDC88A
0,3.1027354672597456,0.542,0.055,0,6,CREG1
0,1.9478385216670837,0.835,0.349,0,6,SOD2
0,4.591174084179525,0.506,0.023,0,6,TNFSF13
0,3.972147808534164,0.51,0.027,0,6,NLRP3
0,2.026435693378499,0.611,0.129,0,6,SLC25A37
0,1.1517401210529994,0.778,0.297,0,6,SRGAP2
0,1.196650156154837,0.762,0.281,0,6,C10orf54
0,1.0158788880664624,0.714,0.234,0,6,CD4
0,1.4461074461486085,0.68,0.201,0,6,AP2S1
0,8.419593569885945,0.481,0.002,0,6,FCGR1B
0,2.115649628240707,0.593,0.114,0,6,NAGA
0,1.2306335157551742,0.73,0.252,0,6,RNH1
0,3.819666016649823,0.51,0.032,0,6,CYFIP1
0,1.9322863948905762,0.622,0.144,0,6,SLC16A3
0,1.4447622165774137,0.684,0.207,0,6,TET2
0,2.253077003366562,0.581,0.104,0,6,ZMIZ1
0,3.7632863411189277,0.506,0.029,0,6,FAM26F
0,4.592608703416094,0.492,0.016,0,6,HBEGF
0,1.4087110487384766,0.709,0.233,0,6,ARAP1
0,3.0299769597589163,0.545,0.07,0,6,SIRPB1
0,2.1253006522101723,0.581,0.106,0,6,CTNNA1
0,6.191634536081827,0.483,0.009,0,6,SERPING1
0,6.093590436051347,0.497,0.023,0,6,IL8
0,2.211252159335987,0.572,0.099,0,6,FAM49A
0,6.806353755629494,0.481,0.008,0,6,LILRA2
0,1.5598578487638393,0.652,0.18,0,6,SH3BP2
0,1.4278416822999918,0.664,0.193,0,6,PPT1
0,5.636714621565072,0.478,0.008,0,6,LILRP1
0,3.0019162752568933,0.513,0.044,0,6,FCGR2B
0,6.510288727575222,0.481,0.012,0,6,IL1B
0,1.1152688421187056,0.867,0.398,0,6,FTH1P10
0,2.2876495865185045,0.556,0.088,0,6,LAIR1
0,1.0739784247932131,0.982,0.515,0,6,PSAP
0,2.683427357238347,0.531,0.066,0,6,ENG
0,1.1887418677685089,0.698,0.233,0,6,ATP6AP1
0,0.9098922861805583,0.815,0.35,0,6,GSTP1
0,7.878656363139979,0.469,0.004,0,6,TMEM176B
0,6.549236282490501,0.469,0.005,0,6,EPB41L3
0,1.277601731978412,0.7,0.237,0,6,GNAI2
0,7.697480260000652,0.465,0.003,0,6,OSCAR
0,4.845652708391932,0.474,0.013,0,6,FBP1
0,5.807229024693857,0.467,0.007,0,6,RAB20
0,2.2238221696801297,0.542,0.082,0,6,RP1-257A7.5
0,1.113178343291001,0.732,0.273,0,6,RNASET2
0,1.1006114389411201,0.712,0.253,0,6,ARL8B
0,1.1106706072172252,0.725,0.266,0,6,ATP6V0D1
0,1.1394152863095142,0.776,0.319,0,6,NOTCH2
0,0.8528989345907708,0.792,0.338,0,6,MYO1F
0,5.854871991809199,0.46,0.009,0,6,CFD
0,0.8956340641167613,0.812,0.362,0,6,GNG5
0,1.4077306402049035,0.641,0.191,0,6,BNIP3L
0,7.657568596079127,0.455,0.005,0,6,NFAM1
0,0.8607660694735835,0.817,0.367,0,6,SDCBP
0,3.17272683509073,0.506,0.057,0,6,MCTP1
0,0.9812304309488721,0.931,0.483,0,6,HLA-DRB6
0,1.0260592509806719,0.719,0.271,0,6,RHOG
0,2.158082052712742,0.556,0.109,0,6,FNDC3B
0,1.1783663221863363,0.677,0.231,0,6,CTSA
0,1.2950544967315851,0.661,0.215,0,6,NUMB
0,8.556753144289782,0.449,0.003,0,6,FPR3
0,1.6024833271407841,0.59,0.144,0,6,CRTAP
0,1.128868780841315,0.712,0.268,0,6,STXBP2
0,2.3229143970242103,0.531,0.088,0,6,GPX1P1
0,1.9485381722433128,0.551,0.108,0,6,CUX1
0,1.2003401811956005,0.725,0.282,0,6,LAP3
0,1.230306653474219,0.677,0.235,0,6,ATP6V1F
0,2.5550645846006046,0.513,0.071,0,6,TTYH3
0,1.4450529873470535,0.883,0.441,0,6,IFITM3
0,1.70439679531497,0.574,0.132,0,6,RNF13
0,1.1709758768989293,0.686,0.245,0,6,TALDO1
0,1.4914764049944071,0.595,0.154,0,6,TOM1
0,2.0001503887739043,0.556,0.116,0,6,RELT
0,2.0124720363672592,0.531,0.091,0,6,FKBP15
0,1.9959323184279636,0.554,0.114,0,6,PGD
0,5.914320969026523,0.446,0.007,0,6,SIGLEC9
0,1.2607653806883397,0.673,0.235,0,6,FTH1P20
0,0.7887846246297374,0.828,0.39,0,6,TCIRG1
0,1.451947011179404,0.636,0.199,0,6,DPYD
0,1.5909666419568518,0.611,0.175,0,6,FTH1P16
0,1.5357812249242366,0.604,0.168,0,6,RAC1
0,6.722787249844887,0.439,0.004,0,6,ADAP2
0,3.8389741905544557,0.471,0.038,0,6,RNF144B
0,2.3831223207512253,0.501,0.069,0,6,PLXND1
0,3.240641229389988,0.476,0.044,0,6,CCR1
0,1.292045488386568,0.659,0.228,0,6,ATG3
0,1.8411800525447002,0.529,0.099,0,6,SKAP2
0,3.1017034755307287,0.478,0.048,0,6,BLVRB
0,5.076513156451602,0.442,0.012,0,6,FGD4
0,0.8922167531107479,0.719,0.29,0,6,GADD45B
0,3.209001636111759,0.46,0.032,0,6,LY86
0,1.0805994501254965,0.668,0.241,0,6,LAPTM4A
0,1.6155315917688189,0.6,0.173,0,6,RNU2-2P
0,1.3340103360249942,0.643,0.217,0,6,FTH1P23
0,2.7404140488882636,0.474,0.048,0,6,PHACTR1
0,2.100255042884134,0.519,0.094,0,6,CD300A
0,2.895752067772049,0.481,0.056,0,6,FCGR3B
0,6.35452706733801,0.43,0.005,0,6,TGM2
0,3.1512491867955816,0.471,0.047,0,6,LGMN
0,1.159341121076542,0.641,0.218,0,6,GLIPR2
0,5.299152199375366,0.435,0.012,0,6,MYOF
0,0.7969215776404643,0.785,0.363,0,6,TLN1
0,6.110829048366954,0.432,0.01,0,6,CD300C
0,7.9883002478547285,0.426,0.005,0,6,AQP9
0,5.468700024903386,0.437,0.016,0,6,CD36
0,0.9468321777454047,0.945,0.524,0,6,HLA-DRB5
0,2.942920736405126,0.471,0.051,0,6,GCA
0,3.6962909630995995,0.453,0.034,0,6,ADAM9
0,5.371905543130278,0.43,0.011,0,6,IRAK3
0,0.7019291167083421,0.874,0.455,0,6,EMP3
0,1.9523686819355062,0.517,0.099,0,6,RTN4
0,1.0387130342642434,0.792,0.374,0,6,FTH1P7
0,3.2916251025159506,0.451,0.034,0,6,EMILIN2
0,1.2209078395325763,0.645,0.229,0,6,MYO9B
0,0.7923329235468504,0.771,0.355,0,6,PTPN6
0,0.8133738549402542,0.751,0.335,0,6,HM13
0,0.7969515972032917,0.735,0.319,0,6,OS9
0,4.075283458178215,0.442,0.026,0,6,RP11-497H16.7
0,0.812739159687357,0.773,0.358,0,6,TSPO
0,7.477795613689831,0.419,0.004,0,6,LPCAT2
0,1.044158517959377,0.696,0.281,0,6,YBX1
0,1.1097726905025929,0.634,0.22,0,6,VPS35
0,1.7714525286958689,0.531,0.117,0,6,LIPA
0,6.898895830707909,0.419,0.005,0,6,CD33
0,9.61273469876679,0.414,0.001,0,6,MARCO
0,0.6717359369788581,0.872,0.459,0,6,ATP6V0C
0,1.4011582748242288,0.602,0.19,0,6,ATG7
0,1.1107509093428103,0.652,0.241,0,6,LAMP2
0,0.7837921731821893,0.764,0.353,0,6,STAT2
0,2.711065877809793,0.471,0.06,0,6,PAK1
0,1.7755039035045939,0.526,0.116,0,6,BID
0,6.922346310266841,0.416,0.006,0,6,CXCL2
0,0.6428699191771083,0.858,0.448,0,6,MYADM
0,0.961949840620455,0.684,0.275,0,6,RAB1A
0,2.3753376883755184,0.476,0.067,0,6,IRF5
0,2.0308073817876267,0.499,0.091,0,6,SCPEP1
0,1.1051392970938605,0.709,0.301,0,6,RP11-124N14.3
0,1.500774658287729,0.556,0.149,0,6,EFHD2
0,2.643767394609836,0.478,0.071,0,6,NADK
0,0.6756115355603451,0.879,0.473,0,6,HIF1A
0,0.9896170773178952,0.906,0.5,0,6,FTLP3
0,1.377152963066789,0.57,0.164,0,6,TRAPPC5
0,1.9167952063355953,0.513,0.109,0,6,BLVRA
0,1.3282211666526902,0.627,0.223,0,6,FTH1P8
0,2.09863527105117,0.487,0.083,0,6,DDAH2
0,1.1218011566196084,0.62,0.217,0,6,TMBIM1
0,1.1658444548327747,0.618,0.215,0,6,LIMS1
0,5.01529711170395,0.414,0.011,0,6,SLC15A3
0,0.5983035706653217,0.854,0.452,0,6,ARPC5
0,2.6430337377002724,0.462,0.061,0,6,SULF2
0,0.8780125179926648,0.705,0.305,0,6,SERPINB1
0,1.4241926039225472,0.593,0.193,0,6,RIN3
0,1.449950330856144,0.577,0.177,0,6,SRGAP2B
0,1.0942157374761794,0.696,0.296,0,6,HLA-DQA1
0,1.9668196178556374,0.497,0.098,0,6,PLEKHO1
0,1.2696783088208892,0.611,0.212,0,6,PICALM
0,1.652234489212263,0.533,0.134,0,6,QSOX1
0,1.8687218644052497,0.513,0.114,0,6,FTH1P12
0,5.641005941001685,0.412,0.013,0,6,PLBD1
0,1.4035031062462577,0.588,0.189,0,6,SOCS3
0,0.9744071225755003,0.666,0.268,0,6,MX2
0,0.7553011338411922,0.732,0.334,0,6,CMTM6
0,1.9292491898591362,0.499,0.102,0,6,CEP170
0,1.6444414293950629,0.529,0.132,0,6,NCF1B
0,0.8058810279520471,0.703,0.308,0,6,VAMP8
0,0.8252407716633647,0.677,0.283,0,6,UQCRC1
0,1.6531847710365783,0.522,0.128,0,6,MANBA
0,0.8386505253376333,0.721,0.328,0,6,NOTCH2NL
0,0.5624507336395994,0.81,0.418,0,6,ANXA1
0,1.6728024495347724,0.506,0.114,0,6,PLEKHO2
0,7.263595929336478,0.396,0.005,0,6,GPNMB
0,2.135529580848008,0.474,0.084,0,6,RP1-232L22--B.1
0,1.4530227590346754,0.526,0.137,0,6,FAM65A
0,2.8531884571531934,0.442,0.053,0,6,HMOX1
0,1.0010997708929388,0.593,0.204,0,6,BCL6
0,2.158787742777554,0.478,0.089,0,6,SCO2
0,0.8292459951127118,0.668,0.279,0,6,LAMTOR4
0,3.858962995559046,0.412,0.023,0,6,FNIP2
0,0.8498419568485249,0.833,0.444,0,6,NBPF10
0,2.31061746830118,0.462,0.074,0,6,GNA15
0,3.196355919477665,0.421,0.033,0,6,ADAMTSL4
0,0.7920774242032176,0.961,0.574,0,6,HLA-DRB1
0,7.712747312782664,0.389,0.002,0,6,RP11-750H9.5
0,1.9081611945151309,0.469,0.082,0,6,WDFY4
0,1.2189167552630635,0.577,0.19,0,6,RTN3
0,0.7331411335626679,0.698,0.311,0,6,RAP2B
0,0.8860751776231033,0.67,0.284,0,6,RAB10
0,1.4106008014617069,0.554,0.169,0,6,LTA4H
0,3.1513143729293254,0.423,0.038,0,6,DOK3
0,1.535723498066671,0.535,0.15,0,6,BACH1
0,0.7255470991106157,0.915,0.53,0,6,S100A6
0,1.2863576947487518,0.561,0.177,0,6,PLD3
0,0.9311572958956189,0.643,0.259,0,6,RHBDF2
0,8.021477707139416,0.387,0.004,0,6,CCL2
0,0.6249863901884275,0.764,0.381,0,6,RAB5C
0,2.1630512511468134,0.462,0.079,0,6,SH2B3
0,1.4012697148568964,0.538,0.155,0,6,KLF10
0,0.7390959703257799,0.675,0.293,0,6,ATP6AP2
0,0.6414252398719448,0.741,0.359,0,6,STAT6
0,1.1567126800893344,0.574,0.192,0,6,NFKBID
0,1.2556354035049178,0.586,0.205,0,6,RREB1
0,0.7458434740997131,0.684,0.304,0,6,CAPZA2
0,1.380927459292896,0.526,0.146,0,6,TPD52L2
0,3.986622748300072,0.403,0.023,0,6,RP11-848G14.2
0,2.0991326472528957,0.432,0.053,0,6,HSPA6
0,2.074356545677295,0.467,0.089,0,6,DUSP6
0,8.072369643953385,0.38,0.002,0,6,FCGR1C
0,0.706282342145473,0.696,0.318,0,6,CYBA
0,0.583655188889695,0.799,0.422,0,6,AC011933.1
0,2.0292772571437414,0.465,0.088,0,6,P2RX4
0,5.164605157211806,0.389,0.013,0,6,LILRB5
0,6.417153344518498,0.382,0.006,0,6,MS4A4A
0,3.7650222458872835,0.405,0.029,0,6,DSE
0,8.64673487198712,0.378,0.002,0,6,HNMT
0,0.6408625367022188,0.719,0.344,0,6,NR4A1
0,0.5360643366868905,0.858,0.484,0,6,RAB7A
0,3.1318866215627765,0.41,0.036,0,6,DUSP3
0,0.8964634083283007,0.654,0.28,0,6,EPSTI1
0,0.9273982762605043,0.586,0.212,0,6,ETV6
0,5.582730452653635,0.384,0.01,0,6,THBD
0,0.7242187973716068,0.686,0.313,0,6,FERMT3
0,0.6566067533263873,0.746,0.373,0,6,SH3BGRL
0,0.7435587255335007,0.675,0.303,0,6,CNPY3
0,0.8419639282130924,0.627,0.255,0,6,SNAP23
0,2.9155916474802535,0.416,0.044,0,6,SMCO4
0,1.5960804903991592,0.506,0.135,0,6,AHR
0,3.691078897227171,0.396,0.025,0,6,CLEC4A
0,4.051118366938439,0.398,0.027,0,6,CD302
0,1.076225870505075,0.558,0.188,0,6,RGS19
0,2.1727479185230187,0.455,0.085,0,6,SPG21
0,0.6793689919540956,0.696,0.326,0,6,ADPGK
0,0.7301178082397923,0.661,0.292,0,6,PLEC
0,1.341371978503868,0.526,0.157,0,6,HSBP1
0,3.1235410579610092,0.41,0.042,0,6,CPPED1
0,6.796361975028832,0.373,0.005,0,6,TLR4
0,1.0135946464119567,0.609,0.241,0,6,PLCB2
0,3.5120502620815963,0.4,0.032,0,6,ATF5
0,5.065924990426368,0.378,0.011,0,6,VEGFA
0,1.7230384905766916,0.481,0.114,0,6,CAPNS1
0,0.9771510172331288,0.584,0.217,0,6,SQRDL
0,8.588123348386953,0.368,0.001,0,6,PID1
0,1.397325438214692,0.501,0.134,0,6,DHRS3
0,0.623121137164518,0.904,0.537,0,6,GRB2
0,1.7930214939807616,0.485,0.118,0,6,ARAP1-AS1
0,0.5214198515463093,0.842,0.476,0,6,FKBP1A
0,1.7917559509533536,0.467,0.101,0,6,PLIN3
0,0.7085995743139246,0.719,0.353,0,6,ZFAND5
0,2.258435363196979,0.581,0.215,0,6,EMR2
0,1.8860546205575863,0.451,0.085,0,6,NAPSB
0,2.0655768569935677,0.465,0.099,0,6,ATP13A3
0,0.7997389674068929,0.677,0.313,0,6,ACADVL
0,3.1344484996518656,0.4,0.036,0,6,CCRL2
0,1.6275841915904006,0.506,0.142,0,6,SNORD3B-1
0,2.040026413693845,0.449,0.086,0,6,SNX10
0,0.9339336144356009,0.606,0.243,0,6,MAP3K8
0,1.0597573465167005,0.588,0.225,0,6,CLTA
0,6.555956097556352,0.368,0.005,0,6,CREB5
0,0.5513868913600803,0.755,0.392,0,6,GPX4
0,1.5512856380490332,0.503,0.141,0,6,MEF2A
0,1.266087495771194,0.522,0.16,0,6,AKR1A1
0,1.467529638333449,0.526,0.164,0,6,FTH1P11
0,1.7693607630989243,0.465,0.104,0,6,APBB3
0,1.7545644156901294,0.483,0.122,0,6,NAIP
0,0.8894945643990577,0.611,0.251,0,6,NCOA4
0,1.641097798328358,0.487,0.127,0,6,GNB2
0,3.1346036437639744,0.396,0.037,0,6,CSF2RB
0,0.5483982415519877,0.87,0.511,0,6,WSB1
0,6.663918618929011,0.364,0.005,0,6,CD93
0,0.8457445683211345,0.616,0.257,0,6,HMGA1
0,3.2186508562584786,0.398,0.04,0,6,BCAT1
0,1.8970725617453377,0.451,0.093,0,6,CD151
0,1.5886890268388951,0.469,0.111,0,6,LAP3P2
0,0.5497288360763481,0.696,0.338,0,6,ACTR2
0,1.1176946318141634,0.618,0.261,0,6,PLIN2
0,1.0251997319232988,0.595,0.238,0,6,HLA-DQA2
0,3.5947219604549945,0.384,0.028,0,6,CD9
0,1.1569965578709474,0.597,0.241,0,6,RP11-34P13.13
0,1.4641367321785475,0.49,0.135,0,6,GLA
0,1.292572713739513,0.515,0.16,0,6,ARF3
0,0.6014331532685311,0.716,0.361,0,6,PRELID1
0,0.8288328524854751,0.62,0.265,0,6,SNORA67
0,0.8617824932964981,0.581,0.226,0,6,SLC35F6
0,1.935788648826017,0.43,0.075,0,6,XXbac-BPG181M17.5
0,0.9560819350075744,0.595,0.24,0,6,RP11-1100L3.8
0,0.7035076950393122,0.822,0.467,0,6,CTSD
0,0.9365153707770915,0.551,0.197,0,6,AP1B1
0,2.9912420735273977,0.396,0.042,0,6,RXRA
0,6.176718281580242,0.359,0.005,0,6,PRAM1
0,8.26799895477722,0.357,0.003,0,6,VSIG4
0,5.029281265979751,0.364,0.011,0,6,KIAA1598
0,0.5430981473261636,0.762,0.41,0,6,CHP1
0,3.3151111820158587,0.384,0.032,0,6,TBC1D2
0,2.0548181579091724,0.437,0.085,0,6,PDLIM7
0,1.040277659857638,0.547,0.196,0,6,CASP1
0,2.808713279719555,0.4,0.049,0,6,GNAQ
0,0.8162178520371672,0.625,0.274,0,6,IRF7
0,2.0196429090190655,0.437,0.086,0,6,GM2A
0,0.834486125580645,0.588,0.239,0,6,CYTH4
0,3.720005089754054,0.371,0.022,0,6,RP11-5L12.1
0,0.9574586565759422,0.577,0.228,0,6,RP11-571M6.7
0,0.7390745809842911,0.645,0.297,0,6,VPS29
0,0.5702110120846987,0.686,0.339,0,6,NUCB1
0,1.0984856040211102,0.54,0.193,0,6,RB1
0,1.061767479476281,0.535,0.188,0,6,HEXA
0,0.9872975855872728,0.586,0.239,0,6,ATP2B1
0,1.4381320738339758,0.483,0.136,0,6,COMT
0,1.36914187507283,0.49,0.143,0,6,STX4
0,0.8425024881039955,0.577,0.23,0,6,CNDP2
0,0.6127672141442477,0.817,0.47,0,6,RASGEF1B
0,0.6024656722754724,0.902,0.555,0,6,HLA-DPA1
0,0.8411397702907609,0.595,0.249,0,6,PLEKHB2
0,1.4749238818784542,0.487,0.141,0,6,RAB24
0,6.294263239576961,0.352,0.006,0,6,CLEC12A
0,0.9353596559746119,0.538,0.193,0,6,ELOVL1
0,1.7910472159286048,0.46,0.115,0,6,ARHGAP18
0,1.4411550555099255,0.469,0.124,0,6,PACSIN2
0,1.5443977321738018,0.474,0.129,0,6,SEMA4A
0,1.7178965841535487,0.453,0.109,0,6,SH3TC1
0,8.314411860792754,0.346,0.002,0,6,CSTA
0,4.256497967290052,0.357,0.013,0,6,SLAMF8
0,1.834300061767861,0.423,0.079,0,6,SPINT2
0,0.7098775702662106,0.67,0.327,0,6,ERP44
0,0.6262786583435301,0.769,0.426,0,6,POMP
0,2.1186774785700533,0.432,0.09,0,6,TNS3
0,0.5910181315042977,0.833,0.491,0,6,PCBP1
0,0.9311849298964018,0.556,0.215,0,6,RP11-78A19.3
0,1.7224154281183908,0.451,0.11,0,6,SNORD3B-2
0,2.2156052415600533,0.41,0.069,0,6,NOD2
0,3.9794526376934303,0.362,0.021,0,6,LRRK2
0,0.8316714644807979,0.622,0.282,0,6,CHMP1B
0,0.8079241882466711,0.581,0.241,0,6,C19orf10
0,0.7178046952324004,0.593,0.253,0,6,KDELR2
0,0.7705904551852923,0.616,0.276,0,6,SHKBP1
0,1.3297961753346528,0.485,0.145,0,6,AGTRAP
0,0.6070476547160429,0.696,0.356,0,6,MIR24-2
0,2.3767517419079778,0.403,0.064,0,6,SCARB2
0,0.4954842567399318,0.794,0.455,0,6,CD55
0,0.9466666530969461,0.542,0.204,0,6,SNX2
0,1.1268875203927486,0.538,0.2,0,6,NANS
0,2.2623022455167083,0.396,0.058,0,6,SERPINB6
0,0.6200857875760721,0.62,0.282,0,6,HAVCR2
0,1.3421262422204978,0.494,0.156,0,6,OAS1
0,1.7531969447640987,0.43,0.092,0,6,MBOAT7
0,0.6914947544915395,0.595,0.257,0,6,TAOK3
0,1.791841475649069,0.449,0.112,0,6,JAK2
0,2.065139749357698,0.407,0.07,0,6,ADRBK2
0,4.558236352492119,0.35,0.013,0,6,TFEC
0,0.7784102270489562,0.554,0.218,0,6,SNX27
0,2.921529421494937,0.38,0.044,0,6,GAB2
0,1.0328754278598469,0.522,0.186,0,6,RNF181
0,0.6686076513669759,0.604,0.268,0,6,LRPAP1
0,0.6427675832785842,0.682,0.347,0,6,KDM6B
0,0.5157106858108388,0.68,0.345,0,6,NABP1
0,0.5158298157348886,0.755,0.42,0,6,NAPA
0,0.6309555112039018,0.659,0.324,0,6,BST2
0,0.9605058621883784,0.522,0.187,0,6,SLC6A6
0,2.8147619270121824,0.387,0.052,0,6,PRKCD
0,2.399459025808784,0.382,0.047,0,6,RNF135
0,3.1213444931427303,0.368,0.033,0,6,DRAM1
0,1.5758744180644215,0.43,0.095,0,6,PRCP
0,0.9364118388468515,0.538,0.204,0,6,SDHB
0,0.8640695787235624,0.574,0.24,0,6,PSEN1
0,1.6892119610435796,0.412,0.078,0,6,MEF2C
0,6.278883812440545,0.339,0.006,0,6,F13A1
0,7.578101175262685,0.336,0.003,0,6,C1QA
0,2.2738925007799624,0.405,0.073,0,6,IFIT3
0,1.2981802383754195,0.517,0.185,0,6,TRIM25
0,1.082052594211702,0.51,0.178,0,6,SRA1
0,0.6988932807566082,0.609,0.277,0,6,MAP2K3
0,0.8834479319453838,0.551,0.22,0,6,GNA13
0,8.830779923281385,0.332,0.001,0,6,TMEM52B
0,1.2998615774125228,0.462,0.131,0,6,YWHAG
0,1.491645473400601,0.449,0.118,0,6,LEPROT
0,4.090549444444259,0.348,0.017,0,6,CD1D
0,4.090136494335625,0.35,0.019,0,6,SRC
0,0.928385559290262,0.597,0.266,0,6,FTH1P2
0,0.6114445130240072,0.684,0.354,0,6,PSMA6
0,0.5061124600902477,0.659,0.329,0,6,AP2M1
0,6.144812868182971,0.341,0.012,0,6,SPP1
0,4.731682654054284,0.341,0.012,0,6,LHFPL2
0,1.0865415490135995,0.519,0.19,0,6,NCOR2
0,6.124787314634045,0.334,0.006,0,6,ADM
0,2.8918602266894036,0.366,0.038,0,6,UBE2E2
0,1.2812929408284548,0.474,0.146,0,6,GLB1
0,0.647128205403143,0.668,0.341,0,6,DBNL
0,3.671394866237062,0.35,0.023,0,6,ZFHX3
0,0.9114073613772147,0.545,0.219,0,6,CHMP2A
0,1.3889796846878333,0.455,0.129,0,6,NCF4
0,1.920162892733913,0.403,0.077,0,6,BCKDK
0,1.5523338937595224,0.451,0.125,0,6,VASP
0,1.085832585683205,0.515,0.189,0,6,ARHGAP26
0,2.6313125970130495,0.368,0.042,0,6,CLIC4
0,0.8218365258979596,0.563,0.237,0,6,CD58
0,0.517968632589087,0.691,0.365,0,6,PARVG
0,5.056970786653457,0.334,0.009,0,6,TIMP2
0,5.721741475142952,0.332,0.007,0,6,C19orf38
0,0.6334759442774922,0.604,0.279,0,6,PIK3R5
0,1.4360494335122447,0.462,0.138,0,6,DENND3
0,0.9017653735706556,0.508,0.184,0,6,MTPN
0,1.04395318882808,0.506,0.182,0,6,NCSTN
0,0.8020112894551419,0.604,0.28,0,6,TXN
0,1.2233639644090033,0.465,0.142,0,6,PGLS
0,2.097097852830441,0.375,0.052,0,6,BTK
0,8.60380297505077,0.325,0.002,0,6,ARHGEF10L
0,0.4988985111913571,0.739,0.416,0,6,MAT2A
0,1.4542112747893325,0.442,0.119,0,6,FTH1P3
0,1.4370481160688366,0.503,0.181,0,6,CCL3
0,2.70399737371199,0.359,0.037,0,6,PSTPIP2
0,0.43982567062510347,0.652,0.33,0,6,ATP1A1
0,1.2719663826990624,0.503,0.181,0,6,HLA-DPB2
0,1.1157359499783028,0.506,0.184,0,6,SNORD3A
0,0.7711987554630783,0.547,0.227,0,6,HIST2H2AA4
0,3.2532260682048304,0.341,0.021,0,6,SIGLEC5
0,0.48115196918271375,0.73,0.41,0,6,GPCPD1
0,1.100821821756509,0.481,0.161,0,6,HSD17B11
0,1.4379727936143083,0.451,0.132,0,6,METRNL
0,0.4202787727074704,0.723,0.404,0,6,SSR3
0,1.294610539736933,0.904,0.586,0,6,UBXN11
0,0.931135277174915,0.531,0.213,0,6,CARD16
0,6.916055687123952,0.323,0.005,0,6,SLC37A2
0,3.4472880123307568,0.343,0.025,0,6,SIGLEC10
0,2.0247546989409195,0.416,0.098,0,6,C15orf39
0,0.588626604256354,0.686,0.369,0,6,FLII
0,1.8487265768847108,0.382,0.065,0,6,CD40
0,2.3087276754042447,0.375,0.058,0,6,DENND1A
0,0.510241358779551,0.632,0.315,0,6,RAB8A
0,1.5959739962179658,0.41,0.093,0,6,PPARD
0,1.5305312933171438,0.416,0.099,0,6,RRBP1
0,0.5611990132481041,0.579,0.262,0,6,RGS10
0,1.2833519677229634,0.458,0.142,0,6,STX7
0,1.5008777196890861,0.444,0.128,0,6,PNPLA6
0,0.9439118891382392,0.508,0.192,0,6,LAMTOR1
0,0.955059498673962,0.513,0.197,0,6,ADAM8
0,2.0498302039676415,0.382,0.066,0,6,IL6R
0,3.758619513946912,0.348,0.032,0,6,G0S2
0,3.6204845243331585,0.346,0.03,0,6,HSPA7
0,6.59244909926427,0.32,0.005,0,6,ALDH3B1
0,7.717144955235928,0.318,0.003,0,6,GPR84
0,0.9012036377049015,0.513,0.198,0,6,RHOC
0,0.47163379948070017,0.648,0.333,0,6,PDCD6IP
0,6.299136883292493,0.32,0.006,0,6,TNS1
0,4.400343296902605,0.33,0.016,0,6,AXL
0,2.132979455109027,0.387,0.073,0,6,RP11-809N8.2
0,0.5577846147019647,0.776,0.462,0,6,RP11-386G11.10
0,0.9707650397708286,0.49,0.177,0,6,GNPTG
0,0.5386028937450713,0.629,0.316,0,6,POLR2E
0,1.2526967282231234,0.467,0.155,0,6,TMEM167A
0,1.8153896720767189,0.405,0.093,0,6,IL17RA
0,0.7104841666802323,0.531,0.219,0,6,SUMO3
0,0.9966269629475182,0.519,0.207,0,6,RP11-802E16.3
0,1.297202359721331,0.458,0.146,0,6,SNORD3C
0,1.7041605393728667,0.396,0.084,0,6,VAMP3
0,1.370425323029317,0.421,0.109,0,6,PIK3AP1
0,0.6068154750731667,0.577,0.265,0,6,DEGS1
0,0.6284930168777417,0.579,0.267,0,6,TWF2
0,1.8767776469936195,0.398,0.087,0,6,AMPD2
0,4.257611136875266,0.323,0.012,0,6,PTGS1
0,7.331910400946099,0.314,0.003,0,6,DOCK4
0,2.4465033754906753,0.359,0.048,0,6,RCBTB2
0,2.07909529341704,0.375,0.065,0,6,ARSB
0,6.987854170778829,0.314,0.004,0,6,EREG
0,1.7245670441038201,0.428,0.118,0,6,IL18BP
0,5.129603978773874,0.316,0.006,0,6,SIGLEC7
0,0.9551746605951685,0.524,0.215,0,6,OAS3
0,0.8175522053312939,0.54,0.231,0,6,COX7B
0,0.8877805565854501,0.501,0.192,0,6,RHEB
0,1.4216923132391033,0.437,0.128,0,6,OAZ2
0,4.936333626670869,0.318,0.009,0,6,TCN2
0,1.9548448077892744,0.396,0.088,0,6,CYSTM1
0,0.7679367239599101,0.554,0.246,0,6,SFT2D1
0,9.08719008909218,0.309,0.001,0,6,LGALS2
0,2.000629025316516,0.375,0.067,0,6,FAM46A
0,3.976253494102835,0.327,0.019,0,6,FES
0,1.4827532720331997,0.41,0.102,0,6,GNG10
0,2.6842587716914927,0.366,0.058,0,6,RP11-638I2.10
0,1.2946850095001041,0.467,0.16,0,6,P4HA1
0,1.1614218470255753,0.467,0.16,0,6,NUP62
0,0.8128718263049763,0.51,0.203,0,6,DYNC1I2
0,1.4601568132684988,0.426,0.119,0,6,SPTLC2
0,0.6149939076807978,0.629,0.322,0,6,PNRC1
0,1.9396704145208197,0.387,0.08,0,6,GBA
0,2.202084653256783,0.51,0.204,0,6,ACTN1
0,2.8063973250432497,0.359,0.053,0,6,SECTM1
0,6.581671985530265,0.311,0.005,0,6,C1QB
0,0.7798380426682486,0.538,0.233,0,6,ATP5J2
0,0.5391156831349182,0.634,0.329,0,6,PFKFB3
0,1.6797721010235156,0.394,0.09,0,6,QKI
0,0.6444330373243131,0.535,0.231,0,6,BCL10
0,0.8366240310997346,0.51,0.206,0,6,RIT1
0,2.5063635704778044,0.352,0.048,0,6,ATP6V0A1
0,1.1526820984785398,0.444,0.14,0,6,LAMTOR2
0,1.8566885984688772,0.378,0.074,0,6,NEK6
0,0.8621524354646877,0.515,0.212,0,6,INSIG1
0,0.3818788838956326,0.767,0.464,0,6,FOSL2
0,3.8715125315088326,0.323,0.02,0,6,NPL
0,1.7700293860773342,0.391,0.089,0,6,C9orf89
0,0.6879678383369758,0.545,0.243,0,6,MINOS1
0,1.3021214641419594,0.531,0.229,0,6,CTD-2192J16.22
0,7.712047146688661,0.304,0.002,0,6,SDS
0,1.9124440482282037,0.373,0.071,0,6,RALB
0,0.9861280511685254,0.485,0.183,0,6,GUSB
0,3.4781868702046843,0.327,0.025,0,6,CHST15
0,8.157140848457887,0.304,0.002,0,6,CLEC5A
0,0.5801789554424222,0.577,0.275,0,6,HADHA
0,1.8409437214002269,0.382,0.081,0,6,ANXA4
0,0.6429958296681716,0.545,0.245,0,6,CYB5R3
0,1.4792438842445292,0.414,0.114,0,6,STX11
0,3.3609996588542654,0.327,0.027,0,6,BRI3
0,1.2306204895566037,0.451,0.152,0,6,ADAM17
0,2.592194693354852,0.343,0.044,0,6,LY96
0,7.258621495260162,0.302,0.003,0,6,TMEM176A
0,1.7871659937470388,0.382,0.083,0,6,COMMD9
0,7.471436950251387,0.302,0.003,0,6,C1QC
0,1.5758250153620954,0.387,0.089,0,6,ATP1B1
0,3.320630478454553,0.323,0.025,0,6,RAB34
0,0.7955759353965219,0.579,0.282,0,6,CBWD1
0,1.179757842270368,0.437,0.14,0,6,RP11-343N15.5
0,0.5994102193639548,0.57,0.273,0,6,DBI
0,0.7959526430186034,0.506,0.21,0,6,ACAA1
0,0.8857935904635327,0.533,0.237,0,6,NR4A3
0,0.9883787227142293,0.467,0.171,0,6,NMI
0,2.483576512846994,0.348,0.052,0,6,ALCAM
0,1.1823081885401479,0.449,0.154,0,6,SDCCAG8
0,2.8293982570853182,0.334,0.039,0,6,MCOLN1
0,0.6442303217025376,0.549,0.254,0,6,TMEM30A
0,1.504349702609241,0.4,0.105,0,6,RAC1P2
0,0.6429332987917507,0.597,0.302,0,6,PPP1R15B
0,0.6569538141786629,0.57,0.275,0,6,PSMA4
0,1.4422911054387813,0.396,0.102,0,6,SLC8B1
0,0.6139260679553628,0.595,0.301,0,6,GPR183
0,7.5671348110283425,0.297,0.003,0,6,C19orf59
0,1.1735097140049846,0.432,0.139,0,6,ATP6V1A
0,2.2495478590896143,0.348,0.055,0,6,ADAM15
0,0.5867027108110906,0.549,0.257,0,6,GNB1
0,2.828403814696196,0.33,0.038,0,6,SLC31A1
0,0.5806408025029686,0.556,0.264,0,6,CCT5
0,6.785046225893107,0.297,0.005,0,6,RNASE1
0,1.8655248007012961,0.355,0.063,0,6,TPMT
0,1.1267598073733203,0.478,0.186,0,6,ATG16L2
0,1.1027042989893112,0.449,0.158,0,6,CYB5R4
0,0.7304427964010003,0.54,0.249,0,6,ZNF106
0,0.7672447339627955,0.506,0.215,0,6,ILK
0,0.6838678209577791,0.497,0.206,0,6,GOLIM4
0,0.9705749475990941,0.503,0.213,0,6,IFI44L
0,2.289439375722923,0.35,0.06,0,6,IFIT2
0,2.2382140291673687,0.35,0.06,0,6,TMEM106A
0,1.07581677067391,0.451,0.162,0,6,CAT
0,0.9484833039760272,0.465,0.176,0,6,ABHD2
0,5.0224638890130935,0.297,0.008,0,6,IL13RA1
0,1.009569847855769,0.476,0.187,0,6,DENND4B
0,2.9668038908089676,0.325,0.037,0,6,OSM
0,1.7301935893472302,0.364,0.076,0,6,FUCA2
0,0.9757923662524982,0.485,0.197,0,6,PIM3
0,4.294002102658852,0.3,0.012,0,6,CEBPD
0,2.0011990203832157,0.362,0.074,0,6,HLA-DQB1-AS1
0,5.414533915450765,0.293,0.005,0,6,SLC8A1-AS1
0,0.6915841754876951,0.499,0.212,0,6,HIST2H2AA3
0,0.8826192577253219,0.478,0.191,0,6,ENY2
0,7.082878621583202,0.291,0.004,0,6,SIRPB2
0,1.0559411030192445,0.492,0.206,0,6,BAZ2B
0,2.0019040073159142,0.362,0.076,0,6,ZFYVE16
0,1.7982996097854267,0.359,0.073,0,6,LGALS3BP
0,1.2139077470615922,0.416,0.13,0,6,SNX3
0,5.767431048327344,0.297,0.011,0,6,MMP19
0,1.181691321081969,0.414,0.128,0,6,SAT2
0,0.8531166069559606,0.485,0.199,0,6,GLRX
0,0.6936658624025447,0.51,0.225,0,6,BLOC1S1
0,0.5752329248885207,0.572,0.287,0,6,CSNK1D
0,0.9413843578867643,0.524,0.24,0,6,GBP1
0,1.011687903370127,0.451,0.167,0,6,TUBGCP2
0,1.0077596894730405,0.432,0.148,0,6,ABR
0,0.580375288038949,0.545,0.261,0,6,FMNL1
0,2.1310448552112717,0.348,0.064,0,6,MYO15B
0,1.3201229019811005,0.435,0.152,0,6,TNFSF10
0,1.6079192656915524,0.373,0.09,0,6,TMEM127
0,3.7520514963560783,0.3,0.017,0,6,IL18
0,0.8572414746392049,0.483,0.2,0,6,RILPL2
0,0.9361247534048909,0.469,0.186,0,6,VAMP5
0,3.520559344547252,0.302,0.019,0,6,PHLDA2
0,0.6416289775484629,0.547,0.265,0,6,FBXL5
0,0.6578891888494212,0.513,0.231,0,6,TMEM219
0,1.1210999261594254,0.426,0.144,0,6,ASAP1
0,1.9532808265035613,0.355,0.073,0,6,AFMID
0,1.018291945923118,0.439,0.158,0,6,DRAM2
0,1.5585488026430483,0.364,0.083,0,6,TICAM1
0,0.5270766016825235,0.57,0.289,0,6,HGS
0,0.5614079345199616,0.577,0.296,0,6,VDAC1
0,0.7551786318245723,0.51,0.23,0,6,NOP10
0,1.0969345910572705,0.439,0.161,0,6,ACOT9
0,1.1326557112892897,0.435,0.157,0,6,IFI44
0,0.9172887836157533,0.49,0.212,0,6,FABP5
0,2.746450602423239,0.318,0.04,0,6,APOBR
0,0.6897363829027175,0.481,0.203,0,6,TBC1D9B
0,2.086299145086322,0.334,0.057,0,6,KIAA0930
0,1.5058168961102143,0.375,0.098,0,6,PRKAG2
0,6.4703778971028125,0.281,0.004,0,6,CDCP1
0,0.6218170391294099,0.515,0.238,0,6,IRF2BP2
0,6.40631714375618,0.281,0.004,0,6,CD300LB
0,0.8668106901217357,0.51,0.233,0,6,RP4-669L17.10
0,5.1098287083029215,0.286,0.009,0,6,DAB2
0,6.533662990744603,0.279,0.003,0,6,BST1
0,6.937157882112394,0.279,0.003,0,6,CXCL3
0,0.5672746310224487,0.549,0.273,0,6,BANF1
0,1.26354797095556,0.442,0.166,0,6,DDX60L
0,0.7492587514287161,0.478,0.202,0,6,CYC1
0,0.5380979386479963,0.584,0.308,0,6,RP11-498C9.2
0,1.532540644438506,0.364,0.089,0,6,YBX3
0,0.4979758013326778,0.991,0.716,0,6,SAT1
0,5.513494826931566,0.281,0.006,0,6,MERTK
0,2.6406730864314363,0.325,0.05,0,6,TUBB6
0,0.8784540509949642,0.485,0.211,0,6,TCOF1
0,2.2711555062973745,0.327,0.053,0,6,PPM1F
0,1.3600170273441567,0.389,0.115,0,6,SFXN3
0,1.3338180279608844,0.384,0.11,0,6,NAAA
0,5.564600798327025,0.281,0.007,0,6,RGL1
0,2.184545130597865,0.332,0.058,0,6,FTLP2
0,0.8468889982947301,0.451,0.178,0,6,FAM50A
0,7.184635496302225,0.275,0.002,0,6,PYGL
0,2.142736708211307,0.332,0.059,0,6,CPQ
0,0.7832530716011026,0.451,0.178,0,6,ATP6V1E1
0,0.5556720515471307,0.503,0.23,0,6,NR1H2
0,2.273367390090989,0.311,0.038,0,6,NCKAP5L
0,0.5691829626145829,0.529,0.256,0,6,CTD-2231E14.8
0,1.05863376839938,0.407,0.134,0,6,ESD
0,2.471592146102594,0.316,0.044,0,6,P2RX7
0,1.322296808623134,0.378,0.106,0,6,FTH1P4
0,1.8557382678846617,0.346,0.074,0,6,STK38L
0,0.6524772820770477,0.556,0.285,0,6,MX1
0,0.8912786425043211,0.453,0.182,0,6,MTMR14
0,0.6622161925177015,0.515,0.244,0,6,PRDX3
0,1.813198599041784,0.348,0.077,0,6,EIF4EBP1
0,0.676402907585996,0.494,0.224,0,6,SOAT1
0,7.471321046441115,0.272,0.002,0,6,CYP2S1
0,3.098810849176523,0.3,0.03,0,6,INSR
0,0.7821931879344467,0.462,0.192,0,6,EIF6
0,6.743266797190991,0.272,0.003,0,6,ST3GAL6
0,0.9181593804888339,0.428,0.159,0,6,FKBP2
0,0.511221988502257,0.551,0.283,0,6,HADHB
0,0.5085376187357414,0.551,0.283,0,6,PFKL
0,2.139847376936277,0.323,0.055,0,6,ZSWIM6
0,1.0350907930732447,0.403,0.135,0,6,SLC39A11
0,0.8610405033260136,0.453,0.185,0,6,FAM96A
0,2.875086151722034,0.295,0.027,0,6,CDH23
0,1.6320563380312492,0.348,0.08,0,6,SLC25A19
0,0.6803200790190618,0.471,0.204,0,6,GNAI3
0,1.3325485934259078,0.373,0.106,0,6,ATP11A
0,0.8325269108143798,0.451,0.184,0,6,CHMP5
0,1.6966931463756634,0.343,0.076,0,6,C20orf27
0,0.632232978988059,0.538,0.271,0,6,CLTC
0,0.509460924535416,0.57,0.303,0,6,BNIP2
0,0.541782194687816,0.51,0.244,0,6,ST8SIA4
0,2.2496641660032095,0.316,0.05,0,6,IDH1
0,1.152908443781183,0.371,0.105,0,6,NUDT3
0,1.4442828948042652,0.373,0.108,0,6,PTPN18
0,0.5076027057178127,0.542,0.277,0,6,SEC11A
0,0.5493369043693266,0.517,0.252,0,6,C14orf2
0,1.4104228631302411,0.355,0.09,0,6,PDLIM5
0,0.9413944387345919,0.439,0.174,0,6,IRAK1
0,0.6819143056588931,0.467,0.202,0,6,FNIP1
0,0.885251842118459,0.494,0.229,0,6,LINC01001
0,4.860507814206623,0.272,0.007,0,6,ETV5
0,2.1780651574139713,0.309,0.045,0,6,PLBD2
0,0.8974608463840663,0.449,0.185,0,6,ARHGAP27
0,1.633038795110517,0.346,0.082,0,6,CBR1
0,0.5457322971077936,0.533,0.27,0,6,RTFDC1
0,0.7863457715765602,0.446,0.183,0,6,ATF6
0,7.992335567040199,0.265,0.002,0,6,CLEC10A
0,2.935032915185348,0.293,0.03,0,6,SBF2
0,0.4859374542051109,0.538,0.275,0,6,PSMB7
0,0.8292562343198755,0.533,0.27,0,6,IQSEC1
0,1.0570707743219319,0.412,0.149,0,6,NAPRT1
0,0.7152582639896297,0.501,0.238,0,6,LMNA
0,0.6808851697624347,0.474,0.211,0,6,TMED9
0,0.4771028848580259,0.556,0.294,0,6,ADAM10
0,0.48448024478347007,0.556,0.294,0,6,FLCN
0,2.2796640024439823,0.307,0.045,0,6,ARHGAP31
0,3.4085760610184783,0.297,0.035,0,6,MLTK
0,0.5400507589429387,0.522,0.26,0,6,HPS1
0,1.5099421144036513,0.348,0.086,0,6,NKIRAS2
0,1.0457741081729663,0.373,0.111,0,6,MAFF
0,0.8289545307648967,0.373,0.111,0,6,TCF4
0,2.291756558595135,0.348,0.086,0,6,AC068580.6
0,1.5831655111782836,0.416,0.154,0,6,FAM157C
0,0.49524419968324573,0.574,0.312,0,6,GLIPR1
0,0.8689819737731066,0.444,0.183,0,6,IFI35
0,0.9682088237853818,0.414,0.153,0,6,NT5C2
0,0.5514491160967487,0.49,0.229,0,6,NDUFB3
0,4.810309692081311,0.272,0.011,0,6,PVRL2
0,0.6064158208638365,0.519,0.258,0,6,DYNLT1
0,0.5829481076068852,0.542,0.281,0,6,ADIPOR1
0,0.5453610030203712,0.581,0.32,0,6,ERO1L
0,0.760183554863289,0.453,0.193,0,6,RALA
0,2.7821480356116144,0.297,0.037,0,6,ACER3
0,0.8407515367857299,0.439,0.179,0,6,MLX
0,0.9278292479517138,0.453,0.193,0,6,TMEM165
0,0.49516824254188896,0.524,0.264,0,6,ARF4
0,5.682418135329408,0.265,0.005,0,6,RASGRP4
0,0.6401519607725822,0.531,0.272,0,6,EIF4G3
0,2.1737020011188517,0.323,0.064,0,6,RNF19B
0,0.9666529367055562,0.435,0.176,0,6,ARHGEF2
0,1.1404785939428688,0.384,0.125,0,6,POR
0,0.57824443702612,0.51,0.251,0,6,CBWD2
0,4.882368552021443,0.265,0.006,0,6,FAM129B
0,1.4864986925472752,0.375,0.116,0,6,RHOB
0,6.492256955264071,0.263,0.004,0,6,CD300LF
0,0.806195577847165,0.499,0.24,0,6,AC138035.2
0,1.1451318809392217,0.396,0.138,0,6,SMS
0,0.47815038533111087,0.51,0.252,0,6,NCKAP1L
0,1.7344589206475387,0.334,0.076,0,6,HSD17B4
0,2.519067640010361,0.302,0.044,0,6,SLC2A6
0,7.264698072814642,0.261,0.003,0,6,WDFY3
0,7.529531888550645,0.261,0.003,0,6,CLEC4E
0,6.028166743195797,0.265,0.007,0,6,CARD9
0,1.5334621030040136,0.348,0.091,0,6,UBE2D1
0,0.8070524616616926,0.435,0.178,0,6,KDELR1
0,1.0460788779503298,0.398,0.141,0,6,MAPKAPK3
0,0.5925913218763941,0.526,0.269,0,6,HDLBP
0,4.3080308088112425,0.27,0.013,0,6,STARD8
0,7.4100554876326346,0.261,0.004,0,6,SLCO2B1
0,0.45992951770327656,0.526,0.269,0,6,MKL1
0,2.9132747933456313,0.286,0.029,0,6,NCEH1
0,0.461921661254692,0.51,0.254,0,6,AKIRIN2
0,0.5901748347839085,0.481,0.225,0,6,CACUL1
0,0.7488162164764496,0.519,0.263,0,6,AMICA1
0,0.540437646884917,0.503,0.247,0,6,ATP5H
0,0.5660677058833278,0.563,0.307,0,6,HSPB1
0,0.9090998957512619,0.414,0.159,0,6,RASSF2
0,1.132549027590419,0.384,0.129,0,6,YIF1B
0,1.515361010586283,0.359,0.104,0,6,LAMP1
0,0.48544039685640217,0.542,0.288,0,6,TRIM38
0,3.0124967312208293,0.281,0.027,0,6,ZNF516
0,2.896079424571554,0.279,0.025,0,6,TLR1
0,1.0346936764092338,0.394,0.14,0,6,GUSBP3
0,1.4324050326259978,0.346,0.093,0,6,ATP6V1C1
0,0.4578029472264471,0.524,0.271,0,6,SDHD
0,0.48148016664003424,0.613,0.36,0,6,SFT2D2
0,0.8570676305112912,0.405,0.152,0,6,RP11-265N6.1
0,0.40502706092290147,0.51,0.258,0,6,USP4
0,3.19887560855402,0.277,0.025,0,6,ARRB1
0,3.188908568678174,0.275,0.023,0,6,TRPM2
0,5.80119165925687,0.256,0.004,0,6,ANKRD22
0,0.8321071786037505,0.426,0.174,0,6,IL10RB
0,1.4567517089559752,0.341,0.089,0,6,C16orf98
0,2.0449515241885985,0.297,0.046,0,6,TRIO
0,2.088348277544426,0.304,0.053,0,6,AVPI1
0,0.8958534611301192,0.396,0.145,0,6,KIAA1033
0,1.4215624915822411,0.366,0.115,0,6,SIDT2
0,1.6250317903475737,0.318,0.068,0,6,DOK1
0,0.7561732757714197,0.437,0.187,0,6,NPTN
0,1.1817220354432427,0.355,0.105,0,6,ARL5B
0,0.6290110362079855,0.453,0.203,0,6,UBE2F
0,6.625837794312861,0.252,0.002,0,6,RN7SL368P
0,2.0181533716592117,0.327,0.077,0,6,CCL3L3
0,0.7421530007680063,0.476,0.226,0,6,BAG6
0,6.0505261340779635,0.254,0.005,0,6,PLAU
0,1.739822631707591,0.323,0.074,0,6,METTL7A
0,1.371360990977424,0.366,0.117,0,6,RP11-161H23.5
0,2.2852931610913463,0.291,0.042,0,6,PTPN12
0,0.6193763154541033,0.469,0.22,0,6,CTNNBL1
0,3.0090875046851875,0.279,0.031,0,6,GNB4
0,0.6900931155215229,0.449,0.201,0,6,RAB11A
0,0.5306781897463367,0.469,0.221,0,6,RSU1
0,1.5223686044296139,0.339,0.092,0,6,IMPDH1
0,0.8435406970342096,0.4,0.153,0,6,PNP
0,0.99595382376946,0.421,0.174,0,6,BLOC1S6
0,0.5979538381143947,0.442,0.195,0,6,RUNX1
0,1.48388981541829,0.323,0.076,0,6,SNN
0,4.488430776339077,0.261,0.015,0,6,FN1
0,1.9611968318783763,0.309,0.063,0,6,NQO2
0,1.3006709504855436,0.357,0.111,0,6,WDFY2
0,1.4283282528903474,0.327,0.081,0,6,HLA-DOA
0,3.2782473441297837,0.265,0.02,0,6,NAV1
0,0.7703187441659084,0.43,0.185,0,6,CNIH4
0,0.8203477427145304,0.426,0.181,0,6,CORO1B
0,2.604886939711234,0.293,0.048,0,6,LINC00936
0,1.4965242667399967,0.336,0.092,0,6,KIF1B
0,2.8363528253311605,0.277,0.033,0,6,VASH1
0,0.8407212581343181,0.403,0.159,0,6,MGST3
0,1.178854901395328,0.364,0.12,0,6,SLC39A1
0,1.134931112460434,0.357,0.113,0,6,TPCN1
0,1.7459040390706715,0.318,0.074,0,6,FTH1P5
0,0.8876208915860125,0.405,0.162,0,6,VKORC1
0,1.4217636722394078,0.339,0.096,0,6,ATOX1
0,2.1660558195096025,0.318,0.075,0,6,APOBEC3B
0,0.6233860872546064,0.501,0.258,0,6,PLEKHM1P
0,3.4813314899298873,0.261,0.019,0,6,TSPAN4
0,4.8145635223339704,0.252,0.01,0,6,PMP22
0,0.5165334002646853,0.741,0.499,0,6,IFI6
0,0.5582004936882949,0.506,0.264,0,6,TOP1
0,0.9459111028530279,0.405,0.164,0,6,MKNK1
0,3.47275199324657,0.261,0.02,0,6,FMN1
0,3.4816198576305006,0.265,0.024,0,6,CTD-2369P2.8
0,1.8322226921102733,0.291,0.05,0,6,GRASP
0,0.847885773383505,0.407,0.166,0,6,IDH3G
0,0.5707854546814113,0.474,0.233,0,6,TYK2
0,0.8559447754559553,0.41,0.169,0,6,AZI2
0,1.2649269332975848,0.343,0.103,0,6,RRAGC
0,1.2459944182471354,0.352,0.112,0,6,ERGIC1
0,1.7800342537118468,0.311,0.071,0,6,RP11-312O7.2
0,0.7226693787723542,0.398,0.159,0,6,NSFL1C
0,0.864352186370366,0.389,0.15,0,6,DAP
0,2.3635049919460274,0.275,0.036,0,6,AGAP3
0,0.8385491990786941,0.394,0.155,0,6,PPP4C
0,1.010655317727239,0.373,0.134,0,6,PGS1
0,2.1289192125733134,0.286,0.047,0,6,APP
0,1.5981027455324996,0.304,0.065,0,6,GK3P
0,1.385504011683476,0.327,0.089,0,6,RRP12
0,2.6328071157258908,0.272,0.034,0,6,ZNF710
0,3.3656426923344513,0.268,0.03,0,6,RP11-848G14.5
0,0.8316688870558321,0.416,0.178,0,6,EIF4E2
0,0.5860328925249285,0.428,0.19,0,6,TAF13
0,0.9624808925928141,0.378,0.14,0,6,C4orf48
0,0.728333542288282,0.407,0.169,0,6,PFDN1
0,3.4467987439300427,0.259,0.022,0,6,B3GNT5
0,0.6272202136851428,0.432,0.195,0,6,TBC1D22A
0,0.5929689002790113,0.412,0.175,0,6,XBP1
0,0.8428819020314944,0.375,0.138,0,6,DNAJB12
0,0.7173649006862379,0.414,0.177,0,6,CHD9
0,0.7651798171003783,0.398,0.162,0,6,CSRP1
0,0.7217141099779263,0.421,0.185,0,6,RPS6KA1
0,1.5324266920246123,0.314,0.078,0,6,BTBD19
0,0.6363406182587769,0.416,0.18,0,6,CTB-50E14.5
0,0.8729938108391859,0.391,0.156,0,6,VRK2
0,2.5544160178154662,0.277,0.042,0,6,ABL2
0,0.8249588773239082,0.405,0.17,0,6,PLK3
0,1.2406914293856537,0.35,0.115,0,6,LPAR6
0,2.452189947774633,0.293,0.058,0,6,CCL3L1
0,0.864577213678034,0.375,0.141,0,6,PNKD
0,1.5446060675301803,0.327,0.093,0,6,RSAD2
0,1.5496486386476716,0.327,0.093,0,6,PDXK
0,1.2349667461908465,0.33,0.096,0,6,CLN8
0,0.6965993102974728,0.426,0.192,0,6,MAP3K1
0,1.520966418554566,0.314,0.08,0,6,NFIC
0,1.1293482347509622,0.346,0.112,0,6,ANTXR2
0,1.7215496264138153,0.297,0.063,0,6,C1orf85
0,0.8031899078431634,0.4,0.167,0,6,RTCB
0,0.7851514775867323,0.389,0.156,0,6,ETV3
0,0.65060382729442,0.423,0.19,0,6,CUL1
0,1.142902653108206,0.355,0.122,0,6,RP11-206L10.5
0,0.5240799913033685,0.446,0.214,0,6,CMTM3
0,0.591013275203061,0.444,0.212,0,6,CMTM7
0,1.9910570883521466,0.286,0.054,0,6,PRKACA
0,1.7029940719875662,0.297,0.065,0,6,CPNE8
0,0.43165930989543105,0.499,0.267,0,6,LPP
0,0.6312037758430076,0.423,0.191,0,6,SGPL1
0,1.988674860562047,0.281,0.05,0,6,SLC12A7
0,2.443462218935587,0.272,0.041,0,6,PLOD1
0,1.1503922161734377,0.375,0.144,0,6,DCTN4
0,0.6948262917362112,0.419,0.188,0,6,ERCC1
0,1.0816970659881615,0.339,0.109,0,6,FAM168A
0,1.2486710436336395,0.325,0.095,0,6,EEA1
0,1.6674379411183524,0.304,0.074,0,6,SLC25A13
0,1.3912788324998944,0.311,0.081,0,6,KLF3
0,0.9092393513650703,0.348,0.118,0,6,TNFRSF10B
0,2.302303909060757,0.275,0.046,0,6,GAS7
0,0.9407974219664584,0.387,0.158,0,6,TTC7A
0,0.9319235538940536,0.368,0.139,0,6,DIP2B
0,1.53744173315897,0.302,0.073,0,6,ABHD12
0,0.7156659838550925,0.416,0.187,0,6,HIVEP3
0,1.482120446712532,0.309,0.08,0,6,MTHFR
0,0.6734869173627666,0.453,0.225,0,6,NFKB1
0,0.484672327524562,0.49,0.262,0,6,JARID2
0,0.8862741108538872,0.364,0.136,0,6,EHD4
0,1.832722982075903,0.286,0.058,0,6,SNX8
0,0.7422354178641271,0.407,0.179,0,6,TXNDC12
0,1.856081434739337,0.297,0.069,0,6,LINC00910
0,1.0733068868972062,0.355,0.127,0,6,FAR1
0,1.348382006481675,0.314,0.087,0,6,PAPSS1
0,0.5942909215851441,0.439,0.212,0,6,MIDN
0,1.231754272870669,0.323,0.096,0,6,OXSR1
0,0.9960747534713216,0.375,0.148,0,6,LINC00963
0,2.540737684220997,0.265,0.038,0,6,ZEB2-AS1
0,1.0177373037036626,0.341,0.115,0,6,STX12
0,1.1440456899749196,0.339,0.113,0,6,FOXO3
0,0.7113980271741402,0.435,0.209,0,6,MGRN1
0,0.4697625175650383,0.455,0.229,0,6,LGALS8
0,0.4773069495720653,0.435,0.209,0,6,VPS26A
0,1.2357478626815748,0.32,0.094,0,6,TRAK1
0,0.9108924995379862,0.355,0.129,0,6,FAM127A
0,0.6913820078027758,0.428,0.202,0,6,ZNF267
0,0.9345053550258473,0.35,0.124,0,6,AP2A1
0,1.1136308011524516,0.336,0.111,0,6,H2AFJ
0,1.2287649025657827,0.32,0.095,0,6,SIL1
0,0.7063196035654631,0.371,0.146,0,6,MED13L
0,2.6682468900573975,0.256,0.031,0,6,CTTNBP2NL
0,0.773830585831659,0.366,0.141,0,6,TOR3A
0,1.2073372861072318,0.297,0.072,0,6,SWAP70
0,1.1118924372980568,0.336,0.112,0,6,DICER1
0,1.2925427527573452,0.325,0.101,0,6,SLC11A2
0,2.313470429502912,0.263,0.039,0,6,BMP2K
0,0.5801769491942673,0.579,0.355,0,6,EGR1
0,1.3992645415174276,0.35,0.126,0,6,YWHAH
0,2.3626336941569877,0.263,0.04,0,6,CPM
0,0.6611915921012514,0.444,0.221,0,6,SIPA1L1
0,0.9183017552492514,0.362,0.139,0,6,MPDU1
0,0.9497387317219702,0.341,0.119,0,6,C3orf58
0,0.5942007485797332,0.449,0.227,0,6,UBE2W
0,1.075784569404881,0.352,0.13,0,6,BCL3
0,1.0076677158956617,0.348,0.126,0,6,LAMTOR3
0,1.9057773520278194,0.277,0.056,0,6,CLCN6
0,2.6087713250728957,0.254,0.033,0,6,PHC2
0,0.7269263741440781,0.373,0.152,0,6,SUPT4H1
0,1.446348020003027,0.302,0.081,0,6,ZNF333
0,1.95981418207954,0.268,0.048,0,6,PITPNA
0,2.7776109808006186,0.254,0.034,0,6,EVI5
0,2.3172910683184735,0.256,0.036,0,6,SPECC1
0,0.9520663252279504,0.382,0.163,0,6,NDRG1
0,0.7316418401190015,0.378,0.159,0,6,DNAJC15
0,1.4797735145809559,0.3,0.082,0,6,REEP4
0,0.9355794400907447,0.339,0.122,0,6,CPEB4
0,1.068728650427123,0.332,0.115,0,6,PSENEN
0,1.1824022974700945,0.316,0.099,0,6,ACSL3
0,1.0032862190159317,0.314,0.097,0,6,TK2
0,0.7697057285777895,0.371,0.154,0,6,UVRAG
0,0.9895866427162529,0.352,0.135,0,6,DAPP1
0,0.5979677092056389,0.412,0.195,0,6,AGPAT6
0,1.312166485487035,0.297,0.08,0,6,GSAP
0,0.6478139745027721,0.465,0.249,0,6,SLX1B
0,1.819927343531891,0.281,0.065,0,6,ASPH
0,0.731639618897102,0.373,0.157,0,6,ELL
0,0.7243224640634287,0.387,0.171,0,6,EAF1
0,0.7728361749913661,0.384,0.168,0,6,TNF
0,0.5188916031534074,0.471,0.255,0,6,PLEKHM1
0,0.6510831629431202,0.403,0.188,0,6,NDUFA12
0,0.5455271239032118,0.405,0.191,0,6,C7orf73
0,0.8484848971836894,0.355,0.141,0,6,APH1A
0,0.5590634001595238,0.428,0.214,0,6,BAZ1A
0,0.6992939088598544,0.387,0.174,0,6,SDHC
0,0.46262884785894076,0.421,0.208,0,6,BTF3L4
0,0.5131862336489907,0.437,0.224,0,6,PML
0,0.7640229284711778,0.366,0.153,0,6,PATL1
0,0.9820582319654789,0.35,0.137,0,6,MTCH2
0,0.9625203334478418,0.332,0.12,0,6,CD81
0,1.9256099807040221,0.259,0.047,0,6,SPG20
0,1.2505697556604127,0.302,0.09,0,6,MAP1S
0,1.5653553119215053,0.284,0.072,0,6,SPNS1
0,1.671765030997894,0.281,0.07,0,6,SLC39A8
0,1.905044745887133,0.268,0.057,0,6,HPSE
0,1.4418166031828914,0.281,0.071,0,6,SUMF1
0,1.9001572708954204,0.259,0.049,0,6,SLCO3A1
0,1.2700119845541082,0.295,0.085,0,6,VAT1
0,1.5333332708044738,0.279,0.07,0,6,PLOD3
0,1.7448355487076135,0.279,0.07,0,6,SSFA2
0,1.426481217305343,0.281,0.072,0,6,DAGLB
0,0.835984306937156,0.364,0.155,0,6,ACSL4
0,0.6071896240774555,0.373,0.164,0,6,MIIP
0,0.5715896683688393,0.382,0.174,0,6,PHKB
0,0.5787396721265321,0.387,0.179,0,6,SPPL2A
0,0.6498678167074784,0.391,0.183,0,6,ARFGAP3
0,0.6605866468105663,0.366,0.158,0,6,CCDC47
0,1.1855338214243476,0.359,0.151,0,6,TAF10
0,0.9739484580118484,0.478,0.27,0,6,KCNQ1OT1
0,1.4478945212030105,0.275,0.068,0,6,RP2
0,0.5238234692759419,0.382,0.175,0,6,HOOK3
0,0.9042815485589627,0.32,0.113,0,6,MAP3K11
0,0.6759652503689996,0.389,0.182,0,6,WWP2
0,1.1952389203267453,0.302,0.095,0,6,F11R
0,0.7122832754065681,0.371,0.164,0,6,FAM157A
0,0.6109683787861384,0.396,0.19,0,6,DTX2
0,0.5469791013654061,0.391,0.185,0,6,NCOA6
0,2.078284924526292,0.252,0.046,0,6,MSRB1
0,0.6901492083082941,0.375,0.169,0,6,ECHS1
0,1.479575394244133,0.286,0.08,0,6,ARID3A
0,1.1026868583013267,0.318,0.113,0,6,IFIH1
0,1.1755265417392093,0.3,0.095,0,6,MICU1
0,0.8953795806277072,0.348,0.143,0,6,CHMP3
0,0.586574993381741,0.373,0.168,0,6,PPP2R4
0,0.5334861743855263,0.412,0.207,0,6,MLXIP
0,0.82988058298629,0.327,0.123,0,6,CHMP2B
0,0.5043452283624613,0.384,0.18,0,6,HIPK3
0,0.7052399863693871,0.35,0.146,0,6,FAM120A
0,0.7011412731691644,0.368,0.164,0,6,LRRC59
0,0.9294925998494492,0.325,0.122,0,6,CASP10
0,0.9344326698181024,0.318,0.115,0,6,DNASE2
0,1.6351463885655764,0.265,0.062,0,6,ACP2
0,0.5301745959171023,0.375,0.172,0,6,UBAP1
0,1.08241196648948,0.336,0.134,0,6,SPAG9
0,0.8468389620768969,0.339,0.137,0,6,WAS
0,1.4601424899905742,0.277,0.075,0,6,RARA
0,1.6656723084262404,0.261,0.06,0,6,PLXNC1
0,1.5635059060777274,0.261,0.06,0,6,OSBPL11
0,0.5734180534049721,0.382,0.181,0,6,HIGD1A
0,1.4566596021929556,0.263,0.063,0,6,CLCN7
0,0.583878097973979,0.382,0.182,0,6,NDUFS2
0,1.9238022210457197,0.265,0.065,0,6,FAM157B
0,0.5291908111808103,0.371,0.171,0,6,MPV17
0,0.7027518742563418,0.359,0.159,0,6,RAB5A
0,1.5738724059045701,0.256,0.057,0,6,PLEKHM2
0,1.7105764557384266,0.261,0.062,0,6,MFSD12
0,1.6492152557977224,0.256,0.057,0,6,RNPEP
0,0.5664787582059059,0.359,0.16,0,6,CLN3
0,0.6016843133288061,0.348,0.149,0,6,CBWD3
0,0.5696303804101407,0.359,0.161,0,6,SNAPIN
0,0.5989248674227325,0.366,0.168,0,6,AP5Z1
0,0.9929663273493446,0.314,0.117,0,6,HPCAL1
0,1.2336846628081055,0.265,0.068,0,6,CAMK1D
0,1.6665164714649012,0.254,0.057,0,6,CTC-518P12.6
0,0.6339516002171903,0.368,0.171,0,6,PDE4A
0,1.1656000019862496,0.295,0.098,0,6,VDR
0,0.9059471021610135,0.33,0.134,0,6,SNX29
0,0.9125253427255344,0.325,0.129,0,6,LRRFIP2
0,1.177177836594944,0.27,0.074,0,6,ITGAV
0,0.6216794359848166,0.33,0.134,0,6,ATP2A2
0,1.432826771415391,0.268,0.072,0,6,RP11-1319K7.1
0,0.8219367694583277,0.293,0.097,0,6,LINC00847
0,0.9844633027805365,0.316,0.121,0,6,PABPC4
0,0.9380418940820496,0.314,0.119,0,6,TXNDC17
0,1.2794629595352842,0.284,0.089,0,6,LIMK1
0,0.7380124704282848,0.362,0.167,0,6,CTDSP1
0,0.766548006563508,0.288,0.093,0,6,REEP3
0,0.718334110235858,0.343,0.149,0,6,ABHD16A
0,1.0915946091165032,0.297,0.103,0,6,ITPK1
0,1.4931505655239228,0.259,0.065,0,6,IER5
0,0.6589067634549512,0.35,0.156,0,6,DDT
0,0.629156174730948,0.357,0.163,0,6,PFDN2
0,1.1094849573567989,0.286,0.092,0,6,PARVB
0,1.780477590770273,0.261,0.068,0,6,DOT1L
0,1.192410659076809,0.277,0.084,0,6,RNF141
0,0.7283475205448676,0.327,0.134,0,6,IFNAR1
0,1.0533312894276117,0.286,0.093,0,6,CD72
0,0.6856751436602048,0.332,0.14,0,6,TOLLIP
0,0.6146790579539747,0.332,0.14,0,6,TMED7
0,1.1297559903007488,0.291,0.099,0,6,FRMD4B
0,0.8169366214266018,0.341,0.15,0,6,NDUFB1
0,0.8090101794903521,0.297,0.106,0,6,NFE2L1
0,0.5678714778661124,0.366,0.175,0,6,NARS
0,0.8755380249528204,0.307,0.116,0,6,AGTPBP1
0,1.8327719913241942,0.252,0.061,0,6,THAP2
0,1.0280211760690836,0.284,0.093,0,6,RP11-403P17.3
0,0.8901962824136206,0.304,0.114,0,6,BAX
0,1.3553715779010016,0.318,0.128,0,6,C20orf194
0,1.0069806178238938,0.293,0.103,0,6,COPS7A
0,1.0750984540347723,0.295,0.105,0,6,INPPL1
0,0.6075627847457736,0.346,0.156,0,6,RAB4B
0,0.8682883226795699,0.318,0.129,0,6,ORMDL2
0,1.1460221787643907,0.275,0.087,0,6,TET3
0,0.8663662132949942,0.378,0.19,0,6,POU2F2
0,1.4365400853713572,0.261,0.073,0,6,NUBP1
0,0.6791582481038009,0.325,0.137,0,6,HGSNAT
0,0.7924954801868549,0.32,0.133,0,6,TMEM14C
0,0.8606591978546415,0.325,0.138,0,6,FABP5P7
0,0.7832988545187871,0.307,0.121,0,6,TMEM147
0,0.5134544439676757,0.293,0.107,0,6,BCL11A
0,1.4074297465056484,0.265,0.079,0,6,AC009951.1
0,0.627422200466276,0.346,0.16,0,6,NDUFV3
0,0.6719034256003386,0.343,0.158,0,6,AP3D1
0,0.7104033774485491,0.323,0.138,0,6,PSMD3
0,1.4438473257263844,0.259,0.074,0,6,MTF1
0,0.9795503019657663,0.284,0.099,0,6,FURIN
0,0.9513042438329724,0.263,0.079,0,6,LIMS3L
0,1.0399257975797784,0.275,0.092,0,6,FBXO6
0,0.5687390524061577,0.327,0.144,0,6,MTIF3
0,0.9587785218242322,0.275,0.092,0,6,HVCN1
0,0.8562515801020048,0.309,0.126,0,6,STX10
0,1.0658688981206847,0.304,0.121,0,6,CSGALNACT2
0,1.1495546508885972,0.272,0.09,0,6,SLC25A24
0,0.8535717962276673,0.334,0.152,0,6,NBN
0,1.2669420127644473,0.252,0.07,0,6,TFE3
0,0.660412310998465,0.355,0.173,0,6,KIAA0368
0,1.4906220242084451,0.252,0.07,0,6,SRGAP2C
0,0.7949266696706762,0.311,0.129,0,6,SPATS2L
0,0.5953118349572024,0.33,0.149,0,6,KIAA0100
0,1.1566425266668294,0.268,0.087,0,6,AGPAT3
0,1.4178481100138511,0.252,0.071,0,6,UBE2R2
0,0.6203375245205611,0.359,0.178,0,6,ZMIZ2
0,0.9398334731019279,0.288,0.107,0,6,GCH1
0,0.8118170334720698,0.3,0.119,0,6,DYNC1LI1
0,0.877994565573031,0.291,0.11,0,6,SAMD8
0,0.8042852816230517,0.327,0.147,0,6,MTSS1
0,0.999195380100362,0.265,0.085,0,6,FAM105A
0,0.6573091607858921,0.32,0.141,0,6,SCNM1
0,0.6296553190742891,0.314,0.135,0,6,GBAS
0,1.0185145403312268,0.279,0.101,0,6,ALAS1
0,1.3134247173622182,0.263,0.085,0,6,MAP2K1
0,1.283491195856664,0.254,0.076,0,6,AMZ2P1
0,1.1204599181418506,0.277,0.1,0,6,MAPK6
0,0.5276338980581867,0.334,0.157,0,6,GRHPR
0,0.9744286307373898,0.268,0.091,0,6,ENTPD6
0,0.7487375855817182,0.318,0.142,0,6,UBXN2B
0,1.2492695465707806,0.261,0.085,0,6,ME2
0,0.672265774648737,0.288,0.112,0,6,SLC50A1
0,0.8304365917852687,0.279,0.104,0,6,TRIM5
0,0.7270473084971514,0.316,0.141,0,6,RNPEPL1
0,0.6830268832473894,0.3,0.125,0,6,PYGB
0,0.6803645443695875,0.318,0.144,0,6,DESI1
0,0.8681846379358721,0.288,0.114,0,6,TMEM131
0,0.6772758347846851,0.302,0.128,0,6,RCC2
0,0.8804446790129671,0.261,0.088,0,6,SMIM14
0,0.7790659310764373,0.286,0.113,0,6,HTATIP2
0,0.8847838463147786,0.277,0.105,0,6,SP1
0,1.2150758004776976,0.263,0.091,0,6,MPHOSPH6
0,0.9359834907523688,0.265,0.093,0,6,HDGF
0,0.7821662642163879,0.3,0.128,0,6,ARL4A
0,0.6893304002417922,0.311,0.139,0,6,SDF2L1
0,0.6226050235172242,0.284,0.113,0,6,ADAM28
0,0.8124274058246866,0.291,0.12,0,6,SNAP29
0,0.5157194240114754,0.304,0.133,0,6,CTBS
0,0.6386592131131227,0.311,0.141,0,6,WDFY1
0,1.0270131285615893,0.268,0.098,0,6,UHRF1BP1L
0,0.728239153993935,0.293,0.123,0,6,DLGAP4
0,0.5053195875889687,0.309,0.139,0,6,SGTA
0,1.040085200600039,0.261,0.092,0,6,VCL
0,0.9588804306339883,0.27,0.101,0,6,UCHL3
0,0.989293874176554,0.256,0.087,0,6,CASP9
0,0.602198281212609,0.325,0.156,0,6,RABGEF1
0,0.9215872508346692,0.27,0.101,0,6,TREX1
0,0.5066686089110125,0.3,0.131,0,6,TBC1D17
0,0.6228747469361207,0.297,0.128,0,6,LLPH
0,0.6738059231084168,0.3,0.131,0,6,RASA4B
0,1.019685760872884,0.259,0.091,0,6,ATP8B4
0,0.8169161064099825,0.275,0.108,0,6,MRPL14
0,1.312925352245379,0.263,0.096,0,6,DNAJC13
0,0.5586059330097415,0.3,0.133,0,6,ATP2C1
0,0.638635638645046,0.288,0.121,0,6,PCYT1A
0,0.8460388871101162,0.27,0.104,0,6,ZFYVE26
0,0.7762866090444788,0.27,0.104,0,6,TRMT1
0,0.6857049362355718,0.281,0.115,0,6,BTF3L4P2
0,0.8536735575734213,0.279,0.113,0,6,TMEM189
0,0.9674685860255805,0.265,0.099,0,6,DUSP23
0,1.153018462032962,0.259,0.093,0,6,USF1
0,0.6677341768800071,0.295,0.129,0,6,PARL
0,0.7389430762208531,0.272,0.107,0,6,PEPD
0,0.7700832442224804,0.291,0.126,0,6,EDEM2
0,0.7301490824915711,0.302,0.137,0,6,VPS8
0,0.7471080825645506,0.286,0.121,0,6,RHEBP1
0,0.8199388607002585,0.268,0.104,0,6,GPR137B
0,0.8811875574488608,0.263,0.099,0,6,TIMM8B
0,1.5702430755107812,0.254,0.09,0,6,RP11-206L10.3
0,0.6061709843711718,0.295,0.131,0,6,SPTLC1
0,1.0334652441498453,0.279,0.116,0,6,MBD2
0,0.7438916098007796,0.256,0.093,0,6,MIR142
0,0.6380045184725454,0.293,0.13,0,6,XPNPEP1
0,0.8776593197085515,0.279,0.117,0,6,IFFO1
0,0.8148567097190246,0.259,0.097,0,6,PRDX4
0,1.1123632474133487,0.259,0.097,0,6,ADPGK-AS1
0,0.8683632216335188,0.263,0.102,0,6,KCNN4
0,0.7992784299469641,0.279,0.118,0,6,TEP1
0,0.507831333795491,0.288,0.127,0,6,CTDSP2
0,0.7109893385257617,0.259,0.099,0,6,HSD17B12
0,0.7206377484331163,0.277,0.118,0,6,PARP12
0,0.6631444012894306,0.277,0.119,0,6,HUS1
0,0.814999069778939,0.259,0.101,0,6,TMEM205
0,0.7303579651457783,0.279,0.122,0,6,SLC23A2
0,0.7455681662353506,0.275,0.118,0,6,ACOX1
0,0.7290928575711549,0.252,0.095,0,6,SH3BP5
0,0.9282741539213419,0.252,0.095,0,6,DENND1B
0,0.7996174486716057,0.263,0.107,0,6,PSMB5
0,0.6384453240458544,0.254,0.099,0,6,FBXL15
0,0.9230240920670186,0.254,0.099,0,6,DUSP22
0,0.7343639118254263,0.275,0.122,0,6,NFKB2
0,0.7655148142476333,0.261,0.108,0,6,SEH1L
0,0.6563200541316068,0.277,0.125,0,6,KHSRP
0,0.8111474434195711,0.259,0.108,0,6,C16orf62
0,0.7072410051831479,0.259,0.109,0,6,MED8
2.220446049250313e-16,0.5513363329592134,0.952,0.572,8.124612094206896e-12,6,GABARAP
2.220446049250313e-16,0.5248271260424355,0.648,0.332,8.124612094206896e-12,6,NME1-NME2
2.220446049250313e-16,0.4352306662707661,0.632,0.332,8.124612094206896e-12,6,NFE2L2
2.220446049250313e-16,0.3991158537223917,0.686,0.399,8.124612094206896e-12,6,NBPF14
2.220446049250313e-16,0.4668492796249297,0.563,0.31,8.124612094206896e-12,6,ZFC3H1
2.220446049250313e-16,0.5297016874329296,0.577,0.349,8.124612094206896e-12,6,TUBA1C
2.220446049250313e-16,0.4700298142954976,0.474,0.247,8.124612094206896e-12,6,TMEM33
2.220446049250313e-16,0.5097178407139076,0.396,0.196,8.124612094206896e-12,6,TBK1
2.220446049250313e-16,0.5283418699389146,0.384,0.185,8.124612094206896e-12,6,NDUFS6
2.220446049250313e-16,0.5660831354068893,0.364,0.176,8.124612094206896e-12,6,USB1
2.220446049250313e-16,0.34951255178023255,0.348,0.16,8.124612094206896e-12,6,AAED1
2.220446049250313e-16,0.5333008180348182,0.348,0.169,8.124612094206896e-12,6,MYO5A
2.220446049250313e-16,0.4690303689652935,0.348,0.17,8.124612094206896e-12,6,SLC39A9
2.220446049250313e-16,0.5686864347360455,0.311,0.14,8.124612094206896e-12,6,MRPL28
2.220446049250313e-16,0.6938620108022879,0.304,0.14,8.124612094206896e-12,6,SLIRP
2.220446049250313e-16,0.7381830673642821,0.272,0.119,8.124612094206896e-12,6,TMEM208
2.220446049250313e-16,0.5987311259721954,0.275,0.123,8.124612094206896e-12,6,KIDINS220
2.220446049250313e-16,0.6286778084116522,0.261,0.113,8.124612094206896e-12,6,GMFB
4.440892098500626e-16,0.4841080183601736,0.691,0.382,1.624922418841379e-11,6,ATP1B3
4.440892098500626e-16,0.5009912113709083,0.59,0.309,1.624922418841379e-11,6,AOAH
4.440892098500626e-16,0.4622040662503967,0.556,0.291,1.624922418841379e-11,6,C1orf43
4.440892098500626e-16,0.4974638699986049,0.487,0.247,1.624922418841379e-11,6,DYNLRB1
4.440892098500626e-16,0.5184247055311468,0.309,0.138,1.624922418841379e-11,6,CUEDC2
4.440892098500626e-16,0.56557000737794,0.3,0.137,1.624922418841379e-11,6,MR1
4.440892098500626e-16,0.6425214360950852,0.295,0.133,1.624922418841379e-11,6,LSM10
4.440892098500626e-16,0.5043856817118249,0.275,0.123,1.624922418841379e-11,6,PNPT1
6.661338147750939e-16,0.43089773108109286,0.632,0.354,2.4373836282620687e-11,6,EIF4G1
6.661338147750939e-16,0.56990862839192,0.54,0.313,2.4373836282620687e-11,6,NUP214
6.661338147750939e-16,0.4441196608968203,0.476,0.253,2.4373836282620687e-11,6,MTDH
6.661338147750939e-16,0.5945953571147314,0.279,0.126,2.4373836282620687e-11,6,UBE2Z
8.881784197001252e-16,0.5276210945972535,0.648,0.34,3.249844837682758e-11,6,COX6B1
8.881784197001252e-16,0.6437336918380228,0.355,0.184,3.249844837682758e-11,6,ITPR2
8.881784197001252e-16,0.5662196028438123,0.268,0.119,3.249844837682758e-11,6,WIPI2
1.1102230246251565e-15,0.4401966607374592,0.62,0.351,4.062306047103448e-11,6,ACAP2
1.1102230246251565e-15,0.500670057009427,0.515,0.264,4.062306047103448e-11,6,NDUFB2
1.1102230246251565e-15,0.6744837334921274,0.371,0.199,4.062306047103448e-11,6,RBMS1
1.1102230246251565e-15,0.651079569197074,0.286,0.13,4.062306047103448e-11,6,NAA20
1.3322676295501878e-15,0.4832211762579376,0.323,0.155,4.8747672565241373e-11,6,AKAP2
1.3322676295501878e-15,0.49701890558312634,0.293,0.133,4.8747672565241373e-11,6,THAP9-AS1
1.3322676295501878e-15,0.6397613484847811,0.265,0.118,4.8747672565241373e-11,6,CLASRP
1.5543122344752192e-15,0.49338200049745695,0.787,0.453,5.687228465944827e-11,6,TPM4
1.5543122344752192e-15,0.4292433395340004,0.352,0.176,5.687228465944827e-11,6,RLIM
1.7763568394002505e-15,0.4276270950686355,0.451,0.231,6.499689675365516e-11,6,HK1
1.9984014443252818e-15,0.5507796190492782,0.435,0.218,7.312150884786206e-11,6,USMG5
1.9984014443252818e-15,0.4550907373152839,0.428,0.215,7.312150884786206e-11,6,FAM32A
2.220446049250313e-15,0.49237686578395046,0.453,0.233,8.124612094206896e-11,6,ACTR1A
2.220446049250313e-15,0.3339252042111737,0.362,0.182,8.124612094206896e-11,6,TAOK1
2.886579864025407e-15,0.4874649507939527,0.407,0.211,1.0561995722468964e-10,6,DEDD
3.1086244689504383e-15,0.5376877487894649,0.4,0.207,1.1374456931889654e-10,6,NFYC
3.3306690738754696e-15,0.5938442865080312,0.314,0.152,1.2186918141310343e-10,6,PISD
3.3306690738754696e-15,0.6955695103494309,0.252,0.11,1.2186918141310343e-10,6,COASY
3.552713678800501e-15,0.37898654660203185,0.59,0.351,1.2999379350731033e-10,6,PPP1R18
3.774758283725532e-15,0.39356535237503465,0.652,0.361,1.3811840560151722e-10,6,TM9SF2
3.9968028886505635e-15,0.44028833283433355,0.394,0.196,1.4624301769572412e-10,6,EFTUD2
4.6629367034256575e-15,0.4277549061174123,0.751,0.456,1.706168539783448e-10,6,PARP14
4.6629367034256575e-15,0.5412425713333805,0.355,0.172,1.706168539783448e-10,6,COX17
5.10702591327572e-15,0.3613456633120294,0.442,0.24,1.868660781667586e-10,6,SPEN
5.3290705182007514e-15,0.3865380470222688,0.446,0.245,1.949906902609655e-10,6,MAP3K2
5.3290705182007514e-15,0.5941261708555922,0.261,0.116,1.949906902609655e-10,6,CALHM2
5.773159728050814e-15,0.4673644601601633,0.799,0.458,2.1123991444937928e-10,6,RNASEK-C17orf49
5.773159728050814e-15,0.3421814363391962,0.714,0.447,2.1123991444937928e-10,6,NBPF1
5.773159728050814e-15,0.6716884791719712,0.293,0.138,2.1123991444937928e-10,6,LSMD1
5.773159728050814e-15,0.7113975721044954,0.288,0.134,2.1123991444937928e-10,6,NME1
5.995204332975845e-15,0.401099365183472,0.737,0.401,2.1936452654358618e-10,6,RBPJ
5.995204332975845e-15,0.41924133318124635,0.432,0.218,2.1936452654358618e-10,6,PSMC3
5.995204332975845e-15,0.4589129456008574,0.396,0.2,2.1936452654358618e-10,6,EMC3
6.439293542825908e-15,0.5732990990699058,0.323,0.157,2.3561375073199997e-10,6,NUP93
7.105427357601002e-15,0.4462647118355214,0.664,0.368,2.5998758701462066e-10,6,MVP
1.021405182655144e-14,0.5132402960818239,0.432,0.222,3.737321563335172e-10,6,OSTC
1.2656542480726785e-14,0.551659711638433,0.366,0.186,4.6310288936979305e-10,6,TFG
1.2878587085651816e-14,0.43178978478115565,0.419,0.221,4.712275014639999e-10,6,IFNAR2
1.3988810110276972e-14,0.5549395500844407,0.275,0.127,5.118505619350344e-10,6,TXNRD1
1.4210854715202004e-14,0.48621110148021895,0.444,0.235,5.199751740292413e-10,6,SNX14
1.4654943925052066e-14,0.3907320514008844,0.362,0.186,5.362243982176551e-10,6,XIAP
1.5765166949677223e-14,0.42776172113169825,0.439,0.235,5.768474586886896e-10,6,EIF2AK2
1.6431300764452317e-14,0.5668020442002859,0.343,0.169,6.012212949713103e-10,6,NDUFB5
1.6653345369377348e-14,0.4540228575742997,0.382,0.188,6.093459070655172e-10,6,YIPF3
1.9095836023552692e-14,0.5749030916465212,0.27,0.125,6.98716640101793e-10,6,PNPLA2
1.9317880628477724e-14,0.2533734282637161,0.648,0.333,7.068412521959999e-10,6,PILRB
2.020605904817785e-14,0.4453133268931426,0.444,0.225,7.393397005728275e-10,6,RPS27L
2.1538326677728037e-14,0.5077961317044377,0.279,0.128,7.880873731380689e-10,6,PQLC3
2.2426505097428162e-14,0.43805555809623653,0.259,0.116,8.205858215148965e-10,6,NME7
2.3092638912203256e-14,0.6683960700215685,0.311,0.155,8.449596577975171e-10,6,SDC4
2.353672812205332e-14,0.5132607338985433,0.398,0.207,8.612088819859309e-10,6,TXNL1
2.398081733190338e-14,0.5423135240706066,0.327,0.161,8.774581061743447e-10,6,NSMAF
2.5757174171303632e-14,0.44375043115754115,0.407,0.204,9.424550029279999e-10,6,SLC25A39
2.9976021664879227e-14,0.4594377549439823,0.753,0.433,1.096822632717931e-9,6,FAM49B
3.175237850427948e-14,0.29432939054390406,0.6,0.334,1.161819529471586e-9,6,RASSF3
3.175237850427948e-14,0.5994178982695471,0.252,0.115,1.161819529471586e-9,6,MRPL24
3.752553823233029e-14,0.5815453698508519,0.364,0.186,1.3730594439209654e-9,6,MAN2C1
3.8413716652030416e-14,0.42669980863956314,0.387,0.194,1.405557892297793e-9,6,RBM42
3.930189507173054e-14,0.41373789094731195,0.522,0.28,1.4380563406746205e-9,6,DNAJC7
4.1744385725905886e-14,0.3541482307775512,0.565,0.316,1.5274270737108964e-9,6,AFF4
4.574118861455645e-14,0.6132247124212424,0.27,0.132,1.6736700914066205e-9,6,HIATL1
4.796163466380676e-14,0.5975044221137542,0.279,0.133,1.7549162123486894e-9,6,CALU
4.8183679268731794e-14,0.39095381293516984,0.366,0.188,1.7630408244428963e-9,6,KIAA0141
5.0182080713057076e-14,0.4051820114993714,0.398,0.207,1.8361623332907584e-9,6,HNRNPH2
5.0182080713057076e-14,0.4266994200587181,0.295,0.139,1.8361623332907584e-9,6,PIGS
5.3290705182007514e-14,0.4644125523010201,0.412,0.209,1.949906902609655e-9,6,FIS1
5.5067062021407764e-14,0.6471209200325087,0.323,0.164,2.01490379936331e-9,6,AC005154.6
6.017408793468348e-14,0.4158907498615043,0.318,0.159,2.2017698775300687e-9,6,RNF122
6.505906924303417e-14,0.4218980963010359,0.558,0.297,2.3805113436026204e-9,6,NDUFS7
7.172040739078511e-14,0.3838899195909292,0.558,0.313,2.6242497064288273e-9,6,MAPRE1
7.260858581048524e-14,0.47307066164694833,0.38,0.196,2.656748154805655e-9,6,SPIDR
7.37188088351104e-14,0.5775005534706822,0.256,0.118,2.6973712152766893e-9,6,G6PD
7.771561172376096e-14,0.4224403625712524,0.577,0.34,2.8436142329724134e-9,6,CBWD6
8.060219158778636e-14,0.3733981222886617,0.318,0.152,2.949234190197103e-9,6,TIMMDC1
8.415490526658687e-14,0.5925434702971435,0.295,0.14,3.0792279837044134e-9,6,C19orf70
8.526512829121202e-14,0.4310970378797794,0.373,0.184,3.119851044175448e-9,6,PHPT1
8.548717289613705e-14,0.279245610134368,0.423,0.22,3.1279756562696548e-9,6,VPS41
8.570921750106208e-14,0.3846830144983266,0.394,0.204,3.1361002683638617e-9,6,TMOD3
9.459100169806334e-14,0.5481579357113344,0.405,0.213,3.4610847521321375e-9,6,ARRDC1
1.056932319443149e-13,0.3823513452435186,0.279,0.132,3.867315356842482e-9,6,BRAT1
1.0746958878371515e-13,0.47050480676879214,0.387,0.196,3.9323122535961375e-9,6,SNHG15
1.1124434706744069e-13,0.46677152468498145,0.355,0.18,4.070430659197655e-9,6,PSMD1
1.127986593019159e-13,0.4701252443031121,0.627,0.356,4.127302943857103e-9,6,AC040977.1
1.170175067954915e-13,0.42506730059862985,0.387,0.2,4.281670573647034e-9,6,GTF2F1
1.2168044349891716e-13,0.6706785164926456,0.291,0.143,4.452287427625379e-9,6,ZFAND2A
1.2234657731369225e-13,0.38736102182238885,0.565,0.316,4.4766612639079995e-9,6,SNX1
1.318944953254686e-13,0.44947908897592104,0.686,0.372,4.826019583958896e-9,6,COX5B
1.354472090042691e-13,0.543476546531154,0.352,0.179,4.956013377466206e-9,6,MRPL18
1.5054624213917123e-13,0.46635128389013425,0.703,0.379,5.508486999872275e-9,6,COX6A1
1.5543122344752192e-13,0.4428292666075281,0.375,0.192,5.687228465944827e-9,6,PPP1R11
1.6231460620019789e-13,0.39176046751354743,0.542,0.282,5.939091440865241e-9,6,ERGIC3
1.6986412276764895e-13,0.3719844538067284,0.364,0.179,6.215328252068275e-9,6,LSM12P1
1.7408297026122455e-13,0.4205890516760099,0.346,0.171,6.369695881858206e-9,6,C7orf50
1.765254609153999e-13,0.44186583144106234,0.49,0.269,6.459066614894482e-9,6,OAS2
1.9051427102567686e-13,0.4800006881717093,0.432,0.225,6.970917176829516e-9,6,ANAPC11
1.9895196601282805e-13,0.2695742067990632,0.458,0.248,7.2796524364093784e-9,6,TRIP12
2.0472512574087887e-13,0.33887451388035983,0.426,0.218,7.490892350858758e-9,6,NEU1
2.1271873151818e-13,0.43955668731925035,0.373,0.192,7.783378386250206e-9,6,GGA1
2.2359891715950653e-13,0.6979227182783792,0.297,0.154,8.181484378866344e-9,6,MEMO1
2.2515322939398175e-13,0.34380853839894865,0.533,0.321,8.238356663525792e-9,6,TACC1
2.3425705819590803e-13,0.4453790537149324,0.416,0.214,8.571465759388275e-9,6,TMEM179B
2.4558133304708463e-13,0.4178528650516018,0.54,0.303,8.985820976192826e-9,6,SLX1A
2.495781359357352e-13,0.41353685564672354,0.339,0.176,9.13206399388855e-9,6,FAM21C
2.6556534749033744e-13,0.4320466042325153,0.579,0.315,9.717036064671447e-9,6,NDUFA1
2.673417043297377e-13,0.38833145659649604,0.46,0.254,9.782032961425102e-9,6,PDIA4
2.786659791809143e-13,0.6183019778957121,0.279,0.137,1.0196388178229654e-8,6,COMMD10
2.970956813896919e-13,0.4593356250521696,0.657,0.359,1.0870730982048826e-8,6,PSMB3
2.97761815204467e-13,0.4414556591250098,0.368,0.195,1.0895104818331447e-8,6,UBE2J1
3.2529534621517087e-13,0.35808476666622224,0.394,0.197,1.1902556718013102e-8,6,FAM195B
3.368416656712725e-13,0.5500915279212801,0.272,0.13,1.232503654691186e-8,6,COMMD7
3.377298440909726e-13,0.46110754344520527,0.467,0.25,1.2357534995288688e-8,6,ATP5J
3.5083047578154947e-13,0.48290451732877143,0.391,0.207,1.2836887108846895e-8,6,MBOAT1
3.5837999234900053e-13,0.37264342496354846,0.485,0.259,1.311312392004993e-8,6,PSMD7
4.2432724001173483e-13,0.48138409126327986,0.872,0.562,1.5526133712029377e-8,6,HLA-DPB1
4.509725926027386e-13,0.4410668672620136,0.309,0.155,1.6501087163334205e-8,6,ECHDC1
4.5208281562736374e-13,0.3932379144233942,0.577,0.338,1.654171022380524e-8,6,OSTF1
4.640732242933154e-13,0.5556731615901059,0.272,0.13,1.6980439276892412e-8,6,TIMM13
4.671818487622659e-13,0.4717392858463745,0.403,0.216,1.7094183846211308e-8,6,DCTN1
4.702904732312163e-13,0.4355330014492963,0.366,0.187,1.7207928415530205e-8,6,PRELID1P1
4.711786516509164e-13,0.5180017510305374,0.316,0.156,1.7240426863907032e-8,6,HSD17B10
4.873879078104437e-13,0.44600368107471844,0.531,0.286,1.7833523546784136e-8,6,C11orf31
5.053735208093713e-13,0.4391613008149713,0.336,0.169,1.8491617126414894e-8,6,GLRX3
5.082601006733967e-13,0.45053839571898624,0.27,0.133,1.8597237083639584e-8,6,YIPF1
5.124789481669723e-13,0.2834760370525843,0.565,0.338,1.8751604713429515e-8,6,DDX21
5.238032230181489e-13,0.3965394982842706,0.551,0.296,1.9165959930234067e-8,6,PRNP
5.364597654988756e-13,0.3288775696461065,0.62,0.366,1.962906281960386e-8,6,NBPF16
5.557776461273534e-13,0.4001121354599153,0.666,0.373,2.033590407179986e-8,6,M6PR
5.644373857194296e-13,0.6332578850422358,0.252,0.119,2.065276394347393e-8,6,MRPS18C
6.574740751830177e-13,0.42626288529595086,0.412,0.211,2.4056976410946618e-8,6,NDUFB7
6.759037773917953e-13,0.5711435210588864,0.277,0.134,2.473131921476579e-8,6,ATP6V1H
6.801226248853709e-13,0.32301747219466637,0.378,0.189,2.488568684455572e-8,6,APEX1
7.085443343157749e-13,0.5254919797351825,0.332,0.17,2.5925637192614204e-8,6,CAMTA1
7.327471962526033e-13,0.44870108488082205,0.364,0.189,2.6811219910882755e-8,6,HYPK
7.542855229303314e-13,0.36520924439757263,0.412,0.231,2.7599307284020824e-8,6,RDH11
7.716050021144838e-13,0.4260669382470271,0.588,0.316,2.8233027027368962e-8,6,SEC61B
7.955858194463872e-13,0.4063177499811216,0.291,0.141,2.9110485133543307e-8,6,COA4
8.317790900491673e-13,0.4135969244856159,0.259,0.123,3.043479690489903e-8,6,NSUN4
8.471001677889944e-13,0.5956390100462738,0.261,0.125,3.0995395139399307e-8,6,TMUB2
1.0373923942097463e-12,0.4222410791642124,0.549,0.307,3.7958187704134616e-8,6,CORO7
1.0609291223317996e-12,0.42079502244643585,0.547,0.303,3.881939658612055e-8,6,ATP5F1
1.1004530620084552e-12,0.4456887776013039,0.611,0.347,4.0265577538889374e-8,6,CTSC
1.1042278202921807e-12,0.43899021234572866,0.439,0.231,4.040369594449089e-8,6,SEC61G
1.170175067954915e-12,0.48615748108913437,0.286,0.143,4.281670573647034e-8,6,VMA21
1.2672085603071537e-12,0.3510658298418322,0.398,0.206,4.636716122163875e-8,6,NELFE
1.2752021660844548e-12,0.4476255507841132,0.382,0.204,4.66596472570302e-8,6,MTCH1
1.5161205624281138e-12,0.4209944842135318,0.597,0.323,5.547485137924468e-8,6,PRDX5
1.5343282200319663e-12,0.3670750953395927,0.469,0.247,5.614106957096965e-8,6,NDUFB9
1.6264767310758543e-12,0.3865451657591352,0.712,0.421,5.951278359006551e-8,6,GDI2
1.8338663920758336e-12,0.5314881471467425,0.284,0.138,6.710117128605475e-8,6,ALKBH7
1.9744206269933784e-12,0.3639906924582639,0.343,0.184,7.224405074168772e-8,6,GPATCH2L
2.048583525038339e-12,0.46130444428101314,0.281,0.145,7.495767118115282e-8,6,ZBTB43
2.1118662374419728e-12,0.5422940634856234,0.3,0.156,7.727318562800178e-8,6,VPS37A
2.113642594281373e-12,0.45675618347895086,0.794,0.449,7.733818252475544e-8,6,SYNGR2
2.185363001672158e-12,0.3225194568185821,0.503,0.281,7.996243223118427e-8,6,ARHGAP1
2.4729107650500737e-12,0.4296509979432608,0.76,0.412,9.04838048931822e-8,6,ATP6V0E1
2.4733548542599237e-12,0.4959095463930714,0.693,0.408,9.050005411737061e-8,6,ISG15
2.5199842212941803e-12,0.3258979136437331,0.613,0.358,9.220622265715406e-8,6,ETF1
2.759126260798439e-12,0.40971608545349036,0.309,0.155,1.0095642988261488e-7,6,PPA2
2.9116709043819355e-12,0.5571039354736123,0.286,0.148,1.0653803839133502e-7,6,CAMTA2
2.9183322425296865e-12,0.3746008601097254,0.437,0.244,1.0678177675416123e-7,6,AAMP
3.0311309018316024e-12,0.41981781055119627,0.384,0.203,1.1090907969801833e-7,6,TCEB1
3.128164394183841e-12,0.5481986653743072,0.261,0.129,1.1445953518318674e-7,6,ANKFY1
3.268940673706311e-12,0.39941588226247204,0.325,0.163,1.1961053925091392e-7,6,TRAPPC3
3.4234837187341327e-12,0.2861800488967572,0.423,0.234,1.2526526926848192e-7,6,FKBP1C
3.489875055606717e-12,0.3665085231052928,0.348,0.183,1.2769452828464978e-7,6,PNPLA8
3.963940287121659e-12,0.3181972435833478,0.487,0.273,1.450405751057815e-7,6,NMT1
3.9965808440456385e-12,0.36817877600339444,0.3,0.152,1.4623489308362991e-07,6,SCYL2
4.045430657129145e-12,0.44434175960178934,0.625,0.349,1.4802230774435543e-7,6,UBL5
4.177103107849689e-12,0.39101560900072396,0.389,0.202,1.5284020271622012e-7,6,C18orf32
4.275024778621628e-12,0.5538137339298287,0.254,0.124,1.5642315664976536e-7,6,GNL2
4.2938985700402554e-12,0.25892555280743346,0.581,0.329,1.5711374867777295e-7,6,STT3A
4.295896971484581e-12,0.4308532057062948,0.449,0.24,1.571868701866208e-7,6,ATP5I
4.311218049224408e-12,0.38888644110221865,0.357,0.186,1.5774746842112108e-7,6,WDR45B
4.36117808533254e-12,0.31772369669070866,0.467,0.26,1.5957550614231764e-7,6,RNF114
4.57256454922117e-12,0.39476111682656734,0.565,0.319,1.673101368560026e-7,6,DNAJB11
5.076383757796066e-12,0.40183983170424087,0.394,0.211,1.8574488169775805e-7,6,RAB2A
5.53468382236133e-12,0.2621134442557286,0.6,0.338,2.0251408106020108e-7,6,DNAJC3
5.6847859752906515e-12,0.41638292088101925,0.286,0.145,2.0800631883588494e-7,6,SLFN11
5.832223592960872e-12,0.336262933389915,0.606,0.343,2.1340106126643832e-7,6,PARP9
5.898614929833457e-12,0.38467291535983233,0.478,0.266,2.1583032028260618e-7,6,GABARAPL1
5.9610094638173905e-12,0.45774195064628054,0.691,0.379,2.1811333628107832e-7,6,COX8A
5.990319351667495e-12,0.3300871885948111,0.304,0.153,2.1918578507751363e-7,6,GLTP
6.111999795166412e-12,0.379915509012713,0.449,0.239,2.23638072505139e-7,6,LAMTOR5
6.326716928128917e-12,0.33681346403592316,0.309,0.154,2.3149457240023708e-7,6,ASNA1
6.403988450642828e-12,0.3057706826193407,0.636,0.37,2.3432193740902107e-7,6,EIF1B
6.460609824898711e-12,0.4669081764718574,0.346,0.179,2.3639371349304383e-7,6,GTF3C6
6.48836540051434e-12,0.4610034547129688,0.469,0.279,2.374092900048197e-7,6,PABPN1
6.80921985463101e-12,0.353875835663724,0.398,0.218,2.4914935448094866e-7,6,PLEKHG2
6.88071821741687e-12,0.4660681012639639,0.3,0.151,2.517654795752833e-7,6,THOC7
6.952882714017505e-12,0.5817699238754026,0.286,0.144,2.544059785059005e-7,6,AREG
7.146949698721983e-12,0.26457271956334477,0.584,0.344,2.6150688947623735e-7,6,RAPGEF1
7.316147687674857e-12,0.3709163053344544,0.403,0.232,2.67697843892023e-7,6,FOXN2
7.443157201691974e-12,0.401360835955175,0.778,0.467,2.7234512200990935e-7,6,TNFRSF1B
7.496225862269057e-12,0.41899709463280255,0.38,0.211,2.742869043004248e-7,6,AP3B1
7.73203723269944e-12,0.5559176129611553,0.254,0.124,2.829152423444725e-7,6,TMEM70
7.765788012648045e-12,0.3630160790043148,0.437,0.236,2.8415018338279197e-7,6,SEC13
7.970291093783999e-12,0.3868005539359989,0.332,0.179,2.916329511215565e-7,6,DPH1
8.075984325728314e-12,0.4508166055070608,0.309,0.161,2.95500266478399e-7,6,ELK3
8.144818153255073e-12,0.4801470384876997,0.288,0.148,2.9801889622760314e-7,6,TM9SF4
8.457901046199368e-12,0.5434886922200006,0.279,0.143,3.0947459928043486e-7,6,MTMR3
9.26081433760828e-12,0.3587578653639003,0.737,0.429,3.38853196613087e-7,6,CANX
9.370060283231396e-12,0.5141578242706475,0.27,0.133,3.428505057634368e-7,6,MRPL55
9.382938870317048e-12,0.37303614640401106,0.691,0.414,3.433217332649008e-7,6,TMBIM4
1.0140999151531105e-11,0.47226581987180677,0.403,0.22,3.7105915895452313e-7,6,PET100
1.024935691873452e-11,0.46696566804230066,0.771,0.443,3.750239696564961e-7,6,PRDX1
1.0261569372005397e-11,0.5305145254270169,0.268,0.136,3.7547082332167747e-7,6,SEC63
1.035882490896256e-11,0.35589274632377726,0.382,0.205,3.790294034189401e-7,6,SNX20
1.1144196676582396e-11,0.3569563463272078,0.35,0.188,4.077661563961499e-7,6,TRPS1
1.1259659871143413e-11,0.4160153051501707,0.364,0.192,4.1199095468513747e-7,6,AC016734.2
1.1964207402570537e-11,0.31585887465311935,0.366,0.196,4.3777034886005595e-7,6,CAMK2D
1.1993295245815716e-11,0.37114603550127845,0.327,0.17,4.3883467304439705e-7,6,CCDC109B
1.3448353541889446e-11,0.34870924510401075,0.336,0.179,4.920752560977348e-7,6,ELF2
1.404343308308853e-11,0.39413113675655415,0.348,0.179,5.138492165102093e-7,6,ROMO1
1.4062973008321933e-11,0.31380347233650846,0.352,0.19,5.145641823744995e-7,6,SHOC2
1.4370726830748026e-11,0.4571832206885729,0.293,0.148,5.258248947370703e-7,6,MRPL3
1.4482637311630242e-11,0.279515723548266,0.432,0.23,5.299196992325506e-7,6,KXD1
1.5119683283160157e-11,0.3757796166753049,0.368,0.192,5.532292113308301e-7,6,GPR108
1.520272796540212e-11,0.326995310544797,0.59,0.329,5.562678162540635e-7,6,RAD23A
1.536171190252844e-11,0.3298187133329793,0.503,0.278,5.620850385135157e-7,6,OXA1L
1.5965229138714676e-11,0.4509147313845651,0.348,0.184,5.8416773418557e-7,6,NDUFA2
1.6112222667175047e-11,0.365392487946672,0.478,0.26,5.89546227391935e-7,6,NDUFB4
1.6305845562669674e-11,0.29338704623022044,0.474,0.267,5.966308891380834e-7,6,YTHDF3
1.6315171436076525e-11,0.31328704147100384,0.288,0.144,5.969721228460401e-7,6,SGSH
1.8099077792044227e-11,0.4919092821485034,0.275,0.142,6.622452564108983e-7,6,COL4A3BP
1.8487877895267957e-11,0.4166391657542371,0.398,0.218,6.764714521878545e-7,6,DECR1
1.9708012999331004e-11,0.4353169402733137,0.265,0.129,7.211161956455214e-7,6,C6orf1
2.0280443990827735e-11,0.5121047038557106,0.291,0.154,7.420614456243868e-7,6,PHACTR4
2.074185267986195e-11,0.3707088617508193,0.51,0.277,7.589443895561487e-7,6,UQCR10
2.1382895454280515e-11,0.41616484103890505,0.272,0.136,7.82400144672124e-7,6,BCKDHA
2.2181367853590928e-11,0.550598051535043,0.272,0.14,8.11616249762892e-7,6,TSPAN3
2.376054908381775e-11,0.3620045666867589,0.32,0.17,8.693984909768915e-7,6,GLUD1
2.5123458868847592e-11,0.3004812370782265,0.368,0.2,9.192673600111334e-7,6,FKBP8
2.5209168086348654e-11,0.2835535842888605,0.556,0.333,9.224034602794973e-7,6,TSC22D2
2.589484182635715e-11,0.3856174251835719,0.318,0.162,9.474922624264082e-7,6,MRPS24
2.5934143721428882e-11,0.48420718793135586,0.275,0.138,9.489303187670828e-7,6,SPAG7
2.6225910332300373e-11,0.3804737180706215,0.526,0.294,9.596060590588706e-7,6,RBX1
2.644817698183033e-11,0.37915597821652103,0.366,0.195,9.677387957651717e-7,6,VTI1B
2.6455948543002705e-11,0.6367674894711765,0.263,0.137,9.68023157188469e-7,6,USF2
2.6494806348864586e-11,0.3869959890204271,0.611,0.346,9.694449643049552e-7,6,POLD4
2.66058286513271e-11,0.40389882101091135,0.35,0.189,9.735072703520586e-7,6,PSMD14
2.8123281481384765e-11,0.3753107973937355,0.6,0.336,1.0290308694038686e-6,6,PSMB6
2.812350352598969e-11,0.3942521150932028,0.705,0.392,1.0290389940159628e-6,6,P4HB
2.841349378002178e-11,0.4713368993080699,0.256,0.131,1.039649737410997e-6,6,AGO1
2.8523849948669522e-11,0.37119374528986154,0.362,0.191,1.0436876696218178e-6,6,PSMC4
2.9775959475841773e-11,0.3832428038418151,0.435,0.239,1.0895023572210505e-6,6,ZNHIT1
2.979350099963085e-11,0.3729242162931626,0.355,0.187,1.0901442015764928e-6,6,RPS19BP1
3.0490499014490524e-11,0.29870250785387664,0.252,0.122,1.1156473589402083e-6,6,PLCG2
3.214184474131798e-11,0.38114740549501946,0.556,0.318,1.176070099084825e-6,6,EIF4A3
3.231659384539398e-11,0.5602441621353645,0.265,0.135,1.1824641688029658e-6,6,SETD5-AS1
3.2584601683538494e-11,0.36829287635108676,0.508,0.28,1.1922705756006735e-6,6,CKLF
3.287747851743461e-11,0.4600012503923391,0.35,0.192,1.2029869389529324e-6,6,TTLL3
3.3536062815642254e-11,0.46062747213333183,0.318,0.167,1.22708453842435e-6,6,FIBP
3.473266119158325e-11,0.3871595406590767,0.462,0.27,1.270868073000031e-6,6,SH3GLB1
3.7791325624425554e-11,0.47005924934029575,0.268,0.138,1.382784604597731e-6,6,WSB2
4.00901534192144e-11,0.25636461441080804,0.643,0.408,1.466898713609055e-6,6,KMT2C
4.06046307688257e-11,0.35284585944782104,0.405,0.224,1.4857234398313324e-6,6,CNP
4.115063845233635e-11,0.30369962107467496,0.316,0.162,1.5057018609709871e-6,6,FKBP4
4.153055677136308e-11,0.4748050684260895,0.362,0.21,1.5196030722641751e-6,6,SULT1A3
4.3753667355872494e-11,0.35858860189518227,0.371,0.202,1.6009466885513746e-6,6,TBCA
4.3901104973542715e-11,0.32209118840764817,0.435,0.245,1.606341430981928e-6,6,NUTF2
5.302958072661568e-11,0.36185050457259615,0.343,0.185,1.9403523587868676e-6,6,RAB18
5.6031845829807025e-11,0.3210415270427833,0.357,0.193,2.050205238912639e-6,6,COX20
5.7703619660287586e-11,0.3112884485103645,0.348,0.186,2.1113754433699228e-6,6,RAP1A
5.8133498015422447e-11,0.27513171843913364,0.558,0.323,2.1271046923843073e-6,6,UBAP2L
6.268563446099051e-11,0.3287021456258151,0.295,0.157,2.293667364927643e-6,6,FGD5-AS1
6.386824402682123e-11,0.42254493355899636,0.275,0.139,2.336939048941389e-6,6,HPRT1
6.415756814703855e-11,0.4698802985884503,0.254,0.126,2.3475254185001404e-6,6,JKAMP
6.451306155952352e-11,0.3908382929539639,0.572,0.333,2.3605329224629656e-6,6,MTND1P23
6.464651036708347e-11,0.4281086753801754,0.449,0.253,2.365415814331584e-6,6,PPA1
6.933631446770505e-11,0.3775206969020025,0.297,0.152,2.537015746373328e-6,6,MPC1
7.276979019366081e-11,0.3518228432715227,0.382,0.209,2.662646623186049e-6,6,NDUFB6
7.418932135294654e-11,0.40905687507820165,0.265,0.135,2.7145872683043137e-6,6,ATF7
7.541389734910808e-11,0.4793605555351183,0.444,0.272,2.7593945040038648e-6,6,MIS18BP1
7.629985532275896e-11,0.2880900603228323,0.414,0.227,2.7918117062597503e-6,6,TGIF1
8.531664263955463e-11,0.4209493932088213,0.941,0.62,3.121735954181304e-6,6,VMP1
8.648504135067014e-11,0.35825390327077833,0.606,0.365,3.1644876630210206e-6,6,CS
8.971245968325547e-11,0.3601079678524135,0.275,0.145,3.282578899810318e-6,6,KPNA4
9.464140582338132e-11,0.3869408375655479,0.43,0.247,3.4629290390775225e-6,6,SEC14L1
1.0446132847619083e-10,0.3399202772552775,0.318,0.176,3.8222400089438224e-6,6,HIPK2
1.0740031086697854e-10,0.31662354521951713,0.449,0.258,3.929777374622745e-6,6,PTPN2
1.1112533115920087e-10,0.3472777419875389,0.572,0.325,4.06607586711516e-6,6,VDAC2
1.1171308322843743e-10,0.3538762960401232,0.416,0.231,4.0875817153285254e-6,6,ZFAND6
1.1420331347267165e-10,0.3351425121376399,0.54,0.305,4.178699239965056e-6,6,ADRM1
1.1834400126531364e-10,0.36467580693797585,0.268,0.138,4.330207006297826e-6,6,HDAC5
1.2433010176948756e-10,0.3590037013718373,0.604,0.35,4.54923842374555e-6,6,TPI1P1
1.283311235056317e-10,0.40568761336227394,0.286,0.148,4.695635809071064e-6,6,LSM6
1.294782059346744e-10,0.27932251717259116,0.332,0.183,4.7376075551497365e-6,6,ATAD2B
1.3404966026087095e-10,0.34131601795704336,0.281,0.145,4.904877068945268e-6,6,NRBF2
1.4004331028161232e-10,0.4532438604533984,0.968,0.67,5.124184723204195e-6,6,VIM
1.4102408130156618e-10,0.4038754285791887,0.355,0.199,5.160071134824307e-6,6,COPB2
1.4206880116773846e-10,0.5430449528826603,0.259,0.135,5.19829743472755e-6,6,TRAPPC11
1.46726186756041e-10,0.3682150773958358,0.556,0.315,5.36871117340354e-6,6,NEDD8
1.4849921292636736e-10,0.5731242158358374,0.263,0.14,5.433586200975782e-6,6,SCLT1
1.4998913222541432e-10,0.34665240784529333,0.341,0.188,5.48810234812791e-6,6,HYOU1
1.5513368367692237e-10,0.31217395756248256,0.277,0.147,5.67634148573859e-6,6,IPO7
1.6327139640281985e-10,0.3666695062578388,0.398,0.223,5.974100394379178e-6,6,ETFA
1.6734635899240402e-10,0.29595667711067253,0.686,0.417,6.123203275532063e-6,6,VAPA
1.789906001192776e-10,0.4322323765578615,0.261,0.131,6.549266058364367e-6,6,GDI2P2
1.811479855007292e-10,0.31828353518474195,0.471,0.265,6.628204789471681e-6,6,RNF7
1.9528045847039266e-10,0.5511977655692689,0.254,0.131,7.145311975431667e-6,6,DPM1
2.2291413159791773e-10,0.2526528133043679,0.513,0.305,8.15642807516781e-6,6,GDI1
2.2751844852564318e-10,0.35042123774721184,0.302,0.16,8.324900031553284e-6,6,TIMM17A
2.4010549104502843e-10,0.4458312221538864,0.277,0.145,8.78545991733759e-6,6,RP11-631M6.2
2.5036617223861413e-10,0.28266678647085153,0.487,0.279,9.160898242210891e-6,6,PIAS1
2.633888662728623e-10,0.42276600658846325,0.286,0.151,9.637398616924031e-6,6,CYB561D2
3.1562885638436455e-10,0.3810303774432441,0.327,0.179,1.1548859855103899e-5,6,ACTR10
3.287816685570988e-10,0.3557649828172019,0.506,0.287,1.2030121252504244e-5,6,PSMD4
3.312612406602966e-10,0.38005662657330463,0.334,0.185,1.2120848795760253e-5,6,SLC38A10
3.3520741737902426e-10,0.3832002327692977,0.307,0.164,1.2265239401898498e-5,6,MAGOH
3.36698002811886e-10,0.44423400186649514,0.318,0.172,1.2319779922886909e-5,6,TXN2
3.4357228173576004e-10,0.35162012418355665,0.421,0.239,1.257130978871146e-5,6,UBE2A
3.679174742643454e-10,0.33969481499549237,0.652,0.373,1.3462100383332398e-5,6,CSNK2B
3.8051073403266855e-10,0.4145940012491636,0.254,0.133,1.3922887758255342e-5,6,GET4
3.805262771550133e-10,0.3586134218375552,0.593,0.338,1.3923456481101937e-5,6,ARF5
3.9436476306775603e-10,0.260196777008992,0.371,0.209,1.4429806680649193e-5,6,SHC1
3.956932559390225e-10,0.27168490365292064,0.606,0.365,1.4478416234808833e-5,6,CBWD5
3.971374340494549e-10,0.3107418474745063,0.581,0.335,1.4531258711869555e-5,6,WBP2
4.228890571056354e-10,0.3499202959616415,0.316,0.178,1.54735105994952e-5,6,REV3L
4.238185358218516e-10,0.3014157466027795,0.535,0.326,1.550752022572155e-5,6,MYO1G
4.2381920195566636e-10,0.32090828873335414,0.297,0.157,1.5507544599557832e-5,6,SLC35A4
4.2888426143861125e-10,0.3044215760469956,0.309,0.164,1.5692875126038786e-5,6,SLC25A11
4.4376302632542775e-10,0.3749812935746978,0.455,0.258,1.62372891332474e-5,6,SNRPG
4.49209114350424e-10,0.2994820317284221,0.517,0.324,1.6436561494082014e-5,6,ZNFX1
4.849942669693519e-10,0.3370202178773163,0.391,0.212,1.7745940228408585e-5,6,ACP5
5.224898291800173e-10,0.3292323780183255,0.428,0.239,1.9117902849696833e-5,6,PCMT1
5.327220886641726e-10,0.28192077685785505,0.414,0.232,1.9492301224222075e-5,6,HSF1
5.396854074746216e-10,0.42212490444462414,0.281,0.15,1.9747089059496403e-5,6,SLC35F5
5.961495741502176e-10,0.30703009262893133,0.602,0.371,2.1813112918156463e-5,6,COPA
6.03141314670097e-10,0.3594563809978346,0.346,0.188,2.206894070377885e-5,6,GPAA1
6.167062416295721e-10,0.3611868130145689,0.492,0.287,2.2565281381226043e-5,6,WDR83OS
6.215630232730973e-10,0.3568615837135345,0.558,0.319,2.274299102156263e-5,6,UQCRH
6.327420809526529e-10,0.31428057628658557,0.506,0.323,2.315203274205757e-5,6,UBR4
6.497402615934789e-10,0.35086547063937923,0.378,0.211,2.377399617170539e-5,6,PSMG2
6.605973545958932e-10,0.2565517350826575,0.256,0.131,2.4171257204663732e-5,6,GAB3
6.896583304438764e-10,0.3400295733494649,0.33,0.18,2.5234598310941436e-5,6,ACO2
7.618479180848681e-10,0.49125701951499195,0.265,0.141,2.7876015322725323e-5,6,TOR1A
7.70010943895727e-10,0.31463849971947133,0.451,0.264,2.817470043714465e-5,6,ENTPD1
7.767160248306482e-10,0.35813979710188715,0.668,0.382,2.8420039348553416e-5,6,BRK1
7.776561616879007e-10,0.35565955518296827,0.263,0.136,2.845443895616029e-5,6,HMG20B
8.002205564849874e-10,0.2951133768536859,0.252,0.131,2.9280070161785687e-5,6,WDR11
9.113247934067203e-10,0.3270177403985425,0.485,0.295,3.33453741907519e-5,6,PRPF40A
9.418794633120342e-10,0.2823694946214763,0.684,0.435,3.446336956258733e-5,6,TLE3
9.445180193523584e-10,0.2741368012883766,0.286,0.151,3.455991432810279e-5,6,COX16
1.0067393585444506e-9,0.3379934039106631,0.318,0.172,3.683659312914145e-5,6,CISD2
1.0321488108644417e-9,0.2769071549547679,0.307,0.167,3.776632498952992e-5,6,MAGT1
1.1266816368760146e-9,0.2956103433235985,0.302,0.162,4.1225281093293376e-5,6,PHKG2
1.2854024511455009e-9,0.28641453088120494,0.336,0.192,4.703287568741388e-5,6,DDX58
1.3298500078917641e-9,0.27805459819295764,0.355,0.205,4.865921178875965e-5,6,KPNA1
1.553453587987974e-9,0.3101409924367222,0.38,0.212,5.684086678447997e-5,6,MRPL20
1.6730123952868325e-9,0.3278337060257791,0.254,0.131,6.12155235435452e-5,6,SHARPIN
1.6895369547853534e-9,0.26512768218398136,0.387,0.216,6.182015717559608e-5,6,RABGGTB
1.7608818847492103e-9,0.2935275503692375,0.332,0.191,6.44306681629736e-5,6,FAM204A
1.7901164994782448e-9,0.27633244410797725,0.281,0.146,6.550036271590898e-5,6,YIF1A
1.8194166173657322e-9,0.2546085762394925,0.416,0.242,6.657245402941214e-5,6,SAMD9L
1.8667865031574138e-9,0.3131718863532662,0.265,0.141,6.830571815052977e-5,6,IKBKG
1.8788781641632113e-9,0.40896571378982766,0.336,0.195,6.87481520267319e-5,6,EYA3
2.101292251310838e-9,0.25322832896785424,0.46,0.258,7.688628347546356e-5,6,TMEM109
2.3363058154757255e-9,0.283126567999333,0.35,0.195,8.54854297882568e-5,6,BLOC1S2
2.363238715830107e-9,0.2999400569646866,0.542,0.309,8.647090461222362e-5,6,ATP5O
2.3851818298226135e-9,0.2889743818279703,0.371,0.211,8.727380315320943e-5,6,GARS
2.4172084334139754e-9,0.3349073536291868,0.43,0.262,8.844565657861736e-5,6,ZCCHC6
2.4834438949739024e-9,0.3914772583245302,0.272,0.147,9.086921211709509e-5,6,ARFGAP1
2.49362441806511e-9,0.35108579079762214,0.508,0.305,9.124171745700238e-5,6,CALCOCO2
2.505172735922656e-9,0.26777614211683454,0.394,0.229,9.166427040740999e-5,6,AP3S1
2.5905397826875287e-9,0.2939088734009417,0.291,0.158,9.478785064853668e-5,6,HDAC2
2.623616213170976e-9,0.41588795949161095,0.261,0.138,9.599811723992602e-5,6,GADD45GIP1
2.9485036634468997e-9,0.2684896013349722,0.352,0.193,1.0788574904552206e-4,6,PHB
3.101458201371088e-9,0.266231505885826,0.538,0.312,1.134823555881681e-4,6,UBE2L3
3.171333418094946e-9,0.4965386006350865,0.279,0.159,1.1603908976809407e-4,6,RAB12
3.3617804096053305e-9,0.3522841142684652,0.341,0.201,1.2300754518745904e-4,6,RP11-498C9.3
3.383708202520097e-9,0.2917421190059618,0.526,0.302,1.2380988313021035e-4,6,SHFM1
3.3991049974702037e-9,0.2505874504365773,0.435,0.263,1.2437325185743475e-4,6,YIPF4
3.554667671323841e-9,0.27961468624778096,0.346,0.194,1.3006529009373935e-4,6,AATF
3.7461611590572375e-9,0.27605874359297783,0.355,0.208,1.3707203680990432e-4,6,KCTD20
3.746191357123507e-9,0.3394084474150725,0.593,0.347,1.3707314175714913e-4,6,UQCRQ
3.857120400851954e-9,0.32422942940287297,0.375,0.224,1.41132035467173e-4,6,KHDRBS1
4.072881587546817e-9,0.34754833024644294,0.309,0.171,1.4902673728833804e-4,6,SUCLG1
4.194975034010895e-9,0.33191704084791485,0.309,0.172,1.5349413649445864e-4,6,SCFD1
4.256390795376319e-9,0.48920053788719753,0.254,0.14,1.5574133920281952e-4,6,PI4KAP2
4.5630725864498345e-9,0.32462745228067125,0.27,0.148,1.6696282593819944e-4,6,LARP4
4.669039155302812e-9,0.30283723368501836,0.616,0.356,1.708401426925299e-4,6,BCAP31
4.831125721693752e-9,0.3029072768809246,0.398,0.237,1.7677089015677439e-4,6,PSMD12
5.045331041841905e-9,0.3917556260418422,0.256,0.137,1.846086628209953e-4,6,OLA1
5.170154970812746e-9,0.4528807839895248,0.908,0.539,1.8917597038203837e-4,6,RNASEK
5.263709690339624e-9,0.28818867949925275,0.327,0.183,1.9259913756952685e-4,6,MRPL51
5.40424549555496e-9,0.26695649403719857,0.435,0.26,1.97741342682356e-4,6,PAPD4
5.815860015800922e-9,0.34220694444415145,0.277,0.153,2.1280231797815574e-4,6,LSM3
6.290245657680771e-9,0.2695790501402016,0.295,0.162,2.301600886145394e-4,6,BLCAP
6.69707111988771e-9,0.3487245120668721,0.426,0.254,2.450458322766913e-4,6,ERICH1
6.739452107495936e-9,0.329921299882591,0.547,0.316,2.465965526132763e-4,6,COX5A
7.171484295298569e-9,0.33628753233450537,0.748,0.481,2.6240461036497464e-4,6,NFKBIZ
7.418343717091602e-9,0.2995511973943874,0.295,0.16,2.714371966083817e-4,6,ATP5G1
7.504286969606255e-9,0.2804270748522313,0.7,0.43,2.745818602178929e-4,6,IVNS1ABP
7.549214586788366e-9,0.34079550562950345,0.284,0.154,2.7622576173058633e-4,6,MIEN1
9.588702942764371e-9,0.2563685186847273,0.288,0.165,3.5085064067574834e-4,6,CBL
1.1122830878562695e-8,0.3044178955205503,0.256,0.138,4.06984381846609e-4,6,CLPTM1
1.2221648137966667e-8,0.31272983298502827,0.455,0.276,4.4719010536820036e-4,6,NDEL1
1.2246956782036023e-8,0.408783947415445,0.547,0.339,4.4811614865469807e-4,6,MT2A
1.2573414975847186e-8,0.31921977502491206,0.275,0.15,4.6006125396624853e-4,6,BRMS1
1.311341968346369e-8,0.31026975642555843,0.577,0.354,4.798200262179364e-4,6,DEK
1.3785370400754005e-8,0.2547131396336629,0.35,0.198,5.04406702963589e-4,6,TRPV2
1.416229000739122e-8,0.33874298431247785,0.616,0.359,5.181981913704448e-4,6,ATP5G3
1.4740666909318634e-8,0.340338083300602,0.851,0.548,5.393610022119688e-4,6,MCL1
1.5213274862091453e-8,0.45858646632116473,0.275,0.157,5.566537272039263e-4,6,PTPLAD2
1.5227987093524575e-8,0.2716107230486262,0.529,0.31,5.571920477520642e-4,6,TUFM
1.6314497974789788e-8,0.26145309194526134,0.501,0.298,5.969474808975583e-4,6,MTHFD2
1.63220457150004e-8,0.3104017642113406,0.616,0.368,5.972236527118646e-4,6,ATF4
1.76280339214685e-8,0.32964997743269664,0.483,0.286,6.450097611865324e-4,6,NDUFC2
1.8515156519072207e-8,0.3277383554374746,0.252,0.14,6.77469577032852e-4,6,SRSF9
1.883164557625605e-8,0.3001211421584732,0.334,0.19,6.890499116352089e-4,6,SNRPC
2.1479478196084756e-8,0.3005407958839045,0.584,0.362,7.859341071947412e-4,6,BHLHE40
2.1638028258053055e-8,0.31870326550512895,0.979,0.862,7.917354539621613e-4,6,NEAT1
2.2086528383979953e-8,0.3032897981036319,0.419,0.243,8.081460735698265e-4,6,NDUFS8
2.244861141420529e-8,0.2601881730614112,0.343,0.205,8.213946916457715e-4,6,CBWD7
2.2881266881213946e-8,0.35704242848944856,0.279,0.155,8.372255551836183e-4,6,SDF2
2.3325141818020256e-8,0.33364924259663786,0.293,0.165,8.534669391213612e-4,6,C14orf119
2.7700717275536135e-8,0.28790408300175035,0.265,0.145,0.0010135692451118672,6,SYPL1
2.8193765100326118e-8,0.3089314843975318,0.311,0.176,0.0010316098650209327,6,GTF2A2
2.8494515191823666e-8,0.32400004686276174,0.346,0.204,0.001042614310868828,6,RELA
3.175544849298717e-8,0.37888556753348246,0.277,0.161,0.0011619318603584006,6,MBD6
3.367163170509002e-8,0.37069096816571623,0.327,0.19,0.0012320450040892439,6,DDIT3
3.417186800191985e-8,0.2847877736678148,0.391,0.224,0.0012503486501902472,6,RP11-680H20.1
3.6680008363987326e-8,0.27527179267317475,0.327,0.187,0.0013421215060382963,6,PEF1
3.771497159021919e-8,0.31030492980055846,0.666,0.386,0.0013799908104861203,6,TCEB2
4.015629961884315e-8,0.3381501395869473,0.32,0.188,0.0014693190030534709,6,VTA1
4.1866302424864443e-08,0.36840139778157766,0.259,0.145,0.00153188800572579,6,LINC00999
4.4201654558762016e-8,0.2582496589242861,0.526,0.309,0.0016173385403051022,6,MLF2
4.5935452552825495e-8,0.2912169117324816,0.375,0.229,0.0016807782089078849,6,PHF21A
4.762425964699446e-8,0.3799302424175277,0.357,0.226,0.0017425716604835273,6,RRN3P2
4.8911121153238923e-8,0.2798333828419908,0.574,0.338,0.0017896579229970122,6,HIGD2A
5.0404652673918804e-8,0.2751634659304803,0.355,0.205,0.001844306241338689,6,SF3B14
5.100977151784036e-8,0.2620476208235859,0.254,0.142,0.0018664475398377789,6,RP11-206L10.2
5.838088901199967e-8,0.2873286409933702,0.602,0.378,0.002136156728949068,6,CASP4
5.932182767232064e-8,0.3072508675665898,0.268,0.15,0.002170585674530212,6,ACAA2
6.16512554341142e-8,0.27982370250420985,0.41,0.239,0.0022558194363342388,6,TOMM6
6.413912911895636e-8,0.3472397767342664,0.275,0.16,0.0023468507344626133,6,IREB2
7.704666971086738e-8,0.25706013183349263,0.341,0.195,0.0028191376447206373,6,DNAJC4
9.94673527987544e-8,0.26179809562173073,0.293,0.166,0.0036395104389064237,6,ITPA
1.140570962121501e-7,0.2795719462092837,0.297,0.17,0.004173349150402572,6,RP11-138C9.1
1.1499186602925704e-7,0.29252769955888136,0.556,0.334,0.004207552378010515,6,PDIA6
1.1558211387985295e-7,0.26010022551751644,0.478,0.286,0.00422914954686382,6,GABARAPL2
1.181149413831406e-7,0.3288693375060787,0.295,0.175,0.004321825705209115,6,XXyac-YRM2039.2
1.222057435246171e-7,0.30377863888726364,0.6,0.363,0.00447150815556574,6,ATP5C1
1.281689256948937e-7,0.25683237126845115,0.627,0.387,0.00468970099117616,6,HNRNPD
1.2933211568366687e-7,0.28468615577444445,0.513,0.307,0.004732262112865371,6,DYNLL1
1.3185967451256886e-7,0.2994875441647835,0.616,0.373,0.0048247454904148945,6,SLC3A2
1.4328267772256709e-7,0.3375296898458627,0.279,0.159,0.00524271317786873,6,PDCD5
1.6440541794615626e-7,0.30529314215973535,0.362,0.238,0.006015594242649858,6,NOP16
1.748830544823221e-7,0.26158562066782065,0.59,0.374,0.006398970963508166,6,NXF1
1.8330477069561368e-7,0.27559960600504946,0.352,0.21,0.006707121559752505,6,PKN1
1.874189730077802e-7,0.28678025794115825,0.648,0.435,0.006857660222354678,6,USP15
1.8814731639338333e-7,0.258979496385578,0.341,0.203,0.006884310306833896,6,SMIM7
1.9155721830976802e-7,0.2907881343500416,0.297,0.175,0.007009078617954412,6,FAM53C
1.9400696160687403e-7,0.3289793900563119,0.27,0.155,0.007098714725195521,6,RNF5
2.0334385930631527e-7,0.30257990503330406,0.355,0.219,0.007440351812018076,6,GRIPAP1
2.0959157853717159e-7,0.26122082814456626,0.252,0.144,0.007668955858675108,6,DNM1L
2.1600373223407132e-7,0.279864830466968,0.895,0.608,0.00790357656244467,6,LRRFIP1
2.3017807260217182e-7,0.28679190535435306,0.309,0.179,0.008422215676513467,6,NDUFAB1
2.3096102408359798e-7,0.25824371406953506,0.291,0.179,0.00845086387121885,6,IGF2R
2.563036647362793e-7,0.2514118779106303,0.35,0.223,0.00937815109270046,6,COPG1
2.610833815808178e-7,0.2594481433055884,0.428,0.263,0.009553040932042123,6,SSBP1
2.7620352582857777e-7,0.27769938203444644,0.767,0.473,0.01010628701006766,6,RPN1
2.7725330942196535e-7,0.2609209199596778,0.625,0.44,0.010144698591749712,6,XAF1
2.8592011180883503e-7,0.3269778791507405,0.261,0.149,0.010461816891085274,6,STRA13
2.9269743984094987e-7,0.25420422619579935,0.384,0.232,0.010709799323780356,6,ARFGAP2
3.0288928365429513e-7,0.25286188900065554,0.268,0.153,0.011082718888910659,6,FARSA
3.4906853785265923e-7,0.2525660186576417,0.41,0.259,0.012772417800028801,6,ARPC4-TTLL3
4.000362636702448e-7,0.31151104454037176,0.268,0.156,0.014637326887694257,6,ARSA
4.007374636572081e-7,0.28131943304930784,0.259,0.149,0.014662983795217244,6,GRPEL1
4.055278444159427e-7,0.2543643608004709,0.435,0.276,0.014838263827179343,6,DHX15
5.468699735278193e-7,0.31924982204726693,0.309,0.187,0.020009972331382908,6,C19orf43
7.043416243579514e-7,0.2643061072873658,0.291,0.175,0.025771860035257443,6,CAB39
7.269046138347335e-7,0.3220379895730627,0.259,0.151,0.026597439820212898,6,WDR45
1.0661907168252327e-6,0.2946508861028956,0.831,0.58,0.039011918328635264,6,RNF149
1.1581874272970083e-6,0.27559177080017805,0.284,0.175,0.042378077964797534,6,PCGF3
1.4436319242250306e-6,0.2657454918268769,0.689,0.417,0.05282249210739387,6,ATP6V1G1
1.5754674160817217e-6,0.25183185319377394,0.327,0.199,0.0576463527544302,6,GPS1
1.7109200496356891e-6,0.2721629638158032,0.654,0.385,0.06260256461616986,6,TUBB
2.2715906831116683e-6,0.2667960880521222,0.254,0.152,0.08311750309505594,6,ATXN2
2.459182846470398e-6,0.37089838624203786,0.787,0.517,0.08998150035235186,6,S100A4
2.948034449667958e-6,0.2725085971208459,0.297,0.185,0.10786858051335058,6,LYPLA1
2.9498953679762963e-6,0.2834958469438335,0.277,0.169,0.10793667151425268,6,COPS3
3.2529952307402965e-6,0.3294966855733328,0.719,0.455,0.11902709549278745,6,RGS2
4.399911333496931e-6,0.3081068864233647,0.849,0.541,0.1609927556926527,6,YWHAE
5.744636938809222e-6,0.2587334537220674,0.256,0.159,0.21019626559102944,6,MIR3916
6.23024199586375e-6,0.3576823072557336,0.924,0.64,0.22796455462865461,6,PKM
7.024779527187164e-6,0.2631210510399318,0.677,0.427,0.2570366828997783,6,EIF3C
7.801562396325679e-6,0.2887671916489547,0.769,0.532,0.2854591680815566,6,TUBA1B
1.1683395328754287e-5,0.25894676029651986,0.709,0.446,0.42749543507911936,6,PSMB1
3.1773684508795697e-05,0.26047849245646737,0.728,0.453,1,6,PSMB10
4.377992655135721e-5,0.3177605814660538,0.876,0.619,1,6,NFKBIA
7.731328549498429e-5,0.31319151936690925,0.906,0.636,1,6,COTL1
0.0029164789130440294,0.31697166102656293,0.904,0.596,1,6,TPI1
0.004061316230336676,0.26646119901585985,0.952,0.698,1,6,ITGB2
0,5.640722585776031,1,0.032,0,7,DERL3
0,5.199077336945338,0.964,0.058,0,7,IGJ
0,4.393356647208238,0.982,0.08,0,7,MZB1
0,5.770064214924245,0.927,0.046,0,7,IGHGP
0,4.021573838820752,0.973,0.093,0,7,PRDX4
0,5.981263218647635,0.918,0.044,0,7,IGHG4
0,5.228380997462166,0.936,0.064,0,7,IGHG3
0,4.334672490948368,0.955,0.088,0,7,AC096579.7
0,5.4235040585717265,0.918,0.053,0,7,IGHG2
0,5.029181952546114,0.9,0.036,0,7,FCRL5
0,3.161571938326763,0.973,0.113,0,7,CD79A
0,5.084818669601189,0.964,0.105,0,7,IGHG1
0,3.109215655866561,1,0.161,0,7,FKBP11
0,5.1447929267613635,0.873,0.036,0,7,TXNDC5
0,4.115501872803718,0.964,0.128,0,7,IGKC
0,3.490333643389903,0.9,0.076,0,7,POU2AF1
0,2.9117776161372757,0.973,0.164,0,7,FKBP2
0,2.7923663047564187,0.964,0.169,0,7,ITM2C
0,8.242582052117209,0.782,0.003,0,7,SDC1
0,3.156247358663491,0.9,0.133,0,7,ANKRD28
0,2.910955485111548,0.945,0.178,0,7,XBP1
0,4.420400424590973,0.791,0.03,0,7,CPNE5
0,2.530321243489146,0.991,0.24,0,7,SEC11C
0,5.184672612610433,0.773,0.027,0,7,IGLC1
0,2.413914526006334,0.955,0.21,0,7,VIMP
0,2.771671628187836,0.891,0.167,0,7,RAB30
0,2.2005822009787592,0.964,0.253,0,7,C19orf10
0,2.3325521056385647,0.909,0.202,0,7,ERLEC1
0,6.7278213588571,0.709,0.007,0,7,FER1L4
0,2.42396901376555,0.882,0.184,0,7,KDELR1
0,2.048144549292306,0.982,0.285,0,7,SLAMF7
0,4.228001515287177,0.736,0.039,0,7,COBLL1
0,2.6585991173130328,0.836,0.139,0,7,SDF2L1
0,2.674055371964215,0.845,0.15,0,7,PPAPDC1B
0,5.3275161915334195,0.709,0.02,0,7,IGLL5
0,4.69060919251646,0.718,0.032,0,7,IGHA1
0,2.3551366723177947,0.891,0.206,0,7,SEL1L
0,3.863738315972105,0.736,0.054,0,7,CLIC4
0,2.5732022484238066,0.809,0.129,0,7,FNDC3B
0,2.2328051855795836,0.873,0.195,0,7,UBE2J1
0,2.1940712931467905,0.891,0.215,0,7,FNDC3A
0,2.060650826389322,0.955,0.279,0,7,CD38
0,3.8566022068293804,0.745,0.069,0,7,TRIB1
0,2.294169385285626,0.855,0.18,0,7,SYVN1
0,4.57374108193839,0.691,0.022,0,7,RP11-731F5.2
0,3.287196181130432,0.736,0.069,0,7,BLNK
0,1.8188234306399642,0.891,0.227,0,7,ELL2
0,5.154895822036791,0.718,0.054,0,7,ANKRD36BP2
0,2.3386446382523833,0.845,0.182,0,7,LMAN1
0,2.7501577132775252,0.782,0.119,0,7,PLCG2
0,3.1354521751391355,0.755,0.097,0,7,CRELD2
0,4.173389866550384,0.691,0.037,0,7,TRAM2
0,2.7913951294150223,0.782,0.136,0,7,PDK1
0,2.783864796591945,0.782,0.138,0,7,TXNDC11
0,3.788269903650429,0.7,0.056,0,7,SLC17A9
0,2.4309394002501383,0.773,0.131,0,7,TPD52
0,2.0250941303030725,0.891,0.25,0,7,SEL1L3
0,1.8221134543229556,0.945,0.31,0,7,SPCS2P4
0,1.9151305596827912,0.9,0.267,0,7,KDELR2
0,2.02134479657238,0.855,0.226,0,7,DNAJB9
0,1.7944872331194208,0.982,0.354,0,7,HM13
0,1.8843942040725952,0.891,0.264,0,7,TMEM258
0,6.996755211136343,0.627,0.006,0,7,TNFRSF17
0,2.2470540085465247,0.8,0.179,0,7,THEMIS2
0,1.6877487127788477,0.964,0.345,0,7,RABAC1
0,1.9566801531386078,0.836,0.218,0,7,CREB3L2
0,2.5073900612621074,0.773,0.157,0,7,TXNDC15
0,2.031271618836362,0.873,0.258,0,7,PDIA4
0,2.510835023918464,0.755,0.141,0,7,ALG5
0,2.7499092355743975,0.709,0.095,0,7,SELM
0,1.6295949028916776,0.964,0.354,0,7,SPCS2
0,2.5414234834715907,0.736,0.127,0,7,CPEB4
0,1.6556947649032234,0.973,0.373,0,7,GSTP1
0,3.463168874767436,0.655,0.057,0,7,MANEA
0,1.6122698396433588,0.964,0.368,0,7,ST6GAL1
0,2.9063957639725624,0.7,0.104,0,7,ST6GALNAC4
0,2.252474705237573,0.773,0.178,0,7,SRPRB
0,3.2890323052261636,0.645,0.051,0,7,GNG7
0,2.1802586721708765,0.764,0.171,0,7,CCPG1
0,1.5917797358210477,0.873,0.282,0,7,TP53INP1
0,1.852195940979994,0.864,0.277,0,7,HDLBP
0,2.696416197826447,0.7,0.116,0,7,MEI1
0,1.5470848598263944,0.918,0.336,0,7,STT3A
0,1.578772659563049,0.9,0.318,0,7,XIST
0,1.5171776602764235,0.927,0.345,0,7,NME1-NME2
0,1.6541151190283574,0.882,0.301,0,7,CD63
0,1.8489922799113083,0.827,0.247,0,7,CECR1
0,2.538825890815862,0.691,0.111,0,7,SEC24A
0,2.853138392838808,0.664,0.085,0,7,CLPTM1L
0,1.6562365682698958,0.9,0.326,0,7,SEC61B
0,1.8253105775814866,0.991,0.417,0,7,SSR3
0,1.9681356283548452,0.764,0.19,0,7,ZBP1
0,1.5911843601338438,0.991,0.423,0,7,SPCS3
0,1.4972206858537525,0.927,0.36,0,7,KRTCAP2
0,6.552285680340532,0.573,0.006,0,7,IGLV3-1
0,2.777836960602571,0.655,0.09,0,7,EIF2AK4
0,2.126389674315587,0.745,0.184,0,7,NPC2
0,1.574797372048706,0.936,0.379,0,7,SPCS1
0,2.4023660766149306,0.709,0.154,0,7,ARSA
0,1.4585461019202273,0.927,0.376,0,7,ATF4
0,1.8636140855208962,0.727,0.176,0,7,HIPK2
0,1.9768678902737955,0.736,0.185,0,7,HSH2D
0,1.7370084594081632,0.8,0.25,0,7,SEC14L1
0,2.5354505640238982,0.7,0.15,0,7,DUSP5
0,1.8793155147820593,0.736,0.189,0,7,HYOU1
0,1.7539752142085279,0.782,0.237,0,7,SEC61G
0,1.416203322877311,0.936,0.392,0,7,TMED10
0,1.4576743921507473,0.945,0.405,0,7,P4HB
0,1.5121564500162707,0.955,0.417,0,7,SEC61A1
0,1.8712382714192826,1,0.462,0,7,SSR4
0,1.8172385046455533,0.782,0.245,0,7,EHMT1
0,2.6034933713218615,0.627,0.092,0,7,HSPA13
0,2.8073078005498946,0.618,0.083,0,7,METTL7A
0,1.7348401523096422,0.827,0.292,0,7,ERGIC3
0,1.6104117124653698,0.791,0.262,0,7,VOPP1
0,1.4002829179390042,0.855,0.326,0,7,UFM1
0,1.8380986961837642,0.736,0.209,0,7,NUCB2
0,1.613661902692619,0.8,0.273,0,7,ARF4
0,1.5257629075801524,0.845,0.318,0,7,RP11-498C9.2
0,1.8583576840650593,0.764,0.241,0,7,HIST2H2AA4
0,1.5505798471964491,0.864,0.341,0,7,PDIA6
0,1.2923041677990583,0.864,0.342,0,7,CUTA
0,1.4274819776862109,0.827,0.307,0,7,SIK1
0,5.812580094928366,0.527,0.008,0,7,HID1
0,1.6672612655090617,0.718,0.2,0,7,GALNT2
0,1.35948344687585,0.845,0.328,0,7,SRPR
0,1.2327031580701084,0.864,0.348,0,7,DNAJC3
0,2.7832744520775314,0.618,0.102,0,7,SIL1
0,1.874170023827072,0.736,0.22,0,7,TMED9
0,2.534800479124129,0.627,0.113,0,7,RRBP1
0,1.2403260611595368,0.927,0.415,0,7,TRAM1
0,1.3848818890775942,0.864,0.354,0,7,DAD1
0,1.770166982648958,0.755,0.245,0,7,RP11-571M6.7
0,2.397828693824862,0.645,0.136,0,7,NME1
0,2.500794386838008,0.6,0.094,0,7,MEF2C
0,1.8887134939597972,0.718,0.212,0,7,PIK3CG
0,1.2821771489427458,0.991,0.485,0,7,RPN1
0,2.9706790093039563,0.591,0.085,0,7,BSCL2
0,2.104974091959687,0.627,0.121,0,7,TCF4
0,1.7827540946372635,0.7,0.194,0,7,IFI30
0,2.096415431997953,0.682,0.177,0,7,AKR1A1
0,4.660289444388393,0.536,0.031,0,7,SPAG4
0,3.478726514592157,0.545,0.04,0,7,INSR
0,3.192558292593904,0.573,0.068,0,7,MANF
0,1.8500175935993497,0.718,0.214,0,7,GRN
0,1.851142550641591,0.7,0.196,0,7,PLD3
0,1.3861214334300453,0.836,0.334,0,7,PRDX5
0,4.386278871442846,0.527,0.026,0,7,GAB1
0,2.304098439216956,0.618,0.117,0,7,DANCR
0,2.1171069275467027,0.627,0.128,0,7,CASP10
0,1.7567623039028115,0.727,0.228,0,7,OSTC
0,1.3980962556085723,0.918,0.422,0,7,RPN2
0,1.3821477051406192,0.7,0.204,0,7,KLHL6
0,1.4024002756246379,0.818,0.324,0,7,COX5A
0,1.2887520076063186,0.891,0.399,0,7,LMAN2
0,1.6271962204979986,0.7,0.215,0,7,TPST2
0,1.621035608445313,0.709,0.224,0,7,HIST2H2AA3
0,1.7219191127154876,0.691,0.206,0,7,CNPY2
0,1.1000252441317684,0.927,0.443,0,7,CANX
0,1.048912623289355,0.955,0.472,0,7,SEC62
0,3.197273823131076,0.545,0.063,0,7,EAF2
0,1.2111405386944494,1,0.518,0,7,FAM46C
0,3.5967323059110785,0.518,0.039,0,7,CHST15
0,2.091349169075081,0.636,0.16,0,7,SNORD3C
0,6.810398671430704,0.482,0.007,0,7,KCNN3
0,6.423879756994469,0.482,0.008,0,7,IGKV3OR2-268
0,2.4280836792938096,0.591,0.119,0,7,HIST1H1C
0,1.1211372049883823,0.973,0.501,0,7,OST4
0,3.9074492534393466,0.509,0.038,0,7,SPATS2
0,1.4120778230752007,0.991,0.52,0,7,HSP90B1
0,1.1635868804711884,0.836,0.365,0,7,SND1
0,1.9951773846490535,0.636,0.165,0,7,HIST1H2BK
0,1.446327545584739,0.755,0.285,0,7,ATP6V0B
0,1.6355505020982242,0.664,0.198,0,7,DNAJC1
0,1.0179440389321739,0.973,0.507,0,7,SERP1
0,2.469543047798548,0.536,0.071,0,7,MARCKS
0,1.405806882912051,0.745,0.28,0,7,AC120194.1
0,2.346394728607379,0.555,0.094,0,7,EIF2AK3
0,1.4216572184816116,0.764,0.303,0,7,OSBPL3
0,2.563648668932015,0.545,0.084,0,7,SEC24D
0,1.134197800057251,0.918,0.459,0,7,PRDX1
0,1.161285860864807,0.8,0.341,0,7,OS9
0,1.5845209596044847,0.736,0.277,0,7,WARS
0,2.03167201241306,0.618,0.16,0,7,DAP
0,2.380285954344843,0.555,0.099,0,7,TMEM214
0,1.4949382179441164,0.673,0.217,0,7,GNL3
0,2.1941403010779204,0.582,0.126,0,7,FAM49A
0,3.6958091329438263,0.491,0.035,0,7,RP11-81H14.2
0,3.7216976668065236,0.491,0.036,0,7,P2RX1
0,1.0682019168824002,0.9,0.446,0,7,SELK
0,4.407503675013089,0.473,0.019,0,7,IGHA2
0,1.6362598224420704,0.627,0.175,0,7,MBNL2
0,7.172933750875835,0.455,0.003,0,7,RP11-16E12.2
0,1.2251226989378985,0.836,0.384,0,7,EDEM1
0,1.262225032992865,0.918,0.467,0,7,TMED2
0,2.404265507728499,0.555,0.105,0,7,CHID1
0,1.1417510625552907,0.891,0.441,0,7,DDOST
0,3.585682129095531,0.482,0.033,0,7,CHPF
0,1.90597088921423,0.591,0.143,0,7,DAPP1
0,2.409603939017952,0.545,0.098,0,7,MAGED1
0,1.3771834287602833,0.736,0.289,0,7,DERL1
0,1.661327216107222,0.627,0.18,0,7,TMEM39A
0,1.0954661526045648,0.955,0.508,0,7,TMEM59
0,1.0834306880751947,0.709,0.263,0,7,CLINT1
0,2.6185886405197074,0.536,0.091,0,7,GMPPB
0,1.5852046909103674,0.645,0.2,0,7,SNORD3A
0,1.0255713617578264,0.882,0.438,0,7,BSG
0,1.6695043610961289,0.655,0.212,0,7,GLRX
0,8.511858429815497,0.445,0.002,0,7,IGHV3-20
0,1.3508165685810833,1,0.557,0,7,HERPUD1
0,1.8964813840939074,0.582,0.14,0,7,IFNAR1
0,1.2949359915840128,0.727,0.286,0,7,LIME1
0,1.4707986352423985,0.682,0.243,0,7,SEC13
0,2.7963914809856107,0.518,0.079,0,7,C11orf24
0,1.2312682522800449,0.7,0.261,0,7,RP4-583P15.14
0,1.445105026334468,0.655,0.218,0,7,RP11-325F22.2
0,1.66312318924684,0.627,0.19,0,7,PHPT1
0,2.0025652691242075,0.573,0.136,0,7,CALU
0,2.59274995142045,0.527,0.091,0,7,TMEM184B
0,1.3678747522233108,0.727,0.291,0,7,LGALS1
0,1.1296988061010973,0.818,0.383,0,7,SLC3A2
0,1.6374841430144524,0.591,0.156,0,7,RP11-289I10.2
0,1.6033599505443124,0.682,0.248,0,7,TYMP
0,1.104569884277482,0.782,0.348,0,7,REEP5
0,1.2294016309202445,0.791,0.357,0,7,UQCRQ
0,1.1876397545872355,0.909,0.475,0,7,LINC00152
0,1.0536628119981244,0.773,0.339,0,7,MGAT1
0,5.1781595772494375,0.445,0.011,0,7,PARM1
0,2.270685518830856,0.536,0.103,0,7,NXPE3
0,1.1504941613119708,0.755,0.322,0,7,PTPN1
0,2.2731988376878722,0.555,0.123,0,7,TMEM208
0,1.0671345079489678,0.973,0.541,0,7,PSAP
0,1.741797449868388,0.618,0.188,0,7,ICAM2
0,1.6728590215823589,0.6,0.171,0,7,LRRC59
0,1.0082505829495927,0.809,0.381,0,7,CTSS
0,1.8719811648690186,0.582,0.154,0,7,CTSH
0,6.063119328368343,0.436,0.009,0,7,IGHV3-7
0,1.1936919979724936,0.682,0.256,0,7,ERN1
0,1.27489043219783,0.755,0.329,0,7,DNAJB11
0,1.254405516447226,0.718,0.292,0,7,NDUFC2
0,1.2753001117010587,0.755,0.332,0,7,ACADVL
0,5.108471936911299,0.436,0.013,0,7,IGHV3-21
0,1.2780910115110886,0.718,0.295,0,7,MIR29B1
0,1.6097569338852076,0.618,0.197,0,7,DNAJC4
0,1.2753811404963789,0.718,0.297,0,7,CDKN1A
0,4.825271991016847,0.436,0.015,0,7,RP11-689B22.2
0,1.1038906887731126,0.809,0.389,0,7,TECR
0,6.20462139042394,0.427,0.007,0,7,IGHV3-11
0,1.3818783067120215,0.773,0.354,0,7,RAPGEF1
0,1.3939340286289441,0.709,0.29,0,7,SAR1B
0,6.203094693656565,0.427,0.008,0,7,IGHV3-48
0,1.1175678847959907,0.745,0.327,0,7,NDUFA1
0,1.256041600937292,0.755,0.338,0,7,CYBA
0,1.1529635265657636,0.745,0.328,0,7,PRDX2
0,1.016864719198768,0.855,0.439,0,7,SSR1
0,2.1492770389117983,0.509,0.094,0,7,AQP3
0,1.7987153061214165,0.555,0.141,0,7,ALKBH7
0,2.097606016790844,0.564,0.15,0,7,TOR3A
0,1.187752780754574,0.709,0.296,0,7,TXN
0,1.7674094350034464,0.564,0.151,0,7,WDR45
0,2.010094215853771,0.5,0.088,0,7,SLC25A4
0,1.3463000752305736,0.636,0.225,0,7,CALCOCO1
0,2.774747618215394,0.482,0.071,0,7,SLC38A5
0,2.0049296264751075,0.536,0.126,0,7,ANKRD37
0,1.4975726606574797,0.527,0.117,0,7,TECPR1
0,1.5640406756568725,0.627,0.218,0,7,NANS
0,5.844454273369373,0.418,0.01,0,7,RP11-498C9.13
0,1.4341253190266814,0.682,0.275,0,7,MARS
0,5.548432634137908,0.418,0.012,0,7,IGHV3-66
0,1.4659026881411257,0.645,0.24,0,7,ATRAID
0,1.2737241541383748,0.655,0.25,0,7,LMNA
0,2.6378237076700763,0.482,0.077,0,7,MAN1A1
0,6.848538889734612,0.409,0.004,0,7,IGHV3OR16-13
0,1.747630620896952,0.573,0.169,0,7,SLC35B1
0,1.6837022927883982,0.564,0.16,0,7,SCYL1
0,0.9317799647398206,0.964,0.561,0,7,HSPA5
0,1.1940775439447509,0.7,0.298,0,7,RAB1A
0,1.7948012848405437,0.573,0.173,0,7,VKORC1
0,1.46639594214489,0.591,0.191,0,7,ARFGAP3
0,2.175808379883585,0.509,0.11,0,7,CLCC1
0,1.888950359224245,0.545,0.146,0,7,APOA1BP
0,0.9128541582034735,0.927,0.528,0,7,ISG20
0,4.154213342777859,0.418,0.019,0,7,BCAR3
0,1.0370814738863083,0.773,0.375,0,7,TM9SF2
0,1.3044496993877082,0.655,0.258,0,7,ATP5J
0,1.297154057543246,0.645,0.248,0,7,ATP5I
0,1.1401935001417767,0.673,0.277,0,7,POLR2L
0,1.461639240979764,0.582,0.186,0,7,EPRS
0,1.4006998675612687,0.564,0.168,0,7,NCF1
0,1.3747451328950266,0.627,0.232,0,7,SRP54
0,1.1203187540478665,0.745,0.35,0,7,CBWD6
0,2.2591829906021292,0.5,0.106,0,7,TMEM205
0,1.482563286790093,0.591,0.198,0,7,GUSB
0,3.9326823999657092,0.427,0.037,0,7,GAS6
0,4.561861181044905,0.409,0.019,0,7,CAV1
0,1.4472529537003005,0.573,0.183,0,7,RAB9A
0,1.163120861568132,0.709,0.319,0,7,TUFM
0,1.5749081274883223,0.564,0.175,0,7,CISD2
0,2.1644237465938625,0.491,0.104,0,7,ARL1
0,2.031103265325214,0.527,0.142,0,7,TAPBPL
0,1.350011762219217,0.564,0.18,0,7,B4GALT3
0,1.0561261498777113,0.764,0.381,0,7,COX7A2
0,1.911266095879863,0.509,0.127,0,7,TMEM147
0,4.572521298660572,0.4,0.018,0,7,IGHV3-23
0,1.5774282794759764,0.545,0.164,0,7,KLF13
0,1.2724378488418866,0.591,0.213,0,7,GORASP2
0,1.970977601539491,0.509,0.131,0,7,MRPL53
0,5.7720163770340545,0.391,0.013,0,7,IGKV3D-15
0,2.189501701100313,0.482,0.107,0,7,SLC1A4
0,1.5362604408693166,0.6,0.226,0,7,COPG1
0,1.4352863958646676,0.582,0.209,0,7,HAX1
0,2.499065588907384,0.455,0.083,0,7,AGA
0,1.6652958286662418,0.491,0.119,0,7,ADAM28
0,1.543585142654869,0.536,0.164,0,7,HIVEP1
0,0.9788143612693065,0.982,0.61,0,7,PPIB
0,2.3364573796447496,0.427,0.056,0,7,RALGPS2
0,1.5416272135343005,0.6,0.229,0,7,IFNAR2
0,3.2018233194086374,0.409,0.038,0,7,RP11-517A5.4
0,1.6823337682390378,0.591,0.221,0,7,MIR155HG
0,7.4560568757525445,0.373,0.003,0,7,IGHV3OR16-8
0,2.2793982620858064,0.455,0.085,0,7,RP11-1399P15.1
0,1.728760187948292,0.482,0.114,0,7,NOMO1
0,1.6870784839752182,0.509,0.141,0,7,FBXW7
0,1.4611349599903234,0.564,0.196,0,7,YIPF3
0,1.7476007431576277,0.473,0.107,0,7,DTNB
0,1.2449401107225568,0.582,0.216,0,7,LMBRD1
0,3.432581247514615,0.418,0.052,0,7,HIST1H2BC
0,1.3870870030213855,0.5,0.135,0,7,NCF1C
0,1.9208378303494058,0.491,0.126,0,7,ODF3B
0,1.6889604555051312,0.527,0.164,0,7,RNF122
0,1.7787113340738823,0.491,0.128,0,7,TIFA
0,4.040697171186764,0.382,0.019,0,7,PNOC
0,7.1839020658518065,0.364,0.002,0,7,IGHV3-72
0,1.3785294192399105,0.573,0.212,0,7,SLC25A39
0,2.937685338901628,0.418,0.057,0,7,SLC44A1
0,1.2964692451584798,0.573,0.212,0,7,RTN3
0,1.9804766062904966,0.482,0.121,0,7,PREB
0,1.624447911531644,0.527,0.167,0,7,MRPS24
0,1.9647152841693827,0.464,0.105,0,7,GM2A
0,2.9751830634920564,0.418,0.059,0,7,LY96
0,1.4140523251241446,0.555,0.198,0,7,LGALS3
0,1.9147467825801774,0.464,0.107,0,7,RHBDD1
0,1.8643910720898116,0.5,0.143,0,7,TSPAN3
0,1.6324990613323405,0.518,0.162,0,7,SNORD3B-1
0,2.0468499106302174,0.464,0.109,0,7,AARS
0,1.305071066477749,0.582,0.227,0,7,NEU1
0,1.3602035101252128,0.573,0.219,0,7,NDUFB7
0,2.532336879418615,0.445,0.091,0,7,TMEM19
0,5.26571358111329,0.364,0.011,0,7,BHLHE41
0,5.380294805228764,0.364,0.011,0,7,PYCR1
0,1.4852599218353082,0.545,0.193,0,7,TFG
0,7.340779603204248,0.355,0.003,0,7,RP11-170L3.7
0,2.8523480016147538,0.391,0.04,0,7,C1orf186
0,1.7132125331026387,0.5,0.149,0,7,YIF1A
0,2.359035880043832,0.427,0.076,0,7,HIST1H2AC
0,1.4956661749427982,0.527,0.177,0,7,CCNC
0,1.5375369566951076,0.491,0.142,0,7,ORAI2
0,6.1742038542214175,0.355,0.006,0,7,IGHV3-9
0,6.2592104670501145,0.355,0.007,0,7,IGHV3OR16-9
0,1.8990324213328895,0.464,0.117,0,7,ARMCX3
0,1.5934901671854715,0.536,0.189,0,7,SLC1A5
0,4.165817039158863,0.364,0.017,0,7,CHST2
0,2.635781002553209,0.418,0.072,0,7,FCGR2B
0,2.183300999791464,0.445,0.099,0,7,TM9SF1
0,2.2534783212019676,0.4,0.057,0,7,ZNF275
0,1.5698727084621424,0.527,0.184,0,7,NOMO3
0,1.5064922428807492,0.5,0.158,0,7,IER3IP1
0,3.8932326613361425,0.364,0.022,0,7,DENND5B
0,2.196590294139204,0.427,0.085,0,7,AMIGO3
0,4.874251320903231,0.355,0.016,0,7,SLC2A5
0,5.629200259799489,0.345,0.006,0,7,ZNF215
0,5.414471794542975,0.345,0.006,0,7,IGHV3-74
0,4.792660549377514,0.355,0.016,0,7,IGKV3-20
0,1.4505690935072277,0.427,0.089,0,7,ARID3A
0,1.746972514432883,0.473,0.135,0,7,SHMT2
0,1.3212121654960096,0.482,0.145,0,7,CCDC50
0,1.3946477916291253,0.482,0.145,0,7,MAN1A2
0,1.3453978624124958,0.564,0.227,0,7,PET100
0,2.766400970595347,0.382,0.046,0,7,PGM3
0,2.050813905288546,0.491,0.155,0,7,GLA
0,2.158450964147513,0.418,0.083,0,7,SCARB2
0,7.515697600950005,0.336,0.002,0,7,CTB-43E15.3
0,2.2413379972091394,0.427,0.093,0,7,GMPPA
0,1.6982068049780892,0.473,0.141,0,7,TMEM14C
0,1.914439239864853,0.455,0.124,0,7,ERGIC1
0,1.3290730015080117,0.527,0.196,0,7,ITFG1
0,1.5464358383196095,0.509,0.178,0,7,BOLA2B
0,1.9500956162731415,0.455,0.124,0,7,PSENEN
0,5.089317351456258,0.345,0.014,0,7,IGKV4-1
0,2.6073637794661977,0.391,0.061,0,7,GSTM2
0,1.4511862197444092,0.482,0.152,0,7,CD79B
0,1.406726136666828,0.5,0.17,0,7,SMDT1
0,1.9434453399843832,0.4,0.072,0,7,CD19
0,5.547044288069107,0.336,0.009,0,7,RP11-290F5.1
0,2.1193389952045765,0.409,0.082,0,7,CCDC88A
0,1.9469145605559672,0.418,0.091,0,7,INSIG2
0,1.9155697668758722,0.436,0.111,0,7,QTRT1
0,0.956949147266114,0.891,0.567,0,7,CTB-63M22.1
0,7.23973558900043,0.327,0.003,0,7,IGLV6-57
0,1.3197067719133142,0.473,0.15,0,7,ARFGAP1
0,1.4612290345991095,0.436,0.114,0,7,ZNF664
0,1.0413855971098585,0.991,0.669,0,7,PIM2
0,1.6723881277682306,0.455,0.136,0,7,RN7SL1
0,2.6683572780597413,0.373,0.055,0,7,MCEE
0,5.2689702930704705,0.327,0.009,0,7,IGHV1-69
0,2.18442366238415,0.427,0.109,0,7,RP11-110I1.6
0,2.8361815252213334,0.364,0.049,0,7,CDK14
0,1.4508260068827297,0.418,0.103,0,7,C1orf132
0,6.2118925841847705,0.318,0.003,0,7,IGHV3-43
0,4.228877387358064,0.345,0.031,0,7,IGLC2
0,2.7619199168278943,0.355,0.042,0,7,EPN2
0,1.6309153026457959,0.436,0.123,0,7,PRRC1
0,1.7790018001041432,0.445,0.133,0,7,EDEM2
0,1.2295550253202723,0.436,0.124,0,7,FOXO3
0,5.258967097884777,0.318,0.008,0,7,AC104699.1
0,2.8721849217990125,0.355,0.046,0,7,FICD
0,1.6075829743624128,0.455,0.147,0,7,FCHSD2
0,1.5286406743010788,0.418,0.11,0,7,ZNF37A
0,3.5173140992138903,0.336,0.028,0,7,RP11-38J22.6
0,1.5679247559040201,0.455,0.149,0,7,SEMA4A
0,1.727073035446136,0.436,0.13,0,7,PABPC4
0,2.040495605329885,0.382,0.076,0,7,SLC41A2
0,2.033969728483388,0.4,0.095,0,7,TCF3
0,1.4983850278840147,0.445,0.14,0,7,SEC63
0,2.129329337923422,0.4,0.096,0,7,BCKDK
0,3.1343708256399534,0.336,0.034,0,7,HSD17B8
0,2.731779814227461,0.345,0.043,0,7,ITGA6
0,6.330635785177018,0.309,0.007,0,7,IGKV3D-11
0,1.969257164860288,0.382,0.083,0,7,LRRC16A
0,3.289243815480621,0.327,0.028,0,7,IGHV3-30
0,2.917792120766857,0.327,0.03,0,7,IFNG-AS1
0,2.5423030833150246,0.364,0.067,0,7,HIST1H2BD
0,5.311304491834162,0.309,0.012,0,7,IGKV3-11
0,3.937667417481778,0.318,0.022,0,7,HIST1H2BJ
0,2.5151114271102184,0.364,0.068,0,7,RASGRP3
0,6.910724475988091,0.3,0.004,0,7,IGKV3-7
0,1.6820432988848513,0.4,0.105,0,7,HSD17B12
0,2.43215023089921,0.355,0.061,0,7,DOK3
0,1.7340557181642078,0.409,0.115,0,7,TMEM107
0,4.73076409919979,0.309,0.015,0,7,CTA-384D8.34
0,1.5511867782011208,0.418,0.125,0,7,LAX1
0,5.664750468043778,0.3,0.007,0,7,IGHV3-53
0,1.7048728019683654,0.4,0.11,0,7,PMM2
0,1.9511299318443438,0.364,0.074,0,7,LARP1B
0,1.6925620655211477,0.418,0.129,0,7,UAP1
0,3.392874952225184,0.318,0.029,0,7,GSTT1
0,1.6346492048870278,0.4,0.112,0,7,SYK
0,1.4454745003502627,0.409,0.121,0,7,SLC35F2
0,1.616260271208295,0.427,0.139,0,7,ADI1
0,3.0586664407744353,0.327,0.041,0,7,SRM
0,2.587789375869699,0.345,0.059,0,7,TRIO
0,1.9309567307391569,0.364,0.078,0,7,RP11-977G19.10
0,5.701633407611877,0.291,0.005,0,7,IGHV3-64
0,2.368597820903261,0.327,0.042,0,7,PTPRS
0,1.76463882244125,0.4,0.115,0,7,PRCP
0,1.8854424813163604,0.382,0.098,0,7,SLC7A1
0,1.4453547158001605,0.4,0.116,0,7,C15orf39
0,1.8938200452313687,0.382,0.099,0,7,SLC33A1
0,3.5007083864178936,0.318,0.036,0,7,NET1
0,3.2634759714036536,0.309,0.027,0,7,SYNGR1
0,3.0125860214964226,0.327,0.047,0,7,IGLC3
0,7.533732521150945,0.282,0.003,0,7,IGKV1D-16
0,3.180190404190451,0.309,0.031,0,7,AC093818.1
0,1.7770490660304115,0.373,0.096,0,7,CSNK1E
0,2.3232021645899534,0.355,0.078,0,7,DEF8
0,1.7555693360021558,0.373,0.097,0,7,UBA5
0,2.386979004713248,0.318,0.042,0,7,TSPAN13
0,3.6114103046629418,0.3,0.024,0,7,KIAA0125
0,1.7904107205481354,0.373,0.099,0,7,KIAA1432
0,2.8607296127799033,0.318,0.044,0,7,RP11-77H9.2
0,2.038752347288124,0.373,0.1,0,7,FGL2
0,2.218560609167459,0.318,0.047,0,7,RAB3D
0,3.655676773608173,0.291,0.02,0,7,CTA-384D8.35
0,1.747376090290294,0.373,0.103,0,7,CADM1
0,6.9353905179154305,0.273,0.004,0,7,IGKV1-16
0,2.0584090727939848,0.336,0.068,0,7,B4GALT7
0,2.2253752046105557,0.382,0.114,0,7,LAMA5
0,6.256814646319452,0.273,0.006,0,7,IGKV1-9
0,3.599523493162332,0.291,0.024,0,7,HIST1H2BG
0,4.300265074194305,0.282,0.015,0,7,IGHV3-33
0,2.4109391932116004,0.327,0.061,0,7,RCN1
0,1.9693238373817703,0.355,0.089,0,7,WIPI1
0,5.139758983605907,0.273,0.007,0,7,IGKV1-33
0,1.8398473288647084,0.373,0.108,0,7,CD59
0,1.764338580590381,0.355,0.09,0,7,ABHD14A
0,1.855265203064432,0.373,0.109,0,7,ATOX1
0,1.6327760086029977,0.355,0.092,0,7,UFSP2
0,3.0104790119258555,0.3,0.037,0,7,CD1D
0,2.164512941102044,0.327,0.064,0,7,DPM3
0,2.388806756682552,0.327,0.065,0,7,FBXO18
0,1.7119793902349383,0.382,0.12,0,7,SLC50A1
0,7.724690372983153,0.264,0.002,0,7,IGKV1D-17
0,4.70510800391478,0.273,0.011,0,7,IGKV1D-39
0,1.954825878860466,0.364,0.103,0,7,AC017002.2
0,3.721974546655817,0.273,0.014,0,7,AL928768.3
0,2.7197426803063323,0.345,0.088,0,7,APOBEC3B
0,7.433049530932006,0.255,0.002,0,7,SCNN1B
0,2.129923298002855,0.309,0.057,0,7,PDLIM1
0,3.3925386755073106,0.282,0.03,0,7,PSAT1
0,6.077859449515198,0.255,0.003,0,7,IGKV1D-8
0,5.588839012457538,0.255,0.004,0,7,CNKSR1
0,2.7438315618000884,0.291,0.04,0,7,DENND6B
0,6.0159573747642705,0.255,0.004,0,7,IGKV1-6
0,5.872725119632984,0.255,0.005,0,7,IGHV3-38
0,5.788032604017843,0.255,0.006,0,7,IGKV1-12
0,5.665967537137165,0.255,0.006,0,7,IGKV3-15
0,6.241790835964217,0.255,0.008,0,7,IGKV2-30
0,1.443749734863745,0.336,0.091,0,7,RYBP
0,1.7962797430492068,0.336,0.092,0,7,FUCA2
0,2.987257984018219,0.273,0.03,0,7,TBC1D9
0,3.254769568798818,0.273,0.03,0,7,E2F5
0,1.7703794457086395,0.327,0.084,0,7,CD40
0,3.2206887929356554,0.273,0.031,0,7,C11orf80
0,3.076337009385245,0.264,0.023,0,7,CTD-2659N19.10
0,2.207615363197944,0.309,0.069,0,7,CEP128
0,2.0536024001380087,0.309,0.071,0,7,OGFOD2
0,2.018586709139279,0.291,0.053,0,7,NT5DC3
0,3.610154341456428,0.273,0.036,0,7,IGHV1-2
0,2.06181931853817,0.282,0.045,0,7,CYB561
0,1.9199362124242647,0.318,0.082,0,7,MRPL40
0,1.9301260609167097,0.318,0.082,0,7,CYHR1
0,3.1561704469394423,0.255,0.021,0,7,RP11-325K4.2
0,1.6804003042081004,0.3,0.066,0,7,KRT10
0,3.193859451050203,0.264,0.031,0,7,MGLL
0,3.2198432106915233,0.264,0.031,0,7,SRD5A3
0,1.9149797805854798,0.3,0.069,0,7,HDAC9
0,2.269810047033026,0.282,0.051,0,7,HLA-DOB
0,1.8358566961927205,0.309,0.079,0,7,RAPGEF2
0,2.2439251166280787,0.291,0.064,0,7,C1GALT1C1
0,2.972398604216603,0.255,0.031,0,7,SLC2A11
0,2.0848119715807965,0.282,0.058,0,7,PPCDC
0,1.7039373018944066,0.3,0.078,0,7,ATP6V1C2
0,2.2584798397020394,0.255,0.035,0,7,ELL2P1
0,1.9805842460192358,0.282,0.064,0,7,H1FX
0,2.449617540512709,0.264,0.048,0,7,CCR2
0,2.0367973890570426,0.264,0.048,0,7,OTUD1
0,1.9024211369150774,0.282,0.068,0,7,PIGK
0,2.3824455567146243,0.273,0.06,0,7,CSF2RB
0,1.7438147344854236,0.273,0.06,0,7,SLC5A2
0,2.026108304435932,0.264,0.052,0,7,MCUR1
0,2.0627641138739494,0.264,0.055,0,7,ZNF165
0,1.9533976214593938,0.264,0.058,0,7,A1BG
0,2.015424842950771,0.255,0.053,0,7,ZNF593
0,1.9910290251198146,0.255,0.059,0,7,MYO1C
2.220446049250313e-16,1.0139946982812253,0.664,0.257,8.124612094206896e-12,7,ATP2A3
2.220446049250313e-16,0.9026523884610504,0.873,0.507,8.124612094206896e-12,7,SSR2
2.220446049250313e-16,1.254845135885967,0.591,0.235,8.124612094206896e-12,7,RPS27L
2.220446049250313e-16,1.2207701548812409,0.473,0.16,8.124612094206896e-12,7,FAM65A
2.220446049250313e-16,1.380186803134893,0.482,0.171,8.124612094206896e-12,7,MAGT1
2.220446049250313e-16,1.475935634280446,0.5,0.19,8.124612094206896e-12,7,SLC38A10
2.220446049250313e-16,1.4814479378230823,0.455,0.157,8.124612094206896e-12,7,MED13L
2.220446049250313e-16,1.5707812564321482,0.427,0.143,8.124612094206896e-12,7,TRPT1
2.220446049250313e-16,1.3512793596397896,0.418,0.134,8.124612094206896e-12,7,NOMO2
2.220446049250313e-16,1.4085593252317636,0.418,0.135,8.124612094206896e-12,7,ODC1
2.220446049250313e-16,1.596921152548956,0.355,0.102,8.124612094206896e-12,7,FAM117A
2.220446049250313e-16,1.6814299604475975,0.282,0.07,8.124612094206896e-12,7,GTF2A1
2.220446049250313e-16,1.2674877354661627,0.264,0.061,8.124612094206896e-12,7,NUAK2
2.220446049250313e-16,1.8598828257384399,0.255,0.058,8.124612094206896e-12,7,MIR22HG
4.440892098500626e-16,0.8889593887678664,0.9,0.488,1.624922418841379e-11,7,SLC38A2
4.440892098500626e-16,1.0799316774241996,0.727,0.334,1.624922418841379e-11,7,NDUFA11
4.440892098500626e-16,1.1766679456857054,0.664,0.302,1.624922418841379e-11,7,AC016831.7
4.440892098500626e-16,1.3225461594596566,0.445,0.147,1.624922418841379e-11,7,C12orf23
4.440892098500626e-16,1.578789408799134,0.436,0.157,1.624922418841379e-11,7,ICAM1
4.440892098500626e-16,1.7354932080602783,0.373,0.118,1.624922418841379e-11,7,KLHL21
4.440892098500626e-16,1.5045114807301772,0.355,0.105,1.624922418841379e-11,7,F11R
4.440892098500626e-16,1.6910673433211771,0.345,0.102,1.624922418841379e-11,7,RRP12
4.440892098500626e-16,2.042635149611678,0.291,0.08,1.624922418841379e-11,7,RNASE6
6.661338147750939e-16,0.8847507714711638,0.873,0.5,2.4373836282620687e-11,7,COPE
6.661338147750939e-16,1.0700630839925882,0.718,0.348,2.4373836282620687e-11,7,PSMB6
6.661338147750939e-16,1.1473920852199753,0.618,0.252,2.4373836282620687e-11,7,IRF4
6.661338147750939e-16,1.22959975013534,0.555,0.213,2.4373836282620687e-11,7,PPP1R10
6.661338147750939e-16,1.2627372905414207,0.582,0.241,2.4373836282620687e-11,7,EMC7
6.661338147750939e-16,1.278331965905014,0.445,0.149,2.4373836282620687e-11,7,TMED7
6.661338147750939e-16,1.863340048488975,0.273,0.068,2.4373836282620687e-11,7,IGHV1OR15-1
6.661338147750939e-16,1.9433949960436967,0.255,0.062,2.4373836282620687e-11,7,PGPEP1
6.661338147750939e-16,0.3988767443744017,1,0.918,2.4373836282620687e-11,7,UBC
8.881784197001252e-16,0.9451379607827927,0.845,0.412,3.249844837682758e-11,7,KIAA0226
8.881784197001252e-16,0.8115609824134686,0.945,0.562,3.249844837682758e-11,7,MIF
8.881784197001252e-16,0.7889732684852937,0.445,0.138,3.249844837682758e-11,7,BOLA2
1.1102230246251565e-15,1.28441145295928,0.591,0.265,4.062306047103448e-11,7,LAMP2
1.1102230246251565e-15,1.6686028312098995,0.345,0.104,4.062306047103448e-11,7,ALG2
1.3322676295501878e-15,1.2051204386224903,0.609,0.252,4.8747672565241373e-11,7,AURKAIP1
1.3322676295501878e-15,1.698538891878552,0.264,0.065,4.8747672565241373e-11,7,NFXL1
1.5543122344752192e-15,1.4785421744172724,0.4,0.13,5.687228465944827e-11,7,SNORD3B-2
1.9984014443252818e-15,0.9633151997932536,0.836,0.41,7.312150884786206e-11,7,ISCU
2.220446049250313e-15,0.8201805902310568,0.964,0.556,8.124612094206896e-11,7,RPL36AL
2.220446049250313e-15,1.1178224435475506,0.655,0.295,8.124612094206896e-11,7,NDUFA3
2.220446049250313e-15,1.1199504292185898,0.591,0.237,8.124612094206896e-11,7,ZBTB38
2.4424906541753444e-15,1.4383043058103537,0.391,0.125,8.937073303627585e-11,7,DNASE2
2.4424906541753444e-15,0.26718880795515654,1,1,8.937073303627585e-11,7,MT-RNR1
2.6645352591003757e-15,1.2129183601110165,0.482,0.173,9.749534513048275e-11,7,BACH1
3.1086244689504383e-15,1.1540611332159227,0.364,0.106,1.1374456931889654e-10,7,HSP90B2P
3.3306690738754696e-15,0.836162426918471,0.827,0.384,1.2186918141310343e-10,7,NCOA3
3.3306690738754696e-15,1.0446907044207683,0.718,0.337,1.2186918141310343e-10,7,ANAPC5
3.3306690738754696e-15,1.2312426063060506,0.482,0.177,1.2186918141310343e-10,7,SLC39A9
3.552713678800501e-15,2.2134362193185892,0.255,0.067,1.2999379350731033e-10,7,TUBB6
3.774758283725532e-15,1.955409444976332,0.255,0.064,1.3811840560151722e-10,7,RNF103
3.9968028886505635e-15,1.328578639704327,0.455,0.16,1.4624301769572412e-10,7,DPM2
4.440892098500626e-15,0.9898695233693107,0.664,0.283,1.624922418841379e-10,7,GOLGB1
4.884981308350689e-15,1.0302620278090262,0.682,0.312,1.787414660725517e-10,7,GANAB
5.10702591327572e-15,1.0320627364464852,0.609,0.247,1.868660781667586e-10,7,USP48
5.3290705182007514e-15,0.3722676764312358,1,0.902,1.949906902609655e-10,7,FTL
5.551115123125783e-15,1.331431266285854,0.545,0.236,2.031153023551724e-10,7,SRP72
5.995204332975845e-15,0.6960395289856249,0.973,0.667,2.1936452654358618e-10,7,TMBIM6
6.661338147750939e-15,1.0734862144461712,0.691,0.33,2.4373836282620687e-10,7,UQCRH
7.327471962526033e-15,0.9812651706683259,0.464,0.159,2.6811219910882755e-10,7,FTSJ1
7.993605777301127e-15,1.0656523448951392,0.655,0.285,2.9248603539144824e-10,7,LRPAP1
7.993605777301127e-15,1.1106266915295666,0.536,0.204,2.9248603539144824e-10,7,CASP3
8.659739592076221e-15,1.1311863247195817,0.573,0.233,3.1685987167406893e-10,7,CASC4
8.881784197001252e-15,0.9182823452936575,0.827,0.438,3.249844837682758e-10,7,EIF3C
9.103828801926284e-15,1.0475496627799696,0.482,0.167,3.331090958624827e-10,7,YIPF5
9.103828801926284e-15,1.3256887523372811,0.418,0.14,3.331090958624827e-10,7,LSM10
9.103828801926284e-15,1.434120029064652,0.382,0.124,3.331090958624827e-10,7,FAM136A
9.547918011776346e-15,1.1470241746904792,0.627,0.279,3.493583200508965e-10,7,COPZ1
9.547918011776346e-15,1.2973626411150168,0.473,0.172,3.493583200508965e-10,7,RPL22L1
1.0880185641326534e-14,1.5294849193743896,0.345,0.106,3.981059926161379e-10,7,TMEM156
1.2434497875801753e-14,1.199025160220739,0.564,0.234,4.5497827727558615e-10,7,ANAPC11
1.2878587085651816e-14,1.4165943249421327,0.418,0.146,4.712275014639999e-10,7,TVP23B
1.3322676295501878e-14,1.6112166332861488,0.291,0.081,4.874767256524137e-10,7,PAPD7
1.4432899320127035e-14,1.671060002471067,0.282,0.076,5.280997861234482e-10,7,MRPS2
1.509903313490213e-14,0.991687819839954,0.745,0.368,5.524736224060689e-10,7,ATP5D
1.7985612998927536e-14,1.4900877109519548,0.418,0.149,6.580935796307585e-10,7,NCLN
1.8207657603852567e-14,1.423115377377037,0.409,0.143,6.662181917249654e-10,7,MRPL52
1.9317880628477724e-14,1.2401136768980596,0.455,0.164,7.068412521959999e-10,7,TVP23C
2.1316282072803006e-14,1.1668531674900944,0.445,0.156,7.79962761043862e-10,7,NCF1B
2.375877272697835e-14,1.0848902994843383,0.555,0.22,8.693334940801378e-10,7,MBTPS1
2.4202861936828413e-14,1.411011837656734,0.264,0.068,8.855827182685516e-10,7,PARD6B
2.6645352591003757e-14,1.2715790588268623,0.555,0.246,9.749534513048275e-10,7,TMEM219
2.708944180085382e-14,1.0840239549273176,0.645,0.281,9.912026754932413e-10,7,GPX1
2.731148640577885e-14,1.1675068703762632,0.6,0.267,9.993272875874482e-10,7,PELI1
2.9753977059954195e-14,1.4020802798618275,0.5,0.217,1.088698020623724e-9,7,GARS
3.3306690738754696e-14,0.9790356379079155,0.736,0.371,1.2186918141310343e-9,7,ZNF706
3.4861002973229915e-14,1.253251406056458,0.436,0.152,1.2755640987904826e-9,7,BCL2L1
3.6415315207705135e-14,0.7545281518712044,0.918,0.591,1.3324363834499309e-9,7,SUB1
3.774758283725532e-14,1.2336081827743433,0.5,0.194,1.3811840560151722e-9,7,GNPTG
4.463096558993129e-14,1.6771583507498282,0.327,0.103,1.633047030935586e-9,7,DCPS
5.1958437552457326e-14,1.1697919380599173,0.573,0.25,1.9011592300444136e-9,7,NDUFS8
5.750955267558311e-14,1.0120137673757084,0.7,0.321,2.104274532399586e-9,7,BCL2L11
6.084022174945858e-14,1.0725729145237646,0.636,0.283,2.2261437138126894e-9,7,NDUFB11
6.794564910705958e-14,1.0641001634389582,0.618,0.27,2.48613130082731e-9,7,NDUFB4
6.794564910705958e-14,1.5283434260087823,0.355,0.116,2.48613130082731e-9,7,SCPEP1
7.127631818093505e-14,0.9456246194510212,0.682,0.304,2.6080004822404135e-9,7,SEC31A
7.260858581048524e-14,1.426342297676644,0.4,0.141,2.656748154805655e-9,7,CTBS
7.283063041541027e-14,0.3301811716601719,0.991,0.91,2.6648727668998617e-9,7,CD74
7.793765632868599e-14,1.1865573134648273,0.455,0.165,2.8517388450666203e-9,7,TIMM17A
8.415490526658687e-14,1.3610317454849674,0.464,0.188,3.0792279837044134e-9,7,MRPL51
8.970602038971265e-14,1.011655042814012,0.709,0.365,3.282343286059586e-9,7,NR4A1
9.103828801926284e-14,1.2035063430652229,0.482,0.188,3.331090958624827e-9,7,DNAJC10
9.9253938401489e-14,0.8819632090650698,0.473,0.17,3.6317016061104823e-9,7,SLC5A3
1.1057821325266559e-13,1.4582578495517762,0.3,0.088,4.046056822915034e-9,7,RP11-649E7.5
1.1124434706744069e-13,1.0289799964307749,0.691,0.333,4.070430659197655e-9,7,RP11-138A9.1
1.1302070390684094e-13,1.2886841804851485,0.409,0.144,4.13542755595131e-9,7,COQ4
1.2723155862204294e-13,1.3649004065534658,0.427,0.156,4.655402729980551e-9,7,IFI27L2
1.3433698597964394e-13,1.6763295613781446,0.3,0.091,4.915390316995172e-9,7,AHCY
1.5343282200319663e-13,1.4027947183985492,0.382,0.133,5.614106957096965e-9,7,IFNGR2
1.6076029396572267e-13,1.3983022216812946,0.318,0.096,5.882219156205792e-9,7,ISOC1
1.7918999617450027e-13,1.2781527850315288,0.5,0.212,6.556561960024965e-9,7,NDUFB10
1.942890293094024e-13,0.9975539903347145,0.673,0.309,7.109035582431034e-9,7,NDUFA6
1.9628743075372768e-13,1.4764852145364131,0.255,0.068,7.182157091278896e-9,7,OSBP
2.0583534876550402e-13,1.4336345186455919,0.327,0.101,7.531515411329792e-9,7,MGMT
2.191580250610059e-13,1.3042186790337356,0.391,0.135,8.018992136982206e-9,7,PSMG3
2.680078381445128e-13,0.8890181592833393,0.782,0.413,9.806406797707723e-9,7,SELT
3.4727776210274897e-13,1.2635239117272197,0.473,0.19,1.2706893315339585e-8,7,COMMD3
3.523847880160247e-13,1.2518767901805323,0.345,0.112,1.2893759393506343e-8,7,CHPF2
3.9612757518625585e-13,0.9090936593011354,0.773,0.388,1.4494307976065102e-8,7,NHP2L1
4.156675004196586e-13,1.4987698841360502,0.291,0.086,1.520927384035531e-8,7,YKT6
4.2099657093785936e-13,1.3732582794905508,0.355,0.119,1.5404264530616274e-8,7,MCFD2
4.4653170050423796e-13,1.1341823241141022,0.518,0.216,1.6338594921450067e-8,7,USO1
4.714006962558415e-13,1.3652782624161235,0.255,0.068,1.724855147600124e-8,7,WWOX
4.798383912429927e-13,0.837999730398503,0.845,0.468,1.75572867355811e-8,7,ATP5A1
4.858335955759685e-13,0.9359151519773465,0.736,0.36,1.7776651262124687e-8,7,PLP2
4.951594689828198e-13,1.1711019298487142,0.555,0.255,1.8117884970081377e-8,7,MAN2B1
5.693223670277803e-13,0.5469953633761895,0.991,0.868,2.083150540954648e-8,7,NEAT1
5.841993555577574e-13,1.6988164650879352,0.291,0.089,2.1375854419858342e-8,7,MRPS33
6.148415110374117e-13,0.9480365978145526,0.545,0.222,2.2497050888858894e-8,7,C10orf118
7.132072710192006e-13,1.5504196171734388,0.336,0.114,2.609625404659255e-8,7,PSMB5
7.358558207215538e-13,1.4569607005907572,0.5,0.247,2.6924964480201652e-8,7,CTD-2192J16.22
7.522871214860061e-13,1.5967097199347093,0.318,0.104,2.7526185775172962e-8,7,HINT2
8.237854842718662e-13,1.3324872794100346,0.436,0.173,3.014231086950758e-8,7,TMEM167A
8.870681966755001e-13,1.1672130627353172,0.518,0.217,3.245782531635655e-8,7,SGSM3
9.28812582401406e-13,1.282300418785332,0.391,0.139,3.3985252390067444e-8,7,GOSR2
9.876544027065393e-13,1.3260338251204518,0.382,0.134,3.613827459503227e-8,7,ABCF3
1.0049738818906917e-12,0.87705308854257,0.773,0.389,3.677199433838041e-8,7,CDK5RAP3
1.1817213874110166e-12,1.0407196559673046,0.582,0.257,4.32391855653691e-8,7,ST8SIA4
1.2465584120491258e-12,1.2878497084568772,0.364,0.123,4.561157229687751e-8,7,SRP68
1.2632117574185031e-12,0.8352705753323897,0.745,0.366,4.622091820394303e-8,7,STARD7
1.2632117574185031e-12,0.9614221466190088,0.591,0.258,4.622091820394303e-8,7,HLA-DQA2
1.3793410857942945e-12,1.2746001856461044,0.455,0.187,5.0470090329213235e-8,7,ROMO1
1.4028778139163478e-12,1.603636596705878,0.318,0.106,5.1331299211199166e-8,7,MLEC
1.4781509349859334e-12,0.8546309172429958,0.573,0.235,5.4085542711135304e-8,7,CYP51A1
1.5194512315019892e-12,1.3923508722628002,0.382,0.139,5.5596720560657786e-8,7,MRPL55
1.5767387395726473e-12,1.1759946108794568,0.509,0.218,5.7692870480963165e-8,7,FIS1
1.6038281813735011e-12,1.1792138111384542,0.482,0.194,5.8684073156456407e-8,7,RPS19BP1
1.6211476605576536e-12,1.9937130432833468,0.282,0.09,5.9317792899804545e-8,7,GGCX
1.906697022491244e-12,1.1350583228860178,0.482,0.195,6.976604405295461e-8,7,PQBP1
1.998845533535132e-12,1.4374946783997091,0.3,0.093,7.313775807205047e-8,7,FAM3A
2.0519141941122143e-12,1.6007779651642697,0.309,0.101,7.507954036256592e-8,7,MLKL
2.114308728096148e-12,1.0276352278125696,0.6,0.27,7.736255636103806e-8,7,UFC1
2.2319923687064147e-12,1.1610407972516663,0.509,0.218,8.166860077096771e-8,7,DERL2
2.3279156380340282e-12,1.2288701571836085,0.482,0.206,8.517843319566509e-8,7,RNF181
2.375877272697835e-12,1.2319605030156229,0.455,0.182,8.693334940801378e-8,7,AKR1B1
2.4200641490779162e-12,1.3019809421990949,0.436,0.177,8.855014721476095e-8,7,SCFD1
2.779998453661392e-12,1.2396258123380035,0.445,0.179,1.0172014341947033e-7,7,HSBP1
2.8694824294461796e-12,0.8858903085540926,0.745,0.378,1.0499436209343571e-7,7,PSMD8
2.8952396036174832e-12,1.1036068824455953,0.427,0.162,1.0593681709636371e-7,7,AKAP2
3.029354544992202e-12,1.3194110675448698,0.418,0.165,1.1084408280126468e-7,7,ATP5G1
3.355093980417223e-12,1.1073040546307955,0.618,0.334,1.227628887434662e-7,7,MIR4435-1HG
3.5280667276538225e-12,1.195644696527619,0.355,0.122,1.2909196156485336e-7,7,IPO5
3.807398840649512e-12,0.7687031107233057,0.718,0.339,1.3931272357936564e-7,7,EIF2S2
3.998801290094889e-12,1.0744081515838542,0.473,0.19,1.4631613920457198e-7,7,RPS6KB2
4.491518268423533e-12,0.8350113535059921,0.573,0.238,1.6434465344161708e-7,7,GOLGA3
4.573674772245795e-12,1.0149769104694077,0.5,0.211,1.6735075991647363e-7,7,ARID3B
4.7062354013860386e-12,0.7172566999531741,0.645,0.281,1.7220115333671515e-7,7,MSI2
5.167866135025179e-12,1.2409077018223247,0.327,0.107,1.890922218805713e-7,7,VCPKMT
5.432099214885966e-12,1.2689510665256325,0.255,0.073,1.987605102726775e-7,7,UBN2
5.487610366117224e-12,1.5997829104447499,0.264,0.079,2.0079166329622922e-7,7,DHTKD1
5.8339999498002726e-12,1.3078029651004066,0.355,0.124,2.1346605816319197e-7,7,MRPS31
6.049161171972628e-12,1.55590506902246,0.273,0.083,2.2133880728247846e-7,7,AIM2
6.1382010585475655e-12,0.8960011163748468,0.655,0.306,2.2459677673225542e-7,7,IDH2
6.31361629643834e-12,1.0576335681951357,0.491,0.201,2.3101522028667887e-7,7,BET1L
6.610045844013257e-12,1.1144350339407776,0.482,0.201,2.418615774324451e-7,7,DSTN
7.149392189376158e-12,1.0362516273263462,0.327,0.108,2.615962602092736e-7,7,SYNE3
8.576472865229334e-12,1.03251106140557,0.455,0.183,3.1381314213874134e-7,7,CD27-AS1
1.0498935054670255e-11,0.79216030256766,0.818,0.495,3.8415603365038464e-7,7,SQSTM1
1.0810019546170224e-11,1.250940976526348,0.409,0.158,3.955386151943685e-7,7,MPC1
1.0874190436993558e-11,1.4247283133966655,0.318,0.107,3.978866280895943e-7,7,TMEM256
1.1073142403006386e-11,1.5092343784510536,0.264,0.079,4.051662805260037e-7,7,MKKS
1.2150058736892788e-11,1.0977899181068846,0.509,0.222,4.445706491829071e-7,7,NDUFAF3
1.2423395645555502e-11,1.4972119426414732,0.282,0.089,4.545720466708758e-7,7,GAA
1.248023906441631e-11,1.1084916196927475,0.445,0.179,4.5665194736699277e-7,7,CCDC144B
1.2717826791686093e-11,1.4841141767614685,0.3,0.098,4.6534528230779415e-7,7,NME3
1.5226042648919247e-11,1.2691766817862,0.418,0.169,5.571209005239552e-7,7,TARS
1.5898393712632242e-11,0.8645471833444127,0.727,0.397,5.817222259452137e-7,7,COX6A1
1.768962754056247e-11,1.4326617356743394,0.273,0.084,6.472634717091807e-7,7,ADCK3
1.8120172029512105e-11,0.9151842424668153,0.709,0.377,6.630170945598479e-7,7,CD27
1.860755993732255e-11,1.2818561036939715,0.445,0.192,6.808506181066321e-7,7,FDPS
1.9200196987867457e-11,1.186631676182813,0.309,0.102,7.025352077860703e-7,7,PPRC1
2.0597301642055754e-11,0.8854917224996592,0.727,0.381,7.5365526708282e-7,7,PRELID1
2.229794127117657e-11,0.9050447353079838,0.709,0.369,8.158816711123507e-7,7,DPP7
2.2475132865906744e-11,0.8424460876981483,0.609,0.282,8.223651115635278e-7,7,MON2
2.3309354446610087e-11,0.8204979265589056,0.791,0.487,8.528892792014631e-7,7,MKLN1-AS1
2.5351276633500675e-11,0.7039250663272296,0.964,0.555,9.276032120197897e-7,7,PRDM1
2.656519448862582e-11,1.3952110630447558,0.309,0.103,9.720204663388188e-7,7,CD320
2.6848745449115086e-11,1.4507409406250806,0.3,0.101,9.82395595983121e-7,7,SPINT2
2.804845244952503e-11,0.7690118159547723,0.727,0.357,1.0262928751281208e-6,7,CDV3
2.8736568680187702e-11,1.3400741160409253,0.4,0.164,1.051471048008068e-6,7,PDCD5
2.908651097754955e-11,1.222461150424869,0.418,0.172,1.064275436668538e-6,7,CRTAP
2.956568323497777e-11,0.9776032900572572,0.573,0.266,1.0818083495678366e-6,7,EMC4
3.13862269507581e-11,1.7139200555128875,0.273,0.09,1.148422044128239e-6,7,ALG8
3.335576259644313e-11,1.3933284996256226,0.327,0.117,1.220487353403854e-6,7,TMUB1
3.4480196475783487e-11,1.2079370731759422,0.418,0.17,1.2616303890489178e-6,7,NDUFC1
3.70528052684449e-11,1.0206939482509672,0.482,0.199,1.3557621447723989e-6,7,TIMM17B
4.093125838267042e-11,0.7929892492715919,0.736,0.381,1.4976747442219107e-6,7,COPA
4.143774212650442e-11,1.074200319526278,0.336,0.114,1.5162069844087966e-6,7,KCNA3
4.295030997525373e-11,1.4260742017850332,0.282,0.091,1.571551841994534e-6,7,IFT20
4.370015460608556e-11,1.1810820657786867,0.4,0.156,1.5989886570366707e-6,7,SLC35F5
4.548361687284341e-11,0.9744812336038435,0.573,0.27,1.6642455413773405e-6,7,TMEM30A
4.6693759969684834e-11,1.1161119562868447,0.436,0.178,1.708524677290768e-6,7,STOML2
4.813593967867291e-11,1.1825595082542077,0.455,0.193,1.7612940328426419e-6,7,MPG
5.064704211577009e-11,1.2991864778087165,0.345,0.127,1.8531752710160276e-6,7,CDK4
5.330380581369809e-11,0.719953766885783,0.591,0.261,1.950386254723213e-6,7,UPF2
5.543809855623749e-11,1.1069198161846912,0.418,0.166,2.02848002617273e-6,7,COMMD3-BMI1
5.766453980982078e-11,1.2898457362859872,0.309,0.107,2.1099455116413424e-6,7,IMPDH1
6.147504727493924e-11,0.8678166773008866,0.6,0.283,2.249371979790027e-6,7,GBF1
6.469536018016697e-11,1.1727745274836934,0.518,0.262,2.3672032289923095e-6,7,RP11-1100L3.8
6.61708465798938e-11,0.8133322861600476,0.782,0.43,2.4211912763583143e-6,7,NDUFA13
6.908407179651022e-11,1.0741603634887,0.545,0.264,2.527786187034309e-6,7,SLC7A5
6.965805710024142e-11,1.4516400406621799,0.309,0.109,2.5487883092978336e-6,7,CCDC167
7.054623551994155e-11,1.0236126449510345,0.427,0.17,2.581286757674661e-6,7,DNAJC15
7.515432720595072e-11,1.3331513677148576,0.264,0.082,2.749896832465737e-6,7,RN7SL2
7.593170536779326e-11,1.0219875811911177,0.373,0.138,2.7783410994075552e-6,7,MYBBP1A
8.041611820885919e-11,1.5680630470554076,0.3,0.106,2.9424257652621577e-6,7,CREB3
8.048850475006475e-11,1.2103826939189954,0.391,0.153,2.945074388804869e-6,7,CTD-2369P2.2
8.581468868840147e-11,1.1744536362551958,0.382,0.147,3.13995945910861e-6,7,GOLPH3
8.70408189967975e-11,0.7776350311268201,0.655,0.317,3.1848235670928204e-6,7,TMED5
9.551914814664997e-11,1.3092493348686762,0.309,0.107,3.4950456306859223e-6,7,DUSP22
1.0169842745710866e-10,0.8843535852024716,0.618,0.29,3.721145460655606e-6,7,TMEM230
1.1378564757080767e-10,0.5621023728895951,0.255,0.076,4.163416844615853e-6,7,DCUN1D3
1.1500556063026579e-10,0.793052389590976,0.545,0.236,4.208053463461425e-6,7,CDK6
1.1539724731335355e-10,0.8270653611844008,0.764,0.417,4.222385279195606e-6,7,ICAM3
1.17134524302287e-10,1.033412870273393,0.436,0.175,4.285952244220681e-6,7,C8orf59
1.201063692946036e-10,1.1298626050879732,0.464,0.204,4.394692052489546e-6,7,SRP19
1.2291767603755943e-10,0.7092916574336385,0.482,0.195,4.4975577662143e-6,7,FGD2
1.2436407459404109e-10,1.5758579587391677,0.291,0.103,4.550481489395963e-6,7,RP11-1100L3.7
1.2759437950649044e-10,0.761329181596004,0.609,0.281,4.668678346142485e-6,7,RHBDF2
1.290834106271177e-10,1.2226320142702325,0.355,0.134,4.723161994846237e-6,7,PMVK
1.3439849233520818e-10,1.2408706197522208,0.382,0.153,4.917640834545267e-6,7,MTIF3
1.3641621166016193e-10,0.8081157909896501,0.773,0.408,4.991469184645325e-6,7,GYPC
1.527007409407588e-10,0.8278800123625278,0.591,0.261,5.587320111022365e-6,7,HMGN3
1.6366286104130268e-10,1.0441930011010405,0.5,0.229,5.988424085501265e-6,7,USMG5
1.8340706731123646e-10,1.5656617716697967,0.255,0.082,6.710864592918142e-6,7,PLOD3
1.8381074440299017e-10,0.9009711382675212,0.518,0.224,6.72563513770541e-6,7,SYTL1
1.9332913048231148e-10,0.9107403383459396,0.618,0.368,7.073912884347777e-6,7,RP11-632C17--A.1
2.0391222044224833e-10,1.642104180643836,0.264,0.088,7.461148145981866e-6,7,STARD5
2.550835098702464e-10,0.8924785503002274,0.655,0.347,9.333505626152316e-6,7,CDK2AP2
2.588056435826047e-10,0.6712068968118066,0.909,0.563,9.469698498687507e-6,7,PSME2
2.780984331707259e-10,1.2603707098740178,0.3,0.103,1.0175621669716861e-5,7,RP11-403P17.3
2.787139408155781e-10,1.4320398051251093,0.273,0.091,1.0198143094442003e-5,7,AFMID
2.813211885666078e-10,1.4407897606261082,0.309,0.114,1.029354228965218e-5,7,IFT27
2.861353376459874e-10,0.878439784328414,0.436,0.175,1.046969200446668e-5,7,OTUD5
3.107574197969143e-10,1.0633964104359395,0.445,0.193,1.1370613990369094e-5,7,PCMTD1
3.499154299646534e-10,1.054106286477398,0.382,0.151,1.2803405582406668e-5,7,SLFN11
3.502595991022872e-10,0.8773213434047165,0.609,0.313,1.2815998731152689e-5,7,EIF1AX
3.5973823919732695e-10,0.9474527243917199,0.591,0.299,1.3162822172230193e-5,7,ATPIF1
3.7046277157060103e-10,1.2132839316729371,0.355,0.137,1.3555232811768292e-5,7,WBP1
3.840432416524209e-10,0.7572660521196375,0.818,0.489,1.405214221206208e-5,7,BTG2
4.4300629831184324e-10,0.6917154289389573,0.9,0.545,1.6209600455230344e-5,7,EDF1
4.778069051525335e-10,1.112536643628513,0.355,0.14,1.7482954659531202e-5,7,ARFGEF2
4.835889466647814e-10,0.8856055414199843,0.564,0.269,1.769451955846435e-5,7,ACP1
4.924840535380781e-10,1.2281190643515263,0.264,0.086,1.8019991518958278e-5,7,GOLGA1
5.56699797371607e-10,1.1768340974988047,0.355,0.138,2.03696455858271e-5,7,C15orf57
5.569953387407622e-10,1.103570328696816,0.455,0.207,2.038045944452449e-5,7,NOLC1
5.703622019126442e-10,1.530420627826814,0.309,0.12,2.086955296798365e-5,7,KNTC1
5.830813609719598e-10,0.7952303317868217,0.745,0.459,2.133494699796401e-5,7,PDE4B
6.159854848419855e-10,0.8597941968635967,0.573,0.274,2.2538908890368248e-5,7,ARCN1
6.182330203330366e-10,0.7733381915509989,0.673,0.352,2.262114621398581e-5,7,TTC3
6.241664962658433e-10,1.5505252188819774,0.255,0.085,2.2838252098367207e-5,7,GBA2
6.383757966688108e-10,0.689896029300602,0.845,0.536,2.335817040011179e-5,7,GUK1
6.87760959294792e-10,1.261131048611538,0.264,0.087,2.516517350059644e-5,7,LSS
7.233655896499158e-10,1.0347046347665871,0.445,0.198,2.646794692529042e-5,7,ATF6
8.0313000694332e-10,1.0260321058402453,0.473,0.219,2.938652695405608e-5,7,FUT8
9.145584289882436e-10,1.241200880063241,0.264,0.088,3.346369291667983e-5,7,ALDH18A1
9.321856619948221e-10,0.9364309500177346,0.527,0.246,3.410867337239054e-5,7,TOMM6
9.416207813472965e-10,0.7607195430914016,0.645,0.31,3.445390438949758e-5,7,C10orf54
9.471059492227596e-10,0.8120877278983445,0.655,0.333,3.4654606682060773e-5,7,NRD1
9.508420717452282e-10,1.3050289110990292,0.255,0.083,3.47913114051579e-5,7,AP003068.9
1.0061145250261916e-9,1.0086847859669839,0.445,0.2,3.681373047070835e-5,7,ZNF33A
1.0324374688508442e-9,0.6609343358103966,0.736,0.376,3.777688698525239e-5,7,CBWD5
1.0542589023998516e-9,1.4771616743293807,0.255,0.086,3.857533323881057e-5,7,IL6R
1.056609466587588e-9,0.9615592685814933,0.536,0.262,3.8661340382439846e-5,7,PPA1
1.1386651621592137e-9,0.966249893671338,0.418,0.177,4.166375828340563e-5,7,CCDC69
1.1784435649531133e-9,0.8556094984759406,0.309,0.109,4.3119250041634416e-5,7,TK2
1.201943433670749e-9,1.2863060976497713,0.291,0.105,4.397911023801271e-5,7,MMGT1
1.3132890330780356e-9,0.8764712306859832,0.6,0.31,4.805324572032532e-5,7,LAP3
1.3164167533830096e-9,0.782338494153554,0.509,0.238,4.816768900628432e-5,7,NUDT4
1.4841325945980088e-9,0.8045697695418945,0.673,0.362,5.430441163634114e-5,7,EIF3CL
1.6340488961930077e-9,1.349748332601479,0.264,0.091,5.9789849111702154e-5,7,DPAGT1
1.6579251305159914e-9,1.1470608475284374,0.373,0.154,6.066348052558013e-5,7,ARPC1A
1.791155668229294e-9,0.8722245258754481,0.464,0.203,6.553838590050987e-5,7,MESDC2
1.954886030830494e-9,1.0365368947663753,0.445,0.203,7.152927986808777e-5,7,NSUN5P1
2.0686150570270456e-9,0.8554862907681806,0.609,0.321,7.56906249366196e-5,7,ATP5O
2.108966334901652e-9,1.2608216388338902,0.255,0.085,7.716707819405144e-5,7,GLT8D1
2.167186430312995e-9,1.2781143245585584,0.3,0.112,7.929735148515249e-5,7,HDAC6
2.2953963174643377e-9,0.7860509864841292,0.636,0.334,8.398855125602012e-5,7,RER1
2.327380288491554e-9,0.7160941654342116,0.455,0.199,8.515884475590596e-5,7,POU2F2
2.333469861781623e-9,1.101147480232781,0.4,0.171,8.538166224258958e-5,7,TMEM134
2.348773175953056e-9,0.8352499216172994,0.491,0.217,8.594161050812232e-5,7,NDUFB6
2.4615061100519142e-9,0.40227477530638156,0.991,0.811,9.006650856679954e-5,7,MT-ND3
2.508357521691096e-9,1.1393602962167795,0.355,0.143,9.17808017186772e-5,7,GOLT1B
2.5229807132376436e-9,1.1858225045105515,0.364,0.153,9.231586429736538e-5,7,LARP4
2.6186846024955912e-9,0.8133282294980477,0.591,0.294,9.581766960531368e-5,7,ADIPOR1
2.6707283051763397e-9,0.8226129130767845,0.545,0.264,9.772194868640227e-5,7,MTDH
3.1672238165469935e-9,0.7208202221543396,0.764,0.429,1.1588871944745449e-4,7,AUP1
3.1867830596610247e-9,0.8753911196341114,0.573,0.291,1.166043921529969e-4,7,IGFLR1
3.2286231466116533e-9,1.2401722888667446,0.355,0.149,1.181353209345204e-4,7,EHD4
3.3474121252652367e-9,1.2885716929077407,0.336,0.138,1.22481809663455e-4,7,ZBTB8OS
3.938623427401922e-9,0.772618676558585,0.509,0.238,1.441142312086363e-4,7,DCTN2
3.9390946060535725e-9,1.0292331941398003,0.418,0.184,1.4413147163550022e-4,7,ASAH1
3.9466296897217035e-9,0.6914333888466209,0.836,0.479,1.4440718034691713e-4,7,EMP3
4.167757916562209e-9,0.867785684625548,0.582,0.296,1.5249826216701123e-4,7,SARS
4.373309936411829e-9,0.8956154230890689,0.436,0.193,1.6001941057330882e-4,7,EDEM3
4.500820383057658e-9,1.1387747688603884,0.291,0.107,1.646850178160797e-4,7,PDXK
5.244096046297386e-9,0.7661768667997719,0.4,0.167,1.9188147433402136e-4,7,AP3D1
5.256703072831215e-9,1.1360229472125152,0.282,0.102,1.9234276543489415e-4,7,IDE
5.319532148106987e-9,1.2269487317469867,0.355,0.151,1.9464168129923465e-4,7,SLC39A11
5.51593659636751e-9,1.1033974022474347,0.345,0.141,2.018281200610872e-4,7,STT3B
5.697953220362706e-9,1.4841947398974578,0.264,0.097,2.084881083330714e-4,7,TBXAS1
6.205171709794399e-9,0.8368433088409075,0.473,0.212,2.2704723286137707e-4,7,RP4-717I23.3
6.359805571065635e-9,0.6653721116757869,0.791,0.472,2.327052858452916e-4,7,MYADM
7.2583508092805005e-9,0.6332361551259496,0.782,0.447,2.655830561115735e-4,7,AKAP9
7.323677442272469e-9,1.031763992815451,0.427,0.195,2.6797335761274965e-4,7,SDF4
7.33290184129487e-9,1.017287021272618,0.427,0.192,2.683108783729793e-4,7,NUDT22
7.515380540112915e-9,0.8489343552133506,0.555,0.267,2.7498777396273155e-4,7,LAPTM4A
7.860216033606093e-9,0.9664135101232456,0.4,0.171,2.8760530466964696e-4,7,TRAPPC3
7.930133216760282e-9,1.2979841644649404,0.309,0.123,2.9016357440125873e-4,7,UNC50
8.914249338687341e-9,1.3728380439853156,0.273,0.102,3.261723833025698e-4,7,USF1
8.94048102217937e-9,0.6888272416980623,0.8,0.422,3.2713220060154313e-4,7,NDUFA4
8.955970187685125e-9,0.7640821265820581,0.673,0.364,3.276989491673987e-4,7,UBL5
9.333599004790472e-9,0.5252609524506733,0.9,0.688,3.4151638758528335e-4,7,VIM
9.583751348074543e-9,1.1163903479633885,0.345,0.143,3.506694618260475e-4,7,CLPTM1
9.61318358250196e-9,1.2412068419194393,0.273,0.1,3.5174638728374674e-4,7,PAPSS1
9.679273382801057e-9,0.9841711010692481,0.427,0.195,3.5416461307669067e-4,7,SEC23B
1.0379396897519655e-8,0.39175929468682424,0.991,0.816,3.7978213248024417e-4,7,RPS5
1.0462884114659232e-8,1.527881961477386,0.255,0.094,3.828369297553813e-4,7,SSSCA1
1.0476204126419475e-8,0.9124370445018647,0.4,0.172,3.833243089856886e-4,7,AMZ2
1.0710649256395754e-8,0.6368890004848546,0.827,0.486,3.9190265629152066e-4,7,UBXN4
1.078903499873718e-8,0.6306054358852344,0.391,0.158,3.947707906037934e-4,7,SNRNP70
1.0973775221856386e-8,0.8667697848565556,0.436,0.193,4.0153043536772515e-4,7,TIMM10B
1.110003844395635e-8,0.9070228104789179,0.345,0.138,4.0615040666436286e-4,7,TGIF2
1.1238968200544264e-8,0.99674444082552,0.5,0.262,4.112338464579146e-4,7,TMEM140
1.1540800537446216e-8,1.2565698312369968,0.345,0.149,4.2227789166515706e-4,7,UQCC2
1.2871845145312477e-8,0.965725150910099,0.418,0.184,4.7098081386698354e-4,7,CENPT
1.3518966390790865e-8,1.0774142865497132,0.355,0.151,4.946589802390378e-4,7,CORO1C
1.4206496867785745e-8,0.6090461677714103,0.9,0.523,5.198157203922804e-4,7,EIF5
1.4628526390225716e-8,0.9560068481954572,0.418,0.191,5.352577806183589e-4,7,RGPD2
1.6467717633972256e-8,0.7053870534892966,0.682,0.355,6.025537882270449e-4,7,TRABD
1.7320106016072145e-8,1.032574528771239,0.336,0.137,6.337426791280798e-4,7,CTNNA1
1.8788339550823707e-8,0.9086750472901352,0.455,0.215,6.874653441646394e-4,7,JTB
1.950231021119464e-8,0.9571560364316228,0.427,0.195,7.135895306276119e-4,7,NAA10
1.9867479661428433e-8,0.8101010487058794,0.536,0.27,7.269510808116664e-4,7,IL21R
2.0136138090265376e-8,0.7325822838309946,0.673,0.39,7.367812927228101e-4,7,GNG5
2.0400957367883166e-8,1.2523826862416862,0.264,0.097,7.46471030090845e-4,7,ALG3
2.2184198700259117e-8,0.8333789636266773,0.464,0.214,8.117198304424811e-4,7,MTG1
2.348954186714991e-8,0.6650236275598601,0.564,0.285,8.594823369190152e-4,7,HERC2P9
2.3547065852724813e-8,0.9455909837698845,0.4,0.178,8.615871395512009e-4,7,NDUFB5
2.4105261342555195e-8,0.7165943225458618,0.727,0.401,8.820115125240946e-4,7,TCEB2
2.4391304309645534e-8,1.0842847818237022,0.418,0.199,8.924778246899301e-4,7,DNPH1
2.5619057542058954e-8,0.7479999778305304,0.691,0.418,9.374013154639371e-4,7,TRMT112
2.745673999271503e-8,1.048700301439677,0.3,0.117,0.001004642116333443,7,NFE2L1
2.8381803351962276e-8,1.2391909400928167,0.264,0.099,0.0010384901846482997,7,MYCBP
2.9489554131956197e-8,0.7360997039123283,0.555,0.279,0.0010790227856882773,7,SH3GLB1
2.986366265389506e-8,0.8528594862389962,0.509,0.266,0.0010927114165060203,7,CBWD2
3.010254578938998e-8,1.0898732611024944,0.391,0.183,0.0011014521504337793,7,ERGIC2
3.0785599181015755e-8,1.2334717428347157,0.291,0.115,0.0011264450740333665,7,C12orf44
3.1754309404163905e-8,1.03780589138361,0.355,0.153,0.0011618901810983573,7,DESI1
3.259780045894445e-8,0.8374461703458107,0.509,0.253,0.0011927535187927774,7,SAP30BP
3.569977957695869e-8,0.6009884017924594,0.791,0.517,0.0013062549347209185,7,PDXDC2P
3.648144475398851e-8,0.7330312128266636,0.291,0.112,0.0013348560635484397,7,ANKHD1-EIF4EBP3
3.766817768813269e-8,0.7372973296763763,0.345,0.144,0.001378278621608775,7,XPOT
3.9854883393530827e-8,0.7040855208696588,0.718,0.433,0.001458290183369293,7,ANXA2
4.20045174198691e-8,0.937366678760131,0.409,0.187,0.0015369452923930105,7,ACO2
4.367385919579192e-8,1.101737240948213,0.373,0.172,0.0015980265079740263,7,CCDC53
4.498854733192559e-8,0.8338455653944274,0.545,0.29,0.0016461309468751573,7,PSMB7
4.650394869187835e-8,0.8207402154596499,0.518,0.264,0.0017015794826358288,7,SFT2D1
4.654001495296711e-8,0.6613396903887407,0.827,0.468,0.0017028991471290666,7,SYNGR2
4.6632234518284577e-8,1.2358507193596346,0.3,0.123,0.0017062734610240327,7,PRKD2
4.997621161351162e-8,1.1266037787501324,0.3,0.121,0.0018286295829383903,7,TWF1
5.196155683506731e-8,1.157794458841511,0.273,0.104,0.001901273364595113,7,HMCES
5.3369825225857426e-8,0.5828417120213698,0.936,0.557,0.0019528019050141232,7,YWHAE
5.7675223263942144e-8,1.0259675326092539,0.409,0.201,0.002110336419227643,7,FAM96A
5.84091992550384e-8,0.7649625786171486,0.6,0.346,0.002137192600741855,7,MTND1P23
5.930598101500095e-8,1.1056214915582003,0.3,0.121,0.002170005845338885,7,NDUFA7
6.114367323561964e-8,0.7403869923941608,0.5,0.245,0.002237247003691323,7,ENTPD4
6.388426299075434e-8,1.1736456123226306,0.336,0.15,0.002337525182831701,7,NCF4
6.488856918451802e-8,1.048578273032951,0.291,0.114,0.0023742727464615143,7,EIF1AXP1
6.49482023717951e-8,0.8650626695721928,0.355,0.151,0.002376454724783983,7,PRKD3
6.625483428557288e-8,1.2959616034896122,0.273,0.108,0.002424264386509112,7,COA3
6.922174167200978e-8,1.1040752356311243,0.273,0.105,0.002532823527778838,7,FAAH2
6.964695864475345e-8,0.8655960109847456,0.391,0.175,0.002548382216811529,7,HERC2P3
6.966887422521495e-8,0.6475625784277195,0.827,0.493,0.002549184107900615,7,COX7C
7.32176363982262e-8,1.1610953945621483,0.318,0.135,0.002679033315811097,7,PLA2G16
7.916751609826633e-8,1.2026145105639234,0.345,0.157,0.002896739414035565,7,HIST2H4B
8.082438851531037e-8,0.8317025723355789,0.573,0.314,0.0029573643757752066,7,PIM1
8.082793434560642e-8,0.722092813622933,0.364,0.156,0.002957494117705739,7,SOS1
8.591805911173367e-8,1.1227810047752576,0.255,0.095,0.003143741782898335,7,GALK2
8.838292608892573e-8,0.9007631235264699,0.373,0.169,0.0032339312655937924,7,ELL
8.873581847090861e-8,0.8007537577711238,0.564,0.304,0.003246843597850546,7,C19orf53
9.307119852586254e-8,1.0668814776649398,0.291,0.117,0.0034054751540613104,7,MED8
9.761887476145148e-8,0.459750150997263,0.327,0.132,0.0035718746275215096,7,ZNF252P
9.97372848754452e-8,1.0612220320114962,0.318,0.135,0.00364938725359254,7,PYGB
1.0023701868533408e-7,0.872022318311314,0.4,0.177,0.003667672513696374,7,METTL23
1.0107504166967374e-7,1.0441960470586942,0.336,0.145,0.003698335774693362,7,SAT2
1.0224934920977091e-7,1.1771405704942954,0.282,0.115,0.0037413036875855177,7,RDX
1.1031574542741396e-7,1.0715054558409693,0.418,0.213,0.004036453125189077,7,PCGF5
1.1135978095211385e-7,0.9781038800485586,0.382,0.176,0.004074654385037846,7,SPOP
1.1869022320531997e-7,0.773470303684444,0.573,0.311,0.004342875267082658,7,MRPS6
1.270120606466918e-7,1.049412465788377,0.282,0.112,0.004647371299062453,7,TNS3
1.304982115701847e-7,1.1652552418919535,0.264,0.103,0.0047749295613530585,7,ADPRHL2
1.3825713196524703e-7,0.5257331080491692,0.936,0.649,0.005058828458608389,7,ARF1
1.3837451451337301e-7,1.0184229991385618,0.309,0.13,0.005063123486044319,7,OXR1
1.384676553417563e-7,1.0580525314374651,0.282,0.111,0.0050665315089548635,7,THAP7
1.3917501218152495e-7,0.780584308791747,0.536,0.284,0.005092413695721998,7,NDEL1
1.4294162964390011e-7,0.5035886748222653,0.964,0.696,0.005230234228670305,7,EEF1B2
1.5153333188244744e-7,1.284692999125404,0.282,0.118,0.005544604613578752,7,POLR2I
1.558364501885734e-7,0.7648223823415704,0.527,0.271,0.0057020557123999005,7,NARF
1.58681209727618e-7,1.0601776550911326,0.382,0.185,0.005806145463933543,7,NDUFAB1
1.615251334907697e-7,1.099534372648555,0.264,0.102,0.005910204634427263,7,ARL2BP
1.6614212494658886e-07,0.35911881917265287,0.973,0.815,0.006079140351795687,7,RPL37A
1.710634964791069e-7,0.61616639911687,0.582,0.296,0.0062592133361705216,7,MEF2D
1.7204671398651783e-7,0.7160196415969525,0.582,0.318,0.006295189264766687,7,PPP1R15B
1.8080289421185114e-7,0.9042961916425825,0.455,0.239,0.006615577899211633,7,HEXB
1.906324136324855e-7,0.5420499896840854,0.873,0.558,0.006975240014812645,7,GRB2
1.9090147396205737e-7,1.069239007047732,0.336,0.152,0.006985084932271679,7,DNAJB12
1.9694609854070677e-7,0.7635421405333965,0.518,0.261,0.007206257745604461,7,LY9
2.0475595396973745e-7,0.9586876768288926,0.373,0.17,0.007492020355752693,7,NMRK1
2.1107981162948874e-7,0.7779413038680854,0.564,0.312,0.007723410307522993,7,NDUFV1
2.1431360730517213e-7,0.8304806430686074,0.5,0.262,0.007841734891296248,7,ATP6AP1
2.172200415095915e-7,1.1333509300972775,0.309,0.134,0.007948081318835953,7,MRPL43
2.1953862505696975e-7,0.7233913668218829,0.591,0.32,0.008032918290834523,7,MLF2
2.327698502835318e-7,0.8776182647958822,0.391,0.18,0.008517048821874429,7,C7orf50
2.4879911530995e-7,0.8584140926071824,0.455,0.229,0.009103559629191071,7,APEH
2.497924826982967e-7,0.9635853087985113,0.4,0.196,0.009139906941930676,7,GPAA1
2.585846416991444e-7,0.5526117830006154,0.873,0.595,0.009461612039771694,7,GABARAP
2.770855871414568e-7,0.8063866901109077,0.455,0.224,0.010138561633505905,7,FLOT1
2.8326284806645674e-7,0.5230044611897287,0.909,0.572,0.010364587610751652,7,TMED4
2.9505174969912673e-7,1.1095327145089153,0.309,0.134,0.010795943521491047,7,FASTK
3.110621982216344e-7,0.48416528360778877,0.6,0.31,0.011381765832929602,7,HERC2P2
3.145538007842674e-7,0.6205977842357642,0.755,0.483,0.011509523570696345,7,ATP5L
3.3246385156004976e-7,0.7350198094631861,0.518,0.27,0.01216485232858222,7,LUC7L
3.3369036889219217e-7,0.8239311098495177,0.373,0.167,0.012209730597765311,7,TRADD
3.513395772092309e-7,0.887700080909563,0.345,0.155,0.01285551513008576,7,TM9SF4
3.8681490210912273e-7,0.76301160059538,0.527,0.277,0.0141535572681728,7,EIF2A
3.890966351338676e-7,1.1272777544331416,0.327,0.149,0.014237045879548216,7,RELB
4.001999449609883e-7,0.9269928065037685,0.327,0.145,0.014643315986122563,7,PPIF
4.1091550806449106e-7,0.9238585430490212,0.391,0.19,0.015035398440079728,7,TRAPPC5
4.225502900911948e-7,0.7160335128468337,0.591,0.318,0.015461115114436819,7,NDUFS5
4.2497726537860103e-7,1.072199231466851,0.291,0.123,0.015549918140203012,7,EMC6
4.3276503602918126e-7,0.6647378414610122,0.645,0.376,0.015834872668307742,7,MIR24-2
4.3686705963885686e-7,1.016976854000069,0.327,0.148,0.015984965712185772,7,SGTA
4.4941100374451537e-7,0.8301112147659426,0.3,0.125,0.016443948627011817,7,DDX11
4.633944818976943e-7,0.5619638729297027,0.809,0.485,0.016955604092636634,7,SEC22B
4.696153719230267e-7,0.7628760933353105,0.491,0.249,0.017183226458663547,7,ZNHIT1
4.767125347804324e-7,0.8845196476704155,0.409,0.199,0.017442911647616022,7,IFI35
4.978101482144837e-7,0.6202858387659274,0.782,0.501,0.018214873323167957,7,RP11-138A9.2
5.0528097461644e-7,1.1009359212755767,0.309,0.139,0.018488230861215538,7,NAA20
5.192280081445233e-7,0.6490551928273036,0.473,0.23,0.018998552818008108,7,LMF2
5.366407596074652e-7,0.8702773519117102,0.464,0.248,0.01963568539403715,7,UXT
5.589967531083317e-7,1.2272502535417873,0.264,0.111,0.02045369119623386,7,MCTS1
5.646407179593638e-7,1.4599604467915202,0.273,0.119,0.02066020387013312,7,IGHM
5.817476602665295e-7,0.7052658348141729,0.564,0.315,0.021286146889152313,7,TNIP1
6.376973484822912e-7,0.7453361502910485,0.409,0.197,0.023333345980967035,7,TMEM175
6.69321602142503e-7,0.8634733255223453,0.364,0.17,0.024490477422394186,7,CCDC47
6.741433284940257e-7,0.6708754382404127,0.673,0.384,0.0246669043895964,7,ERP29
6.744231715316573e-7,0.6366297564246433,0.618,0.342,0.02467714384634334,7,SERINC3
6.983459455156549e-7,0.6803298764963828,0.427,0.206,0.025552478146417812,7,COPB2
7.014786342907087e-7,0.8808519505740958,0.373,0.174,0.02566710322869703,7,MGST3
7.162400097460164e-7,0.902059973742656,0.382,0.186,0.02620722195660674,7,PIEZO1
7.181359378272134e-7,0.6695084714613824,0.573,0.295,0.02627659396509774,7,CSTB
7.342060925896732e-7,0.8947696971964639,0.391,0.19,0.02686460092785614,7,IRAK1
7.839521605212951e-7,0.7624857112338008,0.436,0.212,0.02868480955347419,7,C18orf32
8.30926278672095e-7,0.8196180491928473,0.364,0.17,0.030403592536611956,7,TPD52L2
8.372999809047599e-7,0.8426818970989989,0.4,0.197,0.030636806301305164,7,ATG13
8.384992311594175e-7,0.251861468882719,0.373,0.168,0.030680686868123086,7,TM9SF3
8.650469183191234e-7,0.7747384772031568,0.527,0.298,0.031652066741296725,7,WDR83OS
8.695313085116396e-7,0.7935487012429433,0.491,0.267,0.031816150578440894,7,C14orf2
8.728030989058055e-7,1.221636957610034,0.264,0.112,0.031935865388963425,7,GLO1
8.773762665281737e-7,0.8078382234215163,0.491,0.271,0.032103197592265875,7,WBSCR22
8.924012473432441e-7,0.8048099546069234,0.473,0.247,0.0326529616402893,7,NOP10
9.328937315977726e-7,0.7306385074206194,0.536,0.289,0.0341345816391625,7,DHRS7
9.799455307213378e-7,0.5306566468759994,0.864,0.561,0.03585620696909375,7,CTD-2328D6.1
1.0068278391006658e-6,1.0074637217927003,0.309,0.138,0.03683983063269336,7,CCS
1.0319771122091481e-6,0.8652726317149617,0.327,0.149,0.03776004253573273,7,CITED2
1.0341388356760461e-6,0.854628066391978,0.355,0.166,0.03783913999738653,7,ECE1
1.1625262681391746e-6,1.1221685852515582,0.327,0.157,0.0425368361512124,7,HIST2H4A
1.186233996586239e-6,0.8494575937610817,0.318,0.142,0.043404301935090484,7,STX5
1.2251646686056716e-6,0.8559960059689331,0.291,0.123,0.044828775224281525,7,GCDH
1.2406277027920964e-6,1.2636105560876647,0.264,0.116,0.04539456764516281,7,MRPS18A
1.241345153779605e-6,0.7109612227161428,0.391,0.185,0.045420819176795746,7,TRIM27
1.2457547930999624e-6,0.5341710556398878,0.455,0.229,0.045582167879527624,7,HERC2
1.2607660369035045e-6,0.6461859052983383,0.655,0.385,0.04613142929029923,7,GHITM
1.2684791810269047e-6,0.6481684626538389,0.664,0.39,0.04641365323377444,7,COX5B
1.5208448829184817e-6,0.7819704028431831,0.418,0.212,0.05564771426598725,7,PPP1CC
1.627932385117603e-6,0.8721043275341217,0.391,0.199,0.0595660459714531,7,RGPD1
1.630005534103418e-6,0.7812045955009577,0.445,0.227,0.05964190249284407,7,AP003419.11
1.7619641523580754e-6,0.6817326319246051,0.6,0.345,0.06447026833478198,7,COX6C
1.8088615079125958e-6,0.9222651051388148,0.364,0.177,0.06618624257452188,7,TSTA3
1.8383174347214037e-6,0.6469174516346412,0.609,0.374,0.06726403493645616,7,KPNB1
2.125233067751253e-6,0.9535479441769188,0.327,0.153,0.07776227794901835,7,NECAP1
2.204607377986889e-6,0.7788582728345796,0.327,0.149,0.08066658396054027,7,RARS2
2.353051019809982e-6,0.288853966603411,0.645,0.341,0.08609813681484724,7,EIF5B
2.451016586135779e-6,0.6389943292394777,0.591,0.348,0.08968269688670816,7,ERP44
2.518918674754289e-6,0.8218218786806386,0.609,0.433,0.09216723430925944,7,C5orf45
2.5693864889042572e-6,0.5709345904260525,0.709,0.445,0.09401385162900677,7,AC011933.1
2.6297433373123624e-6,0.42703166265537584,0.982,0.74,0.09622230871225934,7,RPL35
2.6595592923506217e-6,0.9762499645150073,0.355,0.179,0.09731327450710925,7,NUBP2
2.661906949308346e-6,0.4469516570619456,0.873,0.688,0.09739917527519237,7,RGS1
2.6777538808531176e-6,1.0399198064515174,0.264,0.113,0.09797901450041557,7,BAD
3.0071499874662067e-6,0.5304744796017788,0.709,0.416,0.1100316180413885,7,EIF3A
3.035886263491605e-6,0.5160844318715982,0.864,0.565,0.11108307838115783,7,MCL1
3.087034465387717e-6,0.7578430759129677,0.464,0.252,0.11295459108853656,7,ATP5J2
3.1030623992567286e-6,0.7422632480337953,0.436,0.226,0.1135410531888037,7,SF3B5
3.142917195164685e-6,0.8139189117366608,0.391,0.199,0.11499934017107583,7,SRA1
3.188608741044874e-6,0.6166920209381412,0.673,0.4,0.11667119383483193,7,GTF3A
3.1970105804912663e-6,1.1574100187980998,0.264,0.118,0.11697861714017543,7,TMED3
3.2227056903089135e-6,0.8590139360320684,0.255,0.106,0.11791880120840315,7,NAT9
3.3175003388841162e-6,0.7413843828437927,0.527,0.318,0.12138733739976981,7,DYNLL1
3.3329487065802965e-6,0.9063510906766645,0.291,0.131,0.12195259317377305,7,TMEM70
3.3537744577039064e-6,0.5273750535427623,0.545,0.292,0.12271460740738593,7,GOLGA4
3.4133048836260116e-6,0.8760721165147519,0.4,0.214,0.12489282569187576,7,PSMD2
3.5124129220687195e-6,0.6984830060891978,0.318,0.147,0.12851918881849445,7,CCDC144A
3.7960945025172776e-6,0.5279006962404871,0.618,0.32,0.1388990978471072,7,HLA-DQA1
3.889391891886973e-6,1.0855077734483898,0.3,0.144,0.14231284932414434,7,POLDIP2
3.909220939402047e-6,1.1720416172196362,0.291,0.14,0.1430383941727209,7,YIPF1
4.0714553799503506e-6,0.6050803844968169,0.636,0.388,0.14897455235238333,7,TUBB4B
4.122240135684407e-6,0.7553085699770645,0.373,0.181,0.15083276656469247,7,ECHS1
4.1973699693720334e-6,0.5337497013558332,0.264,0.11,0.1535817671793227,7,C6orf106
4.2048800605876124e-6,0.7446645573259014,0.409,0.211,0.15385656141690074,7,EMC3
4.219411265271589e-6,0.7254451179998055,0.482,0.264,0.15438825819628743,7,ATP6V1F
4.286252431429105e-6,0.5914457777701247,0.518,0.286,0.15683397646599095,7,CLTC
4.919353850274533e-6,1.1705072818935998,0.255,0.115,0.17999915738154515,7,SCO2
5.219307414705554e-6,0.6371685603263295,0.264,0.115,0.19097445830407622,7,PTPN23
5.280492034742679e-6,0.7396683134035134,0.4,0.208,0.1932132035512346,7,MRPS16
5.334318625926926e-6,0.9951780534485613,0.282,0.13,0.19518271852266622,7,UBE2H
5.358713257130887e-6,0.6951977257857348,0.4,0.201,0.19607531807841916,7,FAM214A
5.505927991977799e-6,0.9324894830717139,0.309,0.149,0.20146190522646767,7,SNX3
5.620851716958697e-6,0.5683862427696741,0.609,0.358,0.20566696432351872,7,PDXDC1
5.757406332795867e-6,0.5879814262926863,0.664,0.384,0.21066349771700077,7,ECH1
5.804797010622309e-6,0.5716853764583449,0.336,0.159,0.2123975226186703,7,SVIP
5.843791558435285e-6,0.6695086554149956,0.464,0.25,0.21382433312314708,7,TKT
6.74220551188931e-6,0.5252298365083216,0.664,0.406,0.24669729968002985,7,MORF4L2
6.769781435433941e-6,0.6356111284525524,0.545,0.307,0.24770630272252792,7,RBX1
6.89449618551663e-6,0.5153568056868139,0.564,0.305,0.2522696154280535,7,NGLY1
7.4184676859267995e-6,0.5772443997997427,0.673,0.405,0.2714417326280616,7,SURF4
7.63867229558457e-6,0.8821704925948146,0.282,0.13,0.2794990192954394,7,MSTO1
7.669074830962685e-6,0.6931150160754365,0.373,0.186,0.28061144806492466,7,TRAF3
7.828472633697459e-6,0.5239619250532463,0.545,0.303,0.28644381366699,7,IARS
8.117334570512114e-6,0.7917976158758727,0.309,0.145,0.29701327193503824,7,SLAMF1
8.233539206647933e-6,0.5155326107228504,0.627,0.37,0.30126519957124787,7,CCDC88C
8.447356136587203e-6,0.8695917228927856,0.318,0.155,0.30908876103772576,7,ACAT1
8.6375919576831e-6,0.7726784089076391,0.373,0.19,0.3160494897316246,7,CMPK1
8.736138075171596e-6,0.7887188144299326,0.364,0.182,0.3196552921705287,7,COX17
8.944133520705222e-6,0.6157303057782865,0.527,0.288,0.32726584552260407,7,SCAND1
8.956776942348199e-6,0.5136971833370406,0.455,0.246,0.3277284683205206,7,MAN2A1
9.567579182245822e-6,0.3938767556849565,0.255,0.108,0.35007772227837464,7,ATG2B
9.816380678540071e-6,0.42720010387344853,1,0.716,0.3591813690277812,7,SLC25A6
9.837548311297795e-6,0.6259114306636518,0.582,0.371,0.3599558927103863,7,EIF4G1
9.871975516606568e-6,0.5124796138346575,0.745,0.527,0.36121558415263433,7,ATP5B
1.031951927599195e-5,0.7442968266977769,0.464,0.266,0.3775912103085455,7,BCAS2
1.055293012219849e-5,0.9656311055114118,0.318,0.16,0.38613171317124273,7,TMX2
1.0900210399400478e-5,0.43401366759980575,0.491,0.26,0.3988386985140635,7,ATP2B1
1.1203725977626533e-5,0.6226590608811927,0.527,0.296,0.40994433352135484,7,IRF7
1.1305481935064421e-5,0.9326611082878729,0.282,0.132,0.41366758400400716,7,ENO2
1.1561646973134998e-5,0.623851883463648,0.4,0.205,0.4230406627470096,7,CARHSP1
1.1596053274720575e-5,0.7221921482288548,0.4,0.212,0.4242995893220258,7,RHEB
1.1875303202568688e-5,0.5296568525120058,0.636,0.388,0.4345173441819883,7,XRN1
1.2019042636701727e-5,0.44135253101606364,0.691,0.378,0.4397767700769162,7,ADAM19
1.270747301140851e-5,0.7998681061893139,0.364,0.186,0.4649664374874374,7,CLPP
1.2865568935982452e-5,0.6129098597301799,0.609,0.374,0.4707511673675979,7,ATP5G3
1.3277962809032928e-5,0.6782467568397103,0.491,0.292,0.48584065918251484,7,RBM33
1.342513714508442e-5,1.0433144170773867,0.255,0.117,0.49122576813863894,7,TSEN15
1.3666213019458695e-5,0.7111146541964031,0.336,0.167,0.5000467343819937,7,OSBPL9
1.3774420009271537e-5,1.031053949480243,0.273,0.13,0.5040060281392456,7,PTPMT1
1.402844621933852e-5,1.0602640429997623,0.282,0.138,0.5133008471655964,7,ATF3
1.4392418606234969e-5,0.5574957350546064,0.682,0.461,0.5266185968021375,7,PSMB1
1.44975365812261e-5,0.529462594368533,0.318,0.152,0.530464863507063,7,CHD7
1.4567376029006596e-5,0.6197762661036121,0.527,0.306,0.5330202889013513,7,C1orf43
1.4679110724058475e-5,0.5466362880968936,0.709,0.431,0.5371086613932996,7,CHP1
1.4965902398911268e-5,0.8021893260965731,0.373,0.199,0.5476023687761633,7,RNASEH2C
1.5197666778155039e-5,1.0157804497685925,0.255,0.118,0.5560826274126929,7,METTL2B
1.5968717400616228e-5,0.6237209183067189,0.409,0.219,0.5842953696885478,7,EIF3J
1.6049191801537077e-5,0.5522671876855866,0.627,0.363,0.5872399280182417,7,PEBP1
1.6087628111005614e-5,0.2691720006827776,0.991,0.879,0.5886463125816954,7,RPS28
1.6111042068223114e-5,0.5982594420026451,0.555,0.326,0.5895030292762837,7,SNRPN
1.659725355507291e-5,0.9223436782627823,0.318,0.161,0.6072935075801178,7,NDUFB1
1.6790418066348067e-5,0.7676922881466007,0.355,0.183,0.6143613970476758,7,CXorf40B
1.707854857468938e-5,0.4929244625379743,0.4,0.202,0.6249040923478844,7,LRP10
1.781561244507124e-5,0.5432700323740247,0.618,0.361,0.6518732593651566,7,POLD4
1.78562106991631e-5,0.6815906231704143,0.491,0.29,0.6533587494823778,7,EXOC4
1.788224703003216e-5,0.40358062402014944,0.4,0.195,0.6543114188288768,7,MRP63
1.8408248188883647e-5,0.7362080353117791,0.391,0.207,0.6735578012312526,7,DCTN3
1.9341376840120716e-5,0.9391984262269133,0.3,0.148,0.707700978580017,7,CUEDC2
1.9794503992365264e-5,0.9296608301546725,0.273,0.129,0.724280901080645,7,MRPL54
2.0304444915408837e-5,0.2611122376654986,0.982,0.882,0.7429396394548093,7,CALR
2.0331396364037246e-5,0.5734648644534122,0.6,0.352,0.7439257929601228,7,ORMDL1
2.2249202510815635e-5,0.857000946066581,0.345,0.183,0.8140983198707441,7,NSUN5P2
2.3241210256985667e-5,0.7211728730272604,0.255,0.113,0.8503958833031056,7,GPR114
2.3399848787075683e-5,0.9637828606844399,0.264,0.124,0.8562004671190993,7,RANGRF
2.3575979241963196e-5,1.0040141077190998,0.3,0.155,0.8626450804634334,7,FANCA
2.4201021578740267e-5,0.6227524657855021,0.373,0.193,0.8855153795661064,7,PPM1A
2.4727878362051925e-5,0.7288291772693354,0.327,0.16,0.9047930692674799,7,CXXC1
2.5508977220978224e-5,0.8439008429065926,0.327,0.171,0.9333734765155932,7,NAGK
2.610229148136689e-5,0.6764989577567183,0.391,0.212,0.9550828453032145,7,SUGT1
2.747321345464293e-5,0.9697135756596487,0.255,0.12,1,7,TTC37
2.7786706286780927e-5,1.1084517795751412,0.264,0.131,1,7,TXNDC17
2.7839160529730123e-5,0.5202424638971974,0.718,0.55,1,7,CRIP1
2.8016764568317143e-5,0.4240313758326868,0.864,0.639,1,7,MT-ND6
2.8348891568663603e-5,0.5655286403929274,0.527,0.306,1,7,RAB6A
2.8747837474307758e-5,0.37479119126153115,0.355,0.18,1,7,JMY
2.9013700538982334e-5,0.4348615937578608,0.527,0.3,1,7,CBWD1
3.0029861766145416e-5,0.32833759328381207,0.482,0.261,1,7,P2RY8
3.0374991826231934e-5,0.6488614726048945,0.436,0.243,1,7,MMADHC
3.259199755745179e-5,0.6595649469245893,0.509,0.312,1,7,CTB-43P18.1
3.288221026465088e-5,0.4652404611832718,0.6,0.344,1,7,DCAF8
3.622850106976827e-5,0.6386305816236413,0.491,0.284,1,7,DCXR
3.632138566134202e-5,0.950196554836225,0.264,0.128,1,7,UTP11L
3.815226102354963e-5,0.9187493067301317,0.3,0.154,1,7,LRRC41
3.873096216588934e-5,0.7665928878546782,0.4,0.225,1,7,TMEM179B
3.9188053187366734e-5,0.3307603851772227,0.964,0.793,1,7,SERF2
3.9568568569903206e-5,0.5872673339121949,0.545,0.333,1,7,RALY
3.9754198996710954e-5,0.5460236544423392,0.582,0.344,1,7,BST2
4.099055299033871e-5,0.6522484958937237,0.345,0.179,1,7,PTOV1
4.099786339728517e-5,0.7438008159966278,0.355,0.186,1,7,MRPL33
4.131312833632883e-5,1.1416536118031508,0.273,0.14,1,7,CXorf40A
4.4388411614360024e-5,0.9822780988221018,0.282,0.144,1,7,PGD
4.4556648623350625e-5,0.335655669774009,0.473,0.259,1,7,LARP1
4.6092327762314866e-5,0.6943087730568384,0.4,0.223,1,7,MFF
4.697896072536345e-5,0.8674443992226175,0.336,0.18,1,7,CDK16
4.701260139428065e-5,0.6814534455389076,0.445,0.26,1,7,OCIAD1
5.0324012784708216e-5,0.699369840431882,0.364,0.193,1,7,NDUFA2
5.43736662790284e-5,0.5980871021333856,0.573,0.355,1,7,ARL6IP4
5.6773072628857335e-5,0.2946657749818161,0.355,0.179,1,7,MYO5A
5.997361728349304e-5,0.6455308758243816,0.418,0.236,1,7,POLR2J
6.23150635645775e-5,0.6090989837657365,0.564,0.347,1,7,C19orf60
6.746499769039183e-5,0.8521623595495231,0.382,0.226,1,7,RP11-442H21.2
6.748628356367803e-5,0.6726776375756764,0.391,0.215,1,7,PIM3
6.798375764782705e-5,0.499945572861211,0.491,0.283,1,7,ERAP2
7.031746600172362e-5,0.6800355212698587,0.291,0.143,1,7,RP11-144G6.12
7.374029511719726e-5,0.6051554640847046,0.473,0.277,1,7,C12orf57
7.376828454308537e-5,0.7578496698808512,0.345,0.189,1,7,NDUFS3
7.723846033957926e-5,0.5484722231492872,0.355,0.186,1,7,KLHL24
8.050310366036761e-5,0.4948050239996223,0.4,0.215,1,7,SECISBP2L
8.139441265875291e-5,0.9145750576988795,0.255,0.125,1,7,ACADM
8.48461634008757e-5,0.649652855318211,0.309,0.154,1,7,SNHG9
8.599174556112033e-5,0.6978833483586409,0.3,0.152,1,7,NRBF2
8.611796096791302e-5,0.5138545364138102,0.5,0.296,1,7,ASCC3
8.698012196450833e-5,0.5187217615782693,0.464,0.254,1,7,TMEM50B
8.844165728572051e-5,0.7859314271537365,0.273,0.137,1,7,LTN1
8.928801479157755e-5,0.5654150311520868,0.527,0.312,1,7,NDUFS7
9.005045489618446e-5,0.7707925709085701,0.345,0.19,1,7,LYPLA1
9.259609746314901e-5,0.5217472091532782,0.609,0.39,1,7,CSNK2B
9.329633255927838e-5,0.5259530553558087,0.427,0.235,1,7,NOL7
9.443190914404376e-5,0.5121609646319683,0.691,0.513,1,7,IFI6
9.486772291977807e-5,0.4834326683651541,0.373,0.204,1,7,CCDC117
9.911785633565096e-5,0.6857058483313527,0.391,0.224,1,7,TAF9
9.944672874606653e-5,0.4900588985356529,0.718,0.493,1,7,JUN
1.0000005459676053e-4,0.6609281001942922,0.355,0.189,1,7,LSM12P1
1.0082688572166099e-4,0.5941547759843764,0.409,0.232,1,7,SMARCB1
1.0268860246864797e-4,0.6663700096371015,0.364,0.197,1,7,NDUFS6
1.0352231492816166e-4,0.5141169774359646,0.518,0.319,1,7,GTF2I
1.0457981126354987e-4,0.4254553342677727,0.855,0.628,1,7,TAGLN2
1.0466107584972129e-4,0.35925829749402083,0.564,0.322,1,7,LPIN1
1.0616001340024717e-4,0.5612059849847552,0.264,0.126,1,7,POLR2D
1.0806409370212045e-4,0.53192728691424,0.327,0.169,1,7,ELK3
1.0919602780945503e-4,0.463781212109329,0.318,0.163,1,7,NBN
1.111669291711248e-4,0.34812096313810914,0.673,0.365,1,7,C4orf3
1.122758246472344e-4,0.5809047653230979,0.545,0.334,1,7,EHD1
1.1314802122330825e-4,0.442118119470266,0.282,0.138,1,7,UBXN7
1.168829961233353e-4,0.6286575479626048,0.3,0.154,1,7,ERO1LB
1.234419676794385e-4,0.4890002598842862,0.418,0.236,1,7,SLC35E2B
1.237764936499186e-4,0.7026893403153358,0.4,0.234,1,7,IRF3
1.2557318473516155e-4,0.5557972972502725,0.291,0.148,1,7,ZHX2
1.2630029380589214e-4,0.3814250943143837,0.327,0.169,1,7,INPP4A
1.268217051448861e-4,0.7148166498229717,0.318,0.17,1,7,C6orf89
1.2769826291259e-4,0.49487725990571907,0.609,0.371,1,7,BCAP31
1.285692981027875e-4,0.5127467765046073,0.3,0.15,1,7,CHST11
1.3101530264947314e-4,0.6979429563274029,0.382,0.217,1,7,NELFE
1.3327719562683527e-4,0.6315198773706691,0.464,0.284,1,7,RNH1
1.3490093918178125e-4,0.8355430744512001,0.282,0.145,1,7,MTFP1
1.3936719021812038e-4,0.4038290272274041,0.291,0.146,1,7,SETDB2
1.3936933311797794e-4,0.7213647316136793,0.382,0.225,1,7,SDHB
1.404169840395486e-4,0.4718056539549686,0.536,0.325,1,7,ZFC3H1
1.4176473041205284e-4,0.7193012022031652,0.345,0.191,1,7,IGBP1
1.41980067581704e-4,0.4073834506420517,0.945,0.684,1,7,RBM6
1.4472622766326104e-4,0.5629117783330257,0.364,0.196,1,7,FPGS
1.4602984518363726e-4,0.41324973561302225,0.273,0.134,1,7,TNK2
1.5010848235852414e-4,0.6059624733401626,0.464,0.279,1,7,NDUFB2
1.5376053752502727e-4,0.4115925120310692,0.409,0.22,1,7,CDKN1B
1.5511408030555174e-4,0.6560931734207025,0.427,0.259,1,7,PIGT
1.5656045366552185e-4,0.7171981506053466,0.327,0.177,1,7,RP11-138C9.1
1.584156767717726e-4,0.6541891070959593,0.282,0.144,1,7,C7orf49
1.6022882919952686e-4,0.6134963105263527,0.445,0.266,1,7,PHB2
1.6105735072247107e-4,0.4305372969213903,0.782,0.548,1,7,IL10RA
1.6267405620173925e-4,0.5377780321695356,0.545,0.34,1,7,VDAC2
1.6451476488144046e-4,0.4296225778070657,0.764,0.499,1,7,IRF1
1.6829073123347804e-4,0.7293666546721916,0.282,0.147,1,7,NAGA
1.7080266951818857e-4,0.6922686969094771,0.273,0.139,1,7,LSM5
1.7447848708096458e-4,0.7670630497554014,0.291,0.151,1,7,LSM1
1.7625580574587296e-4,0.5554810614628434,0.373,0.207,1,7,PTTG1IP
1.799164048292834e-4,0.86409440763234,0.3,0.165,1,7,HSD17B10
1.8389876052693488e-4,0.6552354371488625,0.355,0.196,1,7,NIPA2
1.9083082224269354e-4,0.7666149501761877,0.282,0.146,1,7,REXO2
1.942921007238585e-4,0.6899289015745044,0.282,0.146,1,7,SNX29
1.9457251198584657e-4,0.6441280659349667,0.282,0.146,1,7,SRSF9
1.9754140513428275e-4,0.6836809769267613,0.4,0.246,1,7,NDUFB3
1.978106943774094e-4,0.6873210932434795,0.309,0.168,1,7,NFKBIB
2.059177431683601e-4,0.4803700515148063,0.291,0.147,1,7,RP11-206L10.2
2.0829244789077883e-4,0.7807519934617067,0.291,0.154,1,7,VPS51
2.0978000731730617e-4,0.5180966688086931,0.427,0.245,1,7,ATG4B
2.105564677417071e-4,0.3349449257064544,0.291,0.147,1,7,GFPT1
2.1213692447230592e-4,0.39940194505982163,0.927,0.649,1,7,OGT
2.1437504247190375e-4,0.4838374851163013,0.491,0.294,1,7,IRF2
2.153010714398551e-4,0.45774063342244764,0.764,0.531,1,7,CSDE1
2.2002178089097768e-4,0.3850966368123118,0.445,0.252,1,7,SAMD9L
2.2832183053411725e-4,0.5212586811145972,0.264,0.131,1,7,NFKB2
2.370183002864401e-4,0.6998280997673159,0.373,0.221,1,7,RAB2A
2.4088338656103048e-4,0.649573707261714,0.264,0.133,1,7,STX11
2.4819312596346954e-4,0.6679327488088006,0.355,0.203,1,7,NCSTN
2.5219283356059385e-4,0.44006531254398906,0.864,0.608,1,7,RPS21
2.614031040846232e-4,0.9137162115139723,0.273,0.15,1,7,SLIRP
2.7367581022241794e-4,0.636040202427216,0.382,0.22,1,7,MRPS34
2.7718511990193484e-4,0.6181510642340343,0.373,0.218,1,7,TXNL1
2.782802019909436e-4,0.5915070120293634,0.436,0.263,1,7,ATP5H
2.8093003610507594e-4,0.6024294921823934,0.291,0.153,1,7,UCKL1
2.816173619939466e-4,0.4714555210429072,0.636,0.405,1,7,UQCRB
2.8383747772919854e-4,0.5697459899698163,0.291,0.151,1,7,ALKBH5
2.8732842258505364e-4,0.4902237547261632,0.555,0.352,1,7,SCAMP2
2.890178710235336e-4,0.8355707744853904,0.318,0.183,1,7,PCBP1-AS1
2.917450214188211e-4,0.5900171978224681,0.373,0.215,1,7,SOCS3
2.933758128651487e-4,0.5562051816339133,0.418,0.246,1,7,ACTR1A
2.948541554204098e-4,0.49744076866067133,0.418,0.247,1,7,DALRD3
2.9901670465970476e-4,0.8655829443159391,0.273,0.147,1,7,LSMD1
3.0245597814615444e-4,0.3475541081476501,0.309,0.161,1,7,TSC1
3.0353835466190304e-4,0.5520284853814504,0.336,0.189,1,7,BLOC1S6
3.0849232075724764e-4,0.6485414993405737,0.336,0.194,1,7,ITPR2
3.1281759853518665e-4,0.5808478151419639,0.482,0.301,1,7,C11orf31
3.132925767221906e-4,0.6016691033427692,0.345,0.194,1,7,RAB18
3.1710464387502135e-4,0.5205039988161535,0.555,0.359,1,7,COX6B1
3.2584136440694245e-4,0.34089181629763093,0.555,0.333,1,7,APOL6
3.2716877523020216e-4,0.7325162147489876,0.309,0.173,1,7,MRPS25
3.290753675553315e-4,0.5984088654830411,0.355,0.204,1,7,TNPO1
3.2936912014003283e-4,0.27742410305020787,0.309,0.159,1,7,SNHG14
3.3176035274862237e-4,0.45966891216881933,0.655,0.436,1,7,VCP
3.3206618969594537e-4,0.4053596837067077,0.518,0.31,1,7,FAM107B
3.372964659329458e-4,0.5907282601496668,0.364,0.206,1,7,OSER1
3.450889355229858e-4,0.5039851401662222,0.445,0.268,1,7,FYTTD1
3.521119955316454e-4,0.4607864293391396,0.373,0.205,1,7,PSMD9
3.726787359614736e-4,0.6129590911867613,0.382,0.221,1,7,PRMT1
3.732737568884481e-4,0.6758217605198287,0.3,0.161,1,7,MRPL34
3.7671276179618296e-4,0.6034493073691067,0.4,0.24,1,7,CHMP2A
3.7793368734018173e-4,0.30360548550476296,0.309,0.159,1,7,LSM3
3.865025652987075e-4,0.5519625726615514,0.482,0.309,1,7,MTHFD2
4.014318068321643e-4,0.4573730464823975,0.645,0.428,1,7,UBE2B
4.015755004349586e-4,0.7960337682345209,0.3,0.167,1,7,DDT
4.230698390499388e-4,0.6684107606161176,0.264,0.137,1,7,RRAGA
4.304879938672457e-4,0.707536577927911,0.264,0.14,1,7,SUCO
4.479694086412245e-4,0.45623765822071327,0.564,0.346,1,7,PRDX6
4.50086607251432e-4,0.4815218747083241,0.627,0.429,1,7,PSMB4
4.54777089391456e-4,0.8693579334349437,0.291,0.168,1,7,GRHPR
4.597218190602881e-4,0.5889806313431634,0.264,0.136,1,7,ZNF280D
4.6717934975970543e-4,0.6855504435765954,0.373,0.228,1,7,VDAC3
4.7435367591774913e-4,0.3466630653428596,0.573,0.348,1,7,GLG1
4.81694152024037e-4,0.8142279435996538,0.264,0.141,1,7,TRAPPC2L
5.042309963929625e-4,0.4779324049383181,0.255,0.131,1,7,GPR155
5.105234064175512e-4,0.5178668244947278,0.491,0.317,1,7,SLX1A
5.117493894950531e-4,0.421034611590859,0.273,0.142,1,7,TBC1D23
5.214079112447756e-4,0.5055502864129379,0.536,0.343,1,7,NRBP1
5.215624931502738e-4,0.5131204955881858,0.409,0.244,1,7,UBE2G1
5.277204830498317e-4,0.41596841466158163,0.645,0.429,1,7,TCF25
5.35423964914683e-4,0.6183407332737423,0.445,0.284,1,7,SNHG8
5.389383793459324e-4,0.7309662900956406,0.264,0.141,1,7,ORMDL2
5.44948716701521e-4,0.501662024056633,0.5,0.318,1,7,ATP5F1
5.685247143729644e-4,0.6180264076152385,0.264,0.14,1,7,LEPROT
5.702740216542157e-4,0.3679637968688978,0.927,0.685,1,7,CYTIP
5.713598846124324e-4,0.6264411405683673,0.336,0.194,1,7,TXNDC12
5.827617087312831e-4,0.6015384443818421,0.291,0.158,1,7,COX16
5.83030167441434e-4,0.5641629396955783,0.409,0.25,1,7,PCMT1
5.88769678109724e-4,0.3183394663338628,0.455,0.264,1,7,ZRANB2
6.406758910832977e-4,0.48106189043747916,0.527,0.359,1,7,GTPBP1
6.454790805843214e-4,0.6401065025733461,0.264,0.142,1,7,RP5-930J4.4
6.539374180725144e-4,0.3042520698389518,0.518,0.316,1,7,AFF1
6.572096043204745e-4,0.39144674149495917,0.7,0.474,1,7,TPM4
6.73873628792121e-4,0.5160555751542191,0.518,0.343,1,7,STRAP
6.894628682565518e-4,0.2678208746293781,0.773,0.514,1,7,HUWE1
7.008623549564774e-4,0.39253742989519635,0.427,0.255,1,7,AAMP
7.175828386751792e-4,0.6009638211424434,0.309,0.173,1,7,USP14
7.288093223623004e-4,0.46962717510485996,0.473,0.308,1,7,DENND4A
7.367647032212599e-4,0.3619854992446807,0.582,0.355,1,7,TOMM20
7.369481662051758e-4,0.3940097324267544,0.818,0.634,1,7,NFKBIA
7.41739841991107e-4,0.5640363450886319,0.327,0.185,1,7,ELOF1
7.51007019682115e-4,0.4710182830827786,0.327,0.183,1,7,RTCA
7.738949874505074e-4,0.5819312110003882,0.318,0.184,1,7,KIAA0368
7.850494846710632e-4,0.6341619934171506,0.345,0.205,1,7,VAMP5
7.896518301213629e-4,0.5627869189040884,0.345,0.198,1,7,DDIT3
8.017895154408539e-4,0.3470124756071502,0.636,0.403,1,7,RBBP4
8.133730325885491e-4,0.29014895362879406,0.555,0.332,1,7,MKNK2
8.252674135516003e-4,0.26245110642010905,0.555,0.311,1,7,SNURF
8.332057935667159e-4,0.7475992521873447,0.264,0.145,1,7,INTS10
8.492278146854382e-4,0.39102936860994697,0.391,0.227,1,7,MIA3
8.555610936136215e-4,0.6647740678938064,0.291,0.166,1,7,AGO2
8.643820065323826e-4,0.45061803946816587,0.336,0.188,1,7,AC090186.1
8.900329431649201e-4,0.7189895336507556,0.282,0.158,1,7,CYB561D2
9.162041591173065e-4,0.9016748496152074,0.255,0.146,1,7,YIF1B
9.216678877410622e-4,0.7592033314223688,0.255,0.14,1,7,SLC25A46
9.383348003151326e-4,0.3685581413945451,0.445,0.278,1,7,TOP1
9.457193328912261e-4,0.5056992240999805,0.282,0.151,1,7,TM2D3
9.825461857912998e-4,0.3189639819837209,0.782,0.511,1,7,PCBP1
0.001003212815936294,0.5898538350782618,0.291,0.166,1,7,RABGEF1
0.0010243649285630596,0.5553726845555804,0.336,0.197,1,7,WDR6
0.0010365893778472302,0.3233715704186261,0.618,0.397,1,7,WHSC1L1
0.0010442403002590694,0.4704738133145292,0.609,0.431,1,7,TMBIM4
0.0010500835748612491,0.6196277264325329,0.373,0.234,1,7,SIVA1
0.001067403213817375,0.6402349935362587,0.282,0.16,1,7,DENND3
0.001107588083463007,0.4010972753972041,0.573,0.382,1,7,PTP4A2
0.0011134944155213322,0.5428007748655146,0.391,0.245,1,7,ERH
0.0011579529250571596,0.6447099058730615,0.3,0.174,1,7,FUNDC2
0.0011640943864417164,0.5855661842348444,0.382,0.242,1,7,BAG6
0.0012059730642794975,0.41240886742753813,0.764,0.511,1,7,HINT1
0.0012421187146840484,0.550592363926372,0.455,0.309,1,7,UQCRC1
0.0012724187687283006,0.40856127932481323,0.555,0.361,1,7,PSMF1
0.0012728991204382645,0.4058498500969395,0.291,0.162,1,7,GCN1L1
0.0012778978362142368,0.5757884959016043,0.327,0.194,1,7,UCHL5
0.0013059382627789162,0.33363377552232,0.491,0.312,1,7,ZC3H11A
0.0013514692653684435,0.3079300610039698,0.627,0.393,1,7,APOL2
0.0013553743390242179,0.5510980014390559,0.327,0.197,1,7,XIAP
0.0013556489200716726,0.36320483347208454,0.564,0.344,1,7,RAD23A
0.0013565424286940964,0.5145369148574452,0.427,0.275,1,7,TALDO1
0.0013951827121811977,0.7116052046884611,0.273,0.159,1,7,DCTN4
0.0014351301511157377,0.4599319596951814,0.473,0.299,1,7,PFKL
0.0014510655558046537,0.7323715923055999,0.264,0.15,1,7,EXOSC1
0.0014654343922910762,0.4309738457667215,0.509,0.319,1,7,ADRM1
0.0014768834340059822,0.7439518422147142,0.291,0.174,1,7,COPS3
0.0015096410130064353,0.5292659017270427,0.4,0.253,1,7,CNDP2
0.0015270339321000748,0.47636972355541574,0.355,0.208,1,7,BAK1
0.0015276806187203285,0.3898396398822992,0.791,0.562,1,7,RNASEK
0.0015736707150748597,0.3087144393671786,0.591,0.349,1,7,ANXA2P2
0.0015789500399450151,0.5956706980647712,0.355,0.222,1,7,MRPL20
0.0016014325521329642,0.39459975233819067,0.3,0.169,1,7,SNX19
0.0016082698950166119,0.3368221279311522,0.436,0.271,1,7,ITCH
0.0016309160070551165,0.6928930673232425,0.291,0.171,1,7,OVCA2
0.0016363123203946284,0.6022545275390785,0.336,0.203,1,7,GPR108
0.0017351999428609766,0.4008933404040504,0.273,0.15,1,7,PSMD3
0.0017503676141388258,0.6902847612958994,0.273,0.158,1,7,UBL7
0.001764968154645219,0.3453112199695654,0.664,0.433,1,7,LENG8
0.00176708140768711,0.3224329896140961,0.418,0.247,1,7,SLC25A45
0.0017813546593994367,0.36502042559166514,0.664,0.453,1,7,TAGAP
0.001793259506339684,0.7596183680772299,0.282,0.165,1,7,RP4-583P15.15
0.0018174098092276214,0.45458033105235984,0.364,0.221,1,7,BNIP3L
0.0018485519300557307,0.3315296598788662,0.464,0.301,1,7,BTAF1
0.0018982637418867299,0.520760891184953,0.336,0.203,1,7,GPR89A
0.0019377391211199413,0.33322966062833403,0.864,0.682,1,7,PPP1R15A
0.001954831742887908,0.4096061168129407,0.364,0.214,1,7,TCEB1
0.001994809509447304,0.3797959737403178,0.745,0.541,1,7,SERINC1
0.002006460592359094,0.4004361090453083,0.382,0.231,1,7,AC004797.1
0.0020536976346363645,0.2882516673527655,0.418,0.255,1,7,CENPC
0.0021055177037734296,0.3154177438306684,0.345,0.208,1,7,ARIH1
0.0021134360655132856,0.8143722184777797,0.255,0.149,1,7,TIMP1
0.0021412058150123148,0.4111485881272172,0.591,0.398,1,7,COX8A
0.0021552624505001283,0.5620645682994907,0.345,0.214,1,7,SF3B14
0.002167097505145321,0.4454749063359771,0.364,0.219,1,7,SNRNP27
0.0022290365828183667,0.34742486090346614,0.409,0.251,1,7,PPP6C
0.0022301339194421566,0.4477911273173538,0.273,0.154,1,7,MAPK8IP3
0.0022326588667720415,0.5106887932988003,0.436,0.285,1,7,GTF2B
0.0022782565355670137,0.4345239477453757,0.473,0.298,1,7,RSL24D1
0.002308693724873745,0.4621117314832247,0.327,0.198,1,7,SPTY2D1
0.0023200095349891203,0.42115596285328505,0.509,0.347,1,7,SMAP2
0.0023234140117081026,0.3355893849547952,0.282,0.158,1,7,ATP6V1A
0.002360127192651884,0.4279724708872085,0.409,0.251,1,7,ZNF460
0.0023922295322207354,0.6394306496945533,0.255,0.144,1,7,LINC00493
0.002411953567501568,0.31075946844484537,0.582,0.386,1,7,ANKHD1
0.0024187525573546864,0.502090095222192,0.345,0.21,1,7,ENY2
0.00242978099576896,0.5571739203122484,0.291,0.172,1,7,MCM7
0.00246651984741475,0.5620419231008855,0.336,0.206,1,7,GPS1
0.0024703403287342773,0.4812510530306572,0.4,0.259,1,7,PSMC1
0.002573322485141416,0.6988383805068786,0.3,0.187,1,7,IMP4
0.002600795442905035,0.5027315234805302,0.264,0.153,1,7,ZBTB43
0.002675824499985602,0.43396902381404645,0.427,0.27,1,7,TMEM109
0.002722035968269365,0.3771993123856896,0.809,0.585,1,7,CHCHD2
0.002903532767929873,0.5083781004146732,0.345,0.213,1,7,TOMM5
0.0029820348235580774,0.35152189739371,0.691,0.48,1,7,EVI2B
0.0030058261387533314,0.5867557789537268,0.264,0.152,1,7,ZFAND2A
0.0031179342808917987,0.4700734800010222,0.327,0.196,1,7,MPC2
0.003227875203769992,0.2982326313341347,0.536,0.338,1,7,EMD
0.0032897009938945843,0.3359621546548886,0.473,0.3,1,7,GOLGA8B
0.00347251933165893,0.34266851082013616,0.936,0.71,1,7,RPL37
0.00348104228714452,0.4341171034854501,0.345,0.207,1,7,C16orf13
0.0035108934881373788,0.5040327057420577,0.436,0.297,1,7,EIF3I
0.0038825459679041607,0.6212654952121067,0.291,0.181,1,7,TXN2
0.003884784239258643,0.5595988510261589,0.273,0.16,1,7,TECRP1
0.0039687386668605384,0.44759361626745553,0.482,0.33,1,7,NEDD8
0.004011973779425304,0.40042363789645496,0.464,0.297,1,7,GABARAPL2
0.00409218632973829,0.5520029594824781,0.309,0.189,1,7,PIH1D1
0.004096525684939456,0.3103055111958551,0.255,0.141,1,7,C1D
0.004100993330613534,0.46183451077885346,0.391,0.257,1,7,ATG3
0.004199677954896286,0.3854221802344625,0.409,0.263,1,7,RAF1
0.00440058929652265,0.25380100471150163,0.418,0.262,1,7,SLX1B
0.00443569747240935,0.6248531265743795,0.282,0.173,1,7,CERS2
0.004523585052084833,0.604000717714446,0.264,0.156,1,7,SLC35C2
0.0045240218614968075,0.3654678909781397,0.391,0.248,1,7,UFD1L
0.004644866774417222,0.4099993790844506,0.273,0.158,1,7,BAP1
0.004654952721957262,0.4121901496709905,0.255,0.143,1,7,RNF113A
0.004717025619457971,0.3418442836729302,0.373,0.237,1,7,YY1AP1
0.004742640377130458,0.27576912326356817,0.945,0.715,1,7,SRRM2
0.004825059333917858,0.2608807111947577,0.255,0.145,1,7,SPPL2B
0.004912361019695943,0.5164315328752648,0.264,0.155,1,7,ELAC2
0.004949448180064486,0.35025723088899086,0.318,0.194,1,7,AC159540.1
0.0050090923967773815,0.4763449408659634,0.355,0.226,1,7,RABGGTB
0.005014949448571615,0.3247988882453304,0.309,0.185,1,7,RP11-220I1.1
0.005038950073976922,0.4960757641189359,0.291,0.174,1,7,C19orf24
0.005106469092982513,0.5230831685471046,0.382,0.258,1,7,SDHAP1
0.005124275683452639,0.31167969159972964,0.473,0.3,1,7,MDH2
0.00513974398089001,0.38393139230762185,0.318,0.194,1,7,N4BP2L1
0.005164327019949733,0.4508819762732956,0.409,0.27,1,7,COPS6
0.005245144411456071,0.4604524495924034,0.264,0.157,1,7,ZNF791
0.005272573697223892,0.47129331594299945,0.318,0.2,1,7,HYPK
0.005295055091231182,0.5215448516762712,0.264,0.158,1,7,CPNE3
0.005406458408089954,0.41150787514220244,0.445,0.299,1,7,MAP2K3
0.00550299161131762,0.44779292328863973,0.355,0.229,1,7,BRD8
0.005518175469881426,0.37548041263836707,0.564,0.404,1,7,NDUFV2
0.005549701082836478,0.4734567846573878,0.273,0.161,1,7,RNF5
0.0057100753941417,0.5665000757342626,0.309,0.2,1,7,TIMM23
0.005793445765491123,0.3749672402512414,0.3,0.181,1,7,PEA15
0.005918614628117824,0.5107611739334768,0.273,0.165,1,7,RAB24
0.0059441231464394395,0.3258740684290289,0.264,0.153,1,7,MPDU1
0.005947067791561178,0.2819256639193226,0.727,0.519,1,7,GPBP1
0.005954606434110721,0.3171332445630748,0.564,0.371,1,7,TCEA1
0.005956777690026005,0.6319383662618738,0.273,0.169,1,7,PNP
0.0059767215488639724,0.2585162965234087,0.582,0.386,1,7,G3BP2
0.006135743646463299,0.6135684161830213,0.291,0.186,1,7,RP11-667K14.4
0.006155684919450177,0.4327139934994285,0.273,0.163,1,7,MTRR
0.0062225217319080706,0.35323080341743596,0.345,0.214,1,7,SMN2
0.006267710704767726,0.48356365795976614,0.318,0.201,1,7,NDUFA12
0.006375038259568866,0.30054282584869474,0.564,0.361,1,7,NUCB1
0.006377942043343632,0.42027612493775035,0.345,0.216,1,7,SSU72
0.006857788766586159,0.5945850564254365,0.273,0.171,1,7,SSNA1
0.007059052721796855,0.41276542766234714,0.518,0.365,1,7,VPS28
0.007065149696830364,0.370458200745142,0.673,0.481,1,7,H2AFZ
0.007130578767827744,0.4031496005183022,0.464,0.323,1,7,TES
0.0071811180000602715,0.4787997546319054,0.418,0.295,1,7,SEC11A
0.007186229352473372,0.33401833399753383,0.436,0.288,1,7,FGFR1OP2
0.007360610674378654,0.30994384587687196,0.6,0.409,1,7,CYCS
0.007450353365838325,0.3229560514780993,0.409,0.264,1,7,CYB5R3
0.007453868150901322,0.34270584613616295,0.782,0.622,1,7,FOS
0.007521081896717963,0.3566074078789934,0.273,0.162,1,7,MBD1
0.007697230197657223,0.4719539767713223,0.291,0.18,1,7,RP11-21J18.1
0.00770831275176076,0.26305549892809266,0.545,0.357,1,7,LSM12
0.007738913010298498,0.5335776725104677,0.309,0.202,1,7,ABCA7
0.008005239819695253,0.2553798958227979,0.345,0.222,1,7,POGZ
0.00809956456758898,0.4027189031490702,0.327,0.21,1,7,CPSF1
0.008163876985130214,0.26787533592806057,0.991,0.807,1,7,RPL27
0.00821840944823915,0.28743656422188657,0.773,0.57,1,7,SLC25A5
0.00837592303960455,0.3944930718120564,0.4,0.27,1,7,PTPN2
0.008389287424079628,0.31101223280129997,0.255,0.153,1,7,YWHAG
0.008567042708965689,0.38813909161515053,0.409,0.277,1,7,NDUFA5
0.008577059517720587,0.41520386884870636,0.291,0.178,1,7,DDX47
0.008640597760621427,0.36988419327514377,0.355,0.228,1,7,ATXN10
0.008701667757944787,0.4258142038745035,0.282,0.173,1,7,SLC25A36
0.00874177295693368,0.2988208236052227,0.282,0.17,1,7,PHKG2
0.008798071506782135,0.3923120537362147,0.336,0.213,1,7,NHP2
0.008941724843381849,0.4023144883442806,0.427,0.302,1,7,ATXN2L
0.009023007406647299,0.7918279340000147,0.364,0.265,1,7,MFSD11
0.009035886526805204,0.3933645654161219,0.345,0.222,1,7,POLR2K
0.009239078850693527,0.3040508026478377,0.655,0.477,1,7,CD55
0.00938385146924725,0.3174994383069445,0.673,0.481,1,7,EIF3L
0.00984760804814977,0.2537596921743903,0.391,0.249,1,7,PAF1
0,8.424802330946102,1,0.008,0,8,IGKV2D-28
0,9.206511740564096,0.988,0.004,0,8,IGKV2-28
0,3.903788209528212,1,0.091,0,8,AC096579.7
0,3.651102654577532,1,0.131,0,8,IGKC
0,4.101548146417155,0.894,0.068,0,8,IGHG3
0,3.4993830354505855,0.929,0.11,0,8,IGHM
0,3.5927704045374442,0.918,0.109,0,8,BCL11A
0,6.297311476708455,0.824,0.016,0,8,IGHV4-4
0,3.8978452525571257,0.918,0.119,0,8,TCF4
0,6.209477140725319,0.812,0.014,0,8,IGHV4-61
0,4.227446229673068,0.859,0.068,0,8,KIAA0226L
0,3.3401597654793536,0.894,0.118,0,8,CD79A
0,6.063337414410945,0.788,0.012,0,8,IGHV4-31
0,3.360830371490462,0.882,0.11,0,8,IGHG1
0,5.783207041022015,0.765,0.016,0,8,IGHV4-59
0,3.149861497077611,0.835,0.109,0,8,CTA-250D10.23
0,3.66297988781222,0.824,0.101,0,8,NAPSB
0,3.331378978032957,0.776,0.058,0,8,IGHG2
0,5.606932408185301,0.729,0.014,0,8,IGHV4-39
0,3.470794278183331,0.765,0.052,0,8,IGHGP
0,5.424610120295762,0.718,0.024,0,8,IGHV3-30
0,4.112262401759535,0.741,0.053,0,8,PAX5
0,3.251495395515957,0.706,0.051,0,8,IGHG4
0,4.130305291480056,0.671,0.054,0,8,ARHGAP24
0,3.3157649430708727,0.729,0.117,0,8,ADAM28
0,3.528525323940775,0.659,0.069,0,8,CD19
0,2.4835912813727212,0.812,0.226,0,8,CD83
0,3.2374329073658012,0.671,0.108,0,8,RP1-257A7.5
0,3.2908242310131115,0.659,0.103,0,8,WDFY4
0,2.4062349087370785,0.765,0.213,0,8,IRF8
0,2.990041546576363,0.682,0.133,0,8,NCF1C
0,4.234978520800157,0.588,0.041,0,8,TCL1A
0,3.5242125799978634,0.624,0.081,0,8,SWAP70
0,3.1107061427188683,0.647,0.109,0,8,ALOX5
0,4.519813584322028,0.576,0.038,0,8,ADTRP
0,1.8105470803272956,0.906,0.376,0,8,ADAM19
0,2.1348808894578473,0.753,0.236,0,8,CCR7
0,4.338533895778747,0.553,0.038,0,8,CLEC17A
0,3.576940367159092,0.565,0.057,0,8,LINC00926
0,1.8633606089434145,0.765,0.258,0,8,LY9
0,3.106051906663706,0.576,0.079,0,8,BANK1
0,3.2601746086844594,0.6,0.11,0,8,SYK
0,2.194507941760201,0.718,0.229,0,8,FCRL3
0,3.7575310648583575,0.541,0.056,0,8,RALGPS2
0,3.1175165166796193,0.541,0.07,0,8,CD22
0,2.838340493039622,0.6,0.138,0,8,CXCR5
0,2.565947363636777,0.612,0.155,0,8,NCF1B
0,2.3376012786669143,0.624,0.169,0,8,NCF1
0,3.250105715261375,0.506,0.056,0,8,FCRL1
0,6.43199877899632,0.447,0.01,0,8,ABCA6
0,1.5823204513287568,0.906,0.472,0,8,HLA-DRA
0,4.096622040356399,0.459,0.037,0,8,FCRLA
0,4.744853667075947,0.447,0.026,0,8,SDK2
0,3.637582726379684,0.459,0.043,0,8,FCER2
0,2.7792728721991096,0.506,0.095,0,8,SMIM14
0,1.4913361591114402,0.871,0.469,0,8,SYNGR2
0,2.7624789672113845,0.482,0.085,0,8,POU2AF1
0,2.574428008479684,0.553,0.162,0,8,CYB561A3
0,3.9058824092456517,0.424,0.036,0,8,CNR2
0,3.2493474285070567,0.447,0.063,0,8,SPIB
0,1.388225231694343,0.859,0.478,0,8,FAIM3
0,3.3816366575434382,0.435,0.055,0,8,AFF3
0,3.429150091630907,0.447,0.067,0,8,FAM129C
0,2.0363252985974274,0.518,0.144,0,8,CYBB
0,1.9256071635959011,0.682,0.309,0,8,AMFR
0,1.2440452382250644,0.847,0.475,0,8,CD55
0,1.7935513903471916,0.694,0.328,0,8,PRKCB
0,2.1266938224872267,0.518,0.153,0,8,CD79B
0,3.872240730191649,0.412,0.05,0,8,CDK14
0,3.8166424844349462,0.388,0.036,0,8,FCRL2
0,1.209225190075861,0.941,0.589,0,8,BIRC3
0,1.1340988374151602,0.871,0.521,0,8,FAM46C
0,2.215318528734094,0.506,0.16,0,8,FAM65A
0,2.410136732838267,0.494,0.148,0,8,CCDC141
0,2.987635510035688,0.388,0.044,0,8,IGHD
0,2.4981223883393846,0.471,0.127,0,8,PLCG2
0,1.1680312486215836,0.918,0.576,0,8,HLA-DPA1
0,1.9445603624825003,0.529,0.195,0,8,FGD2
0,2.151239840068473,0.506,0.176,0,8,TMEM154
0,3.1260516355130425,0.412,0.084,0,8,LRRC16A
0,2.82574747292056,0.412,0.084,0,8,CD40
0,1.4493963592630787,0.706,0.378,0,8,RP11-16E23.4
0,2.334989378120991,0.482,0.155,0,8,MTSS1
0,1.4794185740342694,0.824,0.499,0,8,FOXP1
0,3.5979900312281012,0.353,0.03,0,8,RP11-731F5.2
0,3.795744963616812,0.353,0.031,0,8,CR2
0,4.394899403051545,0.341,0.02,0,8,AC079767.4
0,2.0514572174923225,0.494,0.174,0,8,DRAM2
0,3.158732779546405,0.376,0.06,0,8,NUAK2
0,3.212177092837459,0.365,0.05,0,8,BLK
0,1.1250873522671676,0.941,0.628,0,8,RHOH
0,1.236253013695938,0.824,0.512,0,8,HLA-DRB6
0,2.9132415890459074,0.388,0.077,0,8,BLNK
0,2.640257397752084,0.412,0.101,0,8,HVCN1
0,2.1909528231955693,0.459,0.15,0,8,SYPL1
0,2.0742469234384493,0.482,0.173,0,8,CAPG
0,2.078342515181963,0.459,0.151,0,8,CHD7
0,1.0519419818987874,0.859,0.551,0,8,HLA-DRB5
0,1.3131754391602035,0.776,0.47,0,8,TLK1
0,3.0034048174218393,0.388,0.083,0,8,SETBP1
0,2.2097625021202494,0.435,0.133,0,8,IFNGR2
0,3.087780497362951,0.376,0.075,0,8,PHACTR1
0,2.430183942685835,0.412,0.118,0,8,FGR
0,2.6441174817489976,0.388,0.099,0,8,MEF2C
0,2.371203811551565,0.388,0.101,0,8,IL24
0,2.5251493879798605,0.376,0.092,0,8,GSAP
0,1.0181630714391101,0.882,0.598,0,8,HLA-DRB1
0,0.9972066156964885,0.953,0.671,0,8,PIM2
0,3.1141552231143055,0.341,0.069,0,8,HDAC9
0,3.133173425585321,0.318,0.048,0,8,FCRL5
0,3.062171227477819,0.318,0.052,0,8,HLA-DOB
0,3.539547866707957,0.282,0.017,0,8,IGHV4-34
0,3.447737760111086,0.294,0.032,0,8,VPREB3
0,3.6866200536519593,0.271,0.016,0,8,IGHV3-66
0,2.6621516655885227,0.341,0.091,0,8,ADRBK2
0,3.2801600941692204,0.294,0.044,0,8,OSBPL10
0,2.8740521584860113,0.306,0.058,0,8,RRAS2
0,0.9786831711017632,0.941,0.694,0,8,CD37
0,3.60272269067724,0.271,0.027,0,8,RP11-624C23.1
0,3.311573345828785,0.282,0.038,0,8,PLEKHG1
0,0.9611933112235673,0.8,0.557,0,8,CD69
0,3.124799310419535,0.282,0.044,0,8,CLNK
0,2.7990836699207158,0.306,0.073,0,8,BTK
0,3.1076606957302575,0.271,0.044,0,8,PTPRS
0,3.0502779602424392,0.259,0.041,0,8,CPNE5
0,0.9288898035982522,0.882,0.679,0,8,B4GALT1
0,0.557631325388356,1,0.861,0,8,CXCR4
0,0.7485318314322051,1,0.91,0,8,CD74
0,0.38617443681391217,1,0.933,0,8,RPS8
0,0.46212160231971344,0.965,0.903,0,8,MT-CO3
0,0.4309251879657672,0.988,0.943,0,8,MT-CYB
0,0.36936715413107946,0.976,0.964,0,8,MT-ND5
0,0.30220568907827117,1,0.993,0,8,RPL13A
0,0.2976461669395576,0.988,0.994,0,8,MT-CO2
0,0.3225819933470637,1,0.994,0,8,MT-ND4L
0,0.2931025982636082,1,0.996,0,8,MT-CO1
0,0.3324903912130921,1,0.996,0,8,MT-ND4
0,0.2651454650209679,1,0.997,0,8,EEF1A1
0,0.3076942606001345,1,0.999,0,8,HNRNPH1
0,0.28094341111190246,1,0.999,0,8,MALAT1
2.220446049250313e-16,1.6354600337729177,0.6,0.257,8.124612094206896e-12,8,SEL1L3
2.220446049250313e-16,1.419333896518177,0.682,0.375,8.124612094206896e-12,8,ST6GAL1
2.220446049250313e-16,2.063722857387238,0.447,0.158,8.124612094206896e-12,8,CTSH
2.220446049250313e-16,2.209988833962669,0.4,0.114,8.124612094206896e-12,8,SIPA1L3
2.220446049250313e-16,1.1447517187952705,0.765,0.492,8.124612094206896e-12,8,RASGEF1B
2.220446049250313e-16,2.2708810465245683,0.376,0.11,8.124612094206896e-12,8,KCNN4
2.220446049250313e-16,0.2973152270838044,0.988,0.971,8.124612094206896e-12,8,RPL18A
4.440892098500626e-16,1.7826992147837133,0.671,0.349,1.624922418841379e-11,8,TTN
4.440892098500626e-16,2.0368829660007512,0.459,0.176,1.624922418841379e-11,8,HLA-DMB
4.440892098500626e-16,0.2765511733677428,1,0.993,1.624922418841379e-11,8,RPL10
6.661338147750939e-16,1.262117999488713,0.706,0.431,2.4373836282620687e-11,8,ELMSAN1
6.661338147750939e-16,0.29896815690112977,1,0.995,2.4373836282620687e-11,8,HLA-E
1.1102230246251565e-15,0.3798205718964174,0.953,0.903,4.062306047103448e-11,8,FTL
1.3322676295501878e-15,0.28429249929745337,1,0.991,4.8747672565241373e-11,8,RPL13
1.7763568394002505e-15,0.28153848384625,0.953,0.966,6.499689675365516e-11,8,RPL15
2.4424906541753444e-15,0.329481223591674,0.965,0.944,8.937073303627585e-11,8,RPL7
3.3306690738754696e-15,2.483223281017085,0.271,0.063,1.2186918141310343e-10,8,STAP1
3.774758283725532e-15,1.358301053232517,0.694,0.394,1.3811840560151722e-10,8,FAM65B
5.773159728050814e-15,0.28189660300344244,0.976,0.978,2.1123991444937928e-10,8,RPS6
5.995204332975845e-15,0.30429162849129066,1,0.979,2.1936452654358618e-10,8,RPL3
7.327471962526033e-15,1.9739571893975678,0.447,0.161,2.6811219910882755e-10,8,STX7
7.327471962526033e-15,2.023116061782284,0.353,0.1,2.6811219910882755e-10,8,MS4A1
9.992007221626409e-15,1.0379140469743684,0.765,0.561,3.656075442393103e-10,8,GRB2
1.3322676295501878e-14,0.42145803205383814,0.941,0.91,4.874767256524137e-10,8,RBM39
2.3314683517128287e-14,0.38897785820777164,0.929,0.888,8.53084269891724e-10,8,EEF1G
2.531308496145357e-14,0.33106584493551106,0.929,0.954,9.262057787395861e-10,8,YWHAZ
2.864375403532904e-14,1.6648610482130315,0.541,0.26,1.0480749601526895e-9,8,HLA-DQA2
5.5289106626332796e-14,0.31668462687434484,0.976,0.942,2.023028411457517e-9,8,RPLP0
8.01581023779363e-14,0.34408609986474303,0.965,0.97,2.9329849660086893e-9,8,NPIPB4
8.593126210598712e-14,2.1543968630561006,0.365,0.116,3.1442248804580686e-9,8,SESN3
1.1435297153639112e-13,0.296277658094239,0.976,0.973,4.184175228516551e-9,8,DDX5
1.3811174426336947e-13,0.3592436052884098,0.976,0.937,5.053508722596689e-9,8,MT-ATP6
1.4588330543574557e-13,1.303638588536848,0.635,0.339,5.33787014589393e-9,8,SELL
1.5543122344752192e-13,2.4722281082562794,0.341,0.109,5.687228465944827e-9,8,GM2A
2.262634524186069e-13,0.4372764654190022,0.929,0.882,8.278979723996827e-9,8,EEF2
2.5623947408348613e-13,1.8661448785523187,0.482,0.219,9.375802356714757e-9,8,AP1B1
2.844391389089651e-13,0.30435615189815834,0.953,0.937,1.0407628092679033e-8,8,RPL6
3.781419621873283e-13,0.26253789628287993,0.988,0.983,1.3836214396434343e-8,8,RPS3
3.7836400679225335e-13,1.3525299120486083,0.588,0.322,1.384433900852855e-8,8,HLA-DQA1
4.105604745063829e-13,1.520781754662602,0.553,0.246,1.502240776218855e-8,8,KIAA0922
4.1810999107383395e-13,2.4288400580905964,0.271,0.071,1.5298644573391584e-8,8,RASGRP3
4.889422200449189e-13,2.377270375380498,0.282,0.077,1.7890395831443584e-8,8,STRBP
5.797584634592567e-13,0.27046888490879883,0.953,0.963,2.1213362177974204e-8,8,RPS4X
6.130651541980114e-13,1.2903848255411452,0.6,0.359,2.243205399210524e-8,8,HLA-DMA
6.465938895416912e-13,1.6815617299026449,0.471,0.22,2.365887041833048e-8,8,GRN
7.422951142643797e-13,2.527398841104853,0.294,0.085,2.7160578230933652e-8,8,CCDC88A
7.522871214860061e-13,2.299125373965677,0.318,0.101,2.7526185775172962e-8,8,SPINT2
7.769340726326845e-13,1.5497041332486512,0.553,0.268,2.8428017717629928e-8,8,VOPP1
8.135714324453147e-13,2.1423766056397127,0.365,0.13,2.9768578713174065e-8,8,LAT2
8.930634010084759e-13,1.6648663311466108,0.494,0.212,3.2677189842900134e-8,8,ZCCHC7
9.385825450181073e-13,0.7465861791825454,0.824,0.664,3.434273532221255e-8,8,SP100
1.261879489788953e-12,1.7861746507810956,0.459,0.189,4.617217053137779e-8,8,CIITA
1.6147083670148277e-12,1.7122582056732416,0.506,0.236,5.9082179149072545e-8,8,IL4R
1.9690915564751776e-12,0.4450598964117445,0.894,0.822,7.204906005142675e-8,8,MT-ATP8
2.127409359786725e-12,0.2756665177424522,0.941,0.944,7.784190847459627e-8,8,RPL4
4.388933660948169e-12,1.3903233896686102,0.635,0.389,1.605910826540935e-7,8,NCOA3
5.24913446042774e-12,1.7114979544895923,0.435,0.177,1.92065829907051e-7,8,RAB30
6.608269487173857e-12,2.084757909765894,0.282,0.081,2.417965805356914e-7,8,IL2RA
1.1087131213116663e-11,0.7165893217396073,0.741,0.64,4.056781310879387e-7,8,RPL15P3
1.1492362617104845e-11,0.8225011468781329,0.859,0.668,4.205055481598663e-7,8,TNRC6B
1.2534639992622942e-11,0.25232092265450756,0.988,0.977,4.5864247733007346e-7,8,RPS3A
1.6152856829876328e-11,1.595855697862588,0.459,0.196,5.910330314051748e-7,8,MCTP2
1.616218270328318e-11,0.25872051561328524,0.918,0.93,5.913742651131315e-7,8,RPL8
1.640843017014504e-11,1.6235270416685452,0.471,0.217,6.00384459925607e-7,8,NFKBID
1.644417935153797e-11,1.1082827548324148,0.694,0.466,6.016925224727743e-7,8,PRDM2
2.1125989846382254e-11,1.0265316111245084,0.682,0.461,7.729999684791267e-7,8,PDE4B
3.1302072045491514e-11,2.355686945588837,0.282,0.088,1.1453428161445345e-6,8,FAM117B
3.499178724553076e-11,0.25543426162435745,0.941,0.977,1.2803494953139705e-6,8,MT-ND2
3.9103831284137414e-11,1.0783377427049545,0.635,0.447,1.430809186686588e-6,8,AC011933.1
4.459455027472359e-11,1.6833095073289088,0.471,0.2,1.631714594552136e-6,8,POU2F2
4.4708681201655054e-11,0.25418151125105215,0.929,0.932,1.6358906451685584e-6,8,FTH1
5.210587517012755e-11,0.8736908770831326,0.812,0.594,1.906553972474967e-6,8,MDM4
5.4621862588533077e-11,0.33087691006351916,0.906,0.895,1.9986139521144253e-6,8,RPS26
9.35971300464189e-11,0.3882310792872339,0.918,0.928,3.4247189883984674e-6,8,NPIPB5
1.1021006329769989e-10,1.3757786926487152,0.553,0.286,4.032586216062839e-6,8,RCSD1
1.1726020154867456e-10,0.5189603157524241,0.894,0.828,4.290550774666002e-6,8,HLA-J
1.1860601389912517e-10,0.4352974666336311,0.894,0.897,4.33979404856899e-6,8,NPIPB3
1.493440926481071e-10,0.29656008945819456,0.835,0.854,5.464500349994239e-6,8,RPS23
2.0813462064950272e-10,2.0105550781095642,0.365,0.148,7.615645769565305e-6,8,CCDC50
2.8559021814089647e-10,2.1537181851680187,0.294,0.098,1.0449746081775402e-5,8,MPEG1
4.0925107747114e-10,0.6854724908074301,0.753,0.582,1.4974496924669012e-5,8,HLA-DPB1
4.492934913002955e-10,2.079815177404954,0.294,0.099,1.6439648846677812e-5,8,LYN
5.178357742607886e-10,0.49208400455448986,0.847,0.766,1.8947610980202256e-5,8,ZFP36L1
5.446694206767688e-10,0.9950714098762465,0.647,0.455,1.992945410256297e-5,8,TAGAP
6.000342445133811e-10,0.43686766439821767,0.835,0.835,2.1955253006744613e-5,8,SET
6.277853792369115e-10,1.3466877436486269,0.506,0.289,2.297066702627859e-5,8,PMAIP1
8.075364821280573e-10,0.2761595199098035,0.918,0.895,2.9547759881065616e-5,8,OAZ1
8.625549163809865e-10,1.9805146714278554,0.294,0.102,3.1560884390380295e-5,8,RABEP2
1.203693811291373e-9,0.9649059606250208,0.694,0.47,4.404315655515134e-5,8,DNAJB14
1.5257535235235764e-9,1.9498757057753107,0.282,0.095,5.582732142572766e-5,8,FARP2
1.5568042410762928e-9,1.950733088036762,0.329,0.128,5.696346718098155e-5,8,SKAP2
1.8394950007660782e-9,1.9739565579041773,0.271,0.089,6.73071220780308e-5,8,SIGLEC14
2.03254191255553e-9,0.4430485973708924,0.847,0.809,7.437070858040684e-5,8,EZR
3.110325996757979e-9,0.3227395427259223,0.882,0.884,1.1380682822137445e-4,8,HNRNPC
3.6216361021246257e-9,0.30330107427784636,0.847,0.877,1.3251566497674006e-4,8,LAPTM5
3.6466287767211725e-9,1.206803321308131,0.588,0.339,1.334301469402277e-4,8,GGA2
4.1297212316493415e-9,0.3653417369092642,0.906,0.849,1.511064998660494e-4,8,CAPZA1
4.133340780754224e-9,0.538134343207711,0.824,0.801,1.5123893916779707e-4,8,SRSF6
5.0980148991186525e-9,0.9550236269329626,0.6,0.415,1.865363651587515e-4,8,ISCU
5.751004339415999e-9,1.6594055195144404,0.4,0.192,2.1042924877923141e-4,8,HSH2D
5.979071904249622e-9,2.160046803151394,0.259,0.089,2.1877424097649367e-4,8,FAM69A
6.5488738876240404e-9,0.28991113249202716,0.894,0.898,2.3962329554816364e-4,8,MTND2P28
8.304121168478673e-9,0.2783130961117588,1,0.974,3.0384779355463465e-4,8,PTPRC
9.276933221613604e-9,0.3647861167734563,0.894,0.887,3.3944298657884175e-4,8,HNRNPL
1.362785750913531e-8,0.550247778260186,0.788,0.709,4.98643306259261e-4,8,EIF2S3
1.432845087023793e-8,1.167354928495626,0.529,0.348,5.242780173420059e-4,8,CD82
1.5054369972844484e-8,0.6356324084360316,0.753,0.609,5.508393973063797e-4,8,NR4A2
2.3779794799949627e-8,1.9392617120599713,0.318,0.134,8.701026917301569e-4,8,KIAA0040
4.7122559410084364e-8,0.32187443501414004,0.8,0.842,0.0017242144488149869,8,TAPBP
4.8217912773651506e-8,0.5861659156250274,0.718,0.655,0.0017642934283879086,8,TSPYL1
5.3851023196216374e-8,1.1029236017137658,0.541,0.346,0.001970408938749557,8,ARHGAP25
7.495977283333843e-8,1.7388815674195266,0.294,0.113,0.0027427780879718533,8,MICAL3
7.99162713782664e-8,1.4378098301638091,0.447,0.236,0.0029241363697307676,8,ETV6
8.178357524535329e-8,1.7087958519075954,0.341,0.15,0.002992461018227477,8,FCHSD2
8.636530490768735e-8,0.8629982460837282,0.682,0.508,0.00316010650657228,8,SKIL
1.0262916250169951e-7,1.5140869781412016,0.424,0.242,0.003755201055937185,8,HLA-DQB2
1.0720421772525413e-7,0.3825443711571679,0.824,0.775,0.0039226023265670484,8,HSP90AB1
1.1268971444877707e-7,0.39180938713055724,0.8,0.724,0.004123316651680753,8,PTPRCAP
1.197815360232113e-7,0.27632306627790837,0.906,0.918,0.004382806403089301,8,RPL13AP5
1.269789320357262e-7,1.3423098436921725,0.435,0.239,0.004646159123187221,8,CHMP7
1.922117736086193e-7,1.1384293110574455,0.506,0.307,0.00703302879633938,8,NGLY1
2.3727300479947644e-7,0.2963404212684577,0.812,0.814,0.008681819245612843,8,MT-ND3
2.834141956675751e-7,1.4542046773206219,0.412,0.233,0.010370125419476572,8,SMARCB1
3.101710448483175e-7,0.9939453834724096,0.588,0.417,0.011349158530999937,8,KIAA0226
3.4584892971700754e-7,1.8163262091846915,0.318,0.146,0.012654612338345306,8,SNX29
4.293585305070735e-7,0.9198758655359442,0.588,0.387,0.01571022863125382,8,HLA-DQB1
5.148893507112007e-7,1.4813772187469116,0.376,0.19,0.018839801342522833,8,SYVN1
5.354424637005195e-7,1.5756301932304706,0.365,0.185,0.01959183974680201,8,FANCD2
6.632493634306513e-7,0.7685311523007274,0.612,0.464,0.024268294207927532,8,LBH
7.135431216998001e-7,1.0843893472013626,0.482,0.302,0.026108542822995684,8,CDKN1A
7.41631515532859e-7,1.8138276484091471,0.259,0.104,0.02713629715334731,8,SH3BP5
9.052486775740221e-7,1.7578814667679588,0.294,0.134,0.03312304911243347,8,DLGAP4
9.594499859044703e-7,1.6374985418380494,0.306,0.136,0.03510627498424457,8,PXK
9.82362415857807e-7,0.32365975680092074,0.847,0.828,0.03594464079623716,8,JUNB
9.889523320261162e-7,1.57628408456626,0.306,0.141,0.03618576582883559,8,TPD52
1.0774984700034906e-6,0.7551881447496389,0.635,0.502,0.03942566901742772,8,INPP5D
1.0861157078156936e-6,1.2437893066384,0.447,0.252,0.03974097374897623,8,EHMT1
1.1585923216372862e-6,1.9388582809996566,0.459,0.282,0.0423928930487083,8,KCNQ1OT1
1.1858886324045415e-6,0.3198377743130094,0.765,0.767,0.04339166505968217,8,RAC2
1.3783200227823755e-6,0.7019220459503044,0.647,0.493,0.05043272963360712,8,BTG2
1.4612830621096862e-6,1.6367894317136602,0.294,0.125,0.05346834724259342,8,TMEM131
1.487593702886869e-6,0.35189682755282403,0.718,0.736,0.05443105358863054,8,SAT1
1.6209195403682486e-6,0.3413659369954054,0.847,0.796,0.059309445982074216,8,MTATP6P1
1.746572995564577e-6,0.7252368347775382,0.588,0.473,0.06390710590770787,8,RGS2
1.8628239495388499e-6,0.6713011190633393,0.659,0.58,0.06816072831362652,8,ETNK1
1.8898310050197153e-6,1.8320076014560276,0.306,0.147,0.06914891647367138,8,ORAI2
2.212363521714167e-6,0.6031150097178084,0.718,0.641,0.08095038125952136,8,MAPK1IP1L
2.3459971101313926e-6,1.8732887509115321,0.259,0.111,0.08584003425970765,8,SNX10
2.39700785553687e-6,1.2477255200975796,0.388,0.223,0.08770651743409408,8,ACP5
2.4322096179307806e-6,1.1034877238927545,0.518,0.318,0.08899454992008726,8,ZCCHC11
2.5221508839212703e-6,1.142956035283447,0.494,0.313,0.09228550084267928,8,PARP15
2.9722270082910285e-6,1.3762383577981951,0.388,0.218,0.10875378623336873,8,KIAA0430
2.972581050197931e-6,1.5933634166206523,0.306,0.143,0.1087667406267423,8,DMXL1
2.9843314399702336e-6,0.5220745846194546,0.706,0.69,0.10919668738851085,8,YWHAZP4
3.059210786249267e-6,1.2277244177781301,0.412,0.227,0.11193652266886067,8,SNX2
3.5720606013089906e-6,0.8759676437911978,0.576,0.416,0.13070169740189597,8,AC104698.1
3.664122100177636e-6,1.5311310585183948,0.318,0.152,0.1340702276454997,8,PRKD3
3.986960310564669e-6,0.6348473222189379,0.682,0.576,0.14588287776356124,8,DDX6
4.745140764761402e-6,1.4048569608884462,0.318,0.149,0.1736247005826197,8,DAPP1
5.083240090408836e-6,1.3782237216550715,0.412,0.263,0.1859957549080593,8,ATP2A3
5.219722602589627e-6,0.45196891431064445,0.718,0.729,0.19098965002875445,8,YWHAZP2
5.894805677364445e-6,0.7043637971023848,0.612,0.517,0.21569093973476505,8,RP11-75L1.2
6.226320313995615e-6,1.2223449024414292,0.353,0.175,0.22782106028909954,8,NUP88
7.620257355789306e-6,1.7263989182577677,0.259,0.111,0.2788252166483307,8,XYLT1
7.820632856647691e-6,1.3265999639682398,0.341,0.165,0.286156956224739,8,CEPT1
7.910200496397124e-6,1.8090811666882014,0.271,0.124,0.28943423616317077,8,ATP11A
8.053449943368207e-6,0.7006867116282998,0.659,0.584,0.2946757334278427,8,RGPD5
8.583293566122308e-6,0.6816944362636996,0.6,0.529,0.31406271158441523,8,EIF5
8.829921859909717e-6,1.4136819375554552,0.294,0.134,0.32308684085409656,8,RP5-1180E21.5
9.307468350039372e-6,0.6007806056242728,0.647,0.597,0.3405602669279406,8,CD47
1.1072681401103068e-5,1.411542964432747,0.365,0.206,0.40514941246636127,8,CAMK2D
1.2049292987148519e-5,0.253460505329103,0.918,0.886,0.4408836303997643,8,RPL10P3
1.2140169869168105e-5,1.1520415352173168,0.447,0.29,0.44420881551286096,8,ARHGAP17
1.2630513107625418e-5,0.6295589646659387,0.635,0.534,0.46215047460801406,8,ZNF331
1.2828838974687784e-5,1.4533119229052656,0.318,0.164,0.469407218083826,8,FBXO21
1.457430993934139e-5,1.256574941911613,0.353,0.187,0.5332740006805015,8,PHKB
1.4861662052112479e-5,0.9052857124875626,0.541,0.391,0.5437882144867956,8,EDEM1
1.8735449869744514e-5,0.4860451007874633,0.706,0.655,0.6855301107339518,8,EIF4B
1.895538020990628e-5,1.3065693251174562,0.341,0.181,0.6935773618804708,8,ABCG1
1.9326652747730932e-5,0.5695075962805065,0.812,0.722,0.7071622240394748,8,RP11-231C14.4
1.9872717338387247e-5,0.665526109122734,0.6,0.517,0.7271427274115894,8,SP110
2.240572412381958e-5,0.7983429607246812,0.506,0.382,0.8198254456905585,8,GSTP1
2.3933688244381912e-5,1.4607996405109067,0.259,0.118,0.8757336528619342,8,CBX7
2.427978668984032e-5,0.5442993854863916,0.682,0.584,0.8883973949812574,8,YPEL5
2.5524711469770978e-5,1.2970887064544425,0.341,0.183,0.9339491926789201,8,INPP5B
2.8067519963315135e-5,1.3182912613567712,0.365,0.21,1,8,TBC1D22A
2.9900097444190976e-5,0.7064382745437483,0.659,0.535,1,8,WSB1
3.023110535838036e-5,1.373462035992477,0.318,0.165,1,8,AKAP2
3.224602693707723e-5,1.0307799503134218,0.447,0.264,1,8,WDR74
3.453226517868835e-5,0.8707586709863797,0.553,0.44,1,8,GDI2
3.8249090350550574e-5,0.7811655985571766,0.529,0.428,1,8,ANP32E
4.255937871433524e-5,1.5915202858078623,0.282,0.151,1,8,NCF4
4.3481754341101464e-5,1.0802961578375467,0.365,0.198,1,8,KIAA1683
4.412933388864282e-5,0.41989595572018845,0.647,0.661,1,8,ANKRD10
5.0489236904427415e-5,0.37038402906583534,0.788,0.747,1,8,APOBEC3C
5.375451565448053e-5,1.0162275050347305,0.471,0.328,1,8,PTPN1
6.513215594261546e-5,0.6720554045665101,0.612,0.515,1,8,WASF2
7.245552910850606e-5,0.2536378167614197,0.812,0.82,1,8,SON
7.379216926306498e-5,0.5364347349567835,0.624,0.557,1,8,C11orf58
8.092831061401462e-5,1.4340590153761994,0.294,0.162,1,8,RP11-289I10.2
9.299288489539315e-5,1.4247001947118254,0.271,0.14,1,8,C15orf57
1.184282929995728e-4,1.304314950516916,0.353,0.208,1,8,MAP3K1
1.1963418072369336e-4,0.3252593863771063,0.706,0.77,1,8,RP11-204C16.4
1.2037199226333506e-4,1.1325263920763347,0.376,0.226,1,8,UGCG
1.315551126725989e-4,0.3510704220007319,0.682,0.722,1,8,SLC25A6
1.3726900150201615e-4,0.6811323608805533,0.6,0.43,1,8,IL16
1.634088727360261e-4,0.6846326422470052,0.506,0.353,1,8,RP11-3P17.5
1.6659697267851215e-4,1.177805781790213,0.306,0.167,1,8,GNB5
1.6923044007688404e-4,0.3494709652284538,0.788,0.77,1,8,C1orf56
1.9563459901417168e-4,0.7233041071595432,0.6,0.522,1,8,SF1
1.969636822560794e-4,0.26308126470992477,0.788,0.835,1,8,MBNL1
1.9740238546539501e-4,0.6448930274283493,0.553,0.488,1,8,TAF1D
2.0484481314464453e-4,0.7490475350934942,0.541,0.432,1,8,ELOVL5
2.0575510322284885e-4,0.9812977799322857,0.4,0.26,1,8,RP11-705C15.2
2.2342710606482186e-4,0.27064151912375456,0.694,0.717,1,8,H3F3A
2.2386028517429324e-4,0.9555102531052887,0.435,0.321,1,8,ADNP
2.293774482895472e-4,0.36982092951535517,0.706,0.682,1,8,LIMD2
2.3800905178905651e-4,0.7247552318315363,0.576,0.443,1,8,PPP3CA
2.4063387434258843e-4,1.1755373544250718,0.365,0.231,1,8,BCL6
2.787103215378117e-4,0.7561183529325383,0.541,0.46,1,8,PTEN
3.0357021839266807e-4,0.668163559267223,0.553,0.501,1,8,PAN3
3.0474379826594955e-4,1.091484965109344,0.318,0.173,1,8,MFN1
3.496291463482848e-4,0.37647010041558526,0.824,0.803,1,8,DDX17
3.627452770216255e-4,0.37783390700994257,0.706,0.667,1,8,CLEC2D
3.682892159651008e-4,0.9456444573511871,0.424,0.334,1,8,TRAF5
3.834804471698483e-4,1.2514143416687005,0.318,0.193,1,8,CHD9
4.7350317836736266e-4,1.1877572490496418,0.353,0.229,1,8,PPM1K
4.837129533215023e-4,1.2759525436272785,0.329,0.211,1,8,MORC3
4.910721586104394e-4,1.2143519362282207,0.329,0.199,1,8,snoU13
4.971408010487899e-4,0.3274724453471012,0.824,0.81,1,8,KMT2E
5.429587712799666e-4,0.8602314800209224,0.518,0.444,1,8,LNPEP
5.555951780009671e-4,0.3932304897205907,0.659,0.627,1,8,SLC2A3
5.682062383411957e-4,0.6011996217180373,0.553,0.499,1,8,EIF4H
5.897098596707728e-4,0.5408031622602272,0.624,0.563,1,8,ATF7IP
6.253286774637878e-4,0.7898551433413705,0.4,0.282,1,8,LTB
6.359846810195524e-4,1.0623448421713575,0.341,0.229,1,8,U2AF1L4
6.427672817495012e-4,0.32097351941730223,0.718,0.756,1,8,RP11-72I8.1
6.499635697314599e-4,1.2960179580635658,0.329,0.203,1,8,LRRC37A4P
6.517308455915582e-4,1.4014400998695202,0.271,0.15,1,8,ZBED6
7.465691686387999e-4,1.146970232663145,0.376,0.255,1,8,ITPR1
7.526204559864524e-4,1.5221432514126647,0.259,0.153,1,8,CORO1C
7.994454129787165e-4,1.1591740649373499,0.376,0.265,1,8,UPF2
0.00081930416632824965,0.3406389268282457,0.694,0.739,1,8,YWHAZP5
8.397830025030917e-4,0.5545123949658819,0.671,0.579,1,8,ANKRD44
8.966782459756129e-4,0.7281925808460366,0.506,0.432,1,8,ZNF292
9.84357464254515e-4,1.355129477944868,0.259,0.15,1,8,PTBP2
0.0010069223804634042,0.7560992667969476,0.541,0.433,1,8,REL
0.0010175928850415517,1.2052699608852318,0.306,0.2,1,8,C9orf72
0.0010345403440592538,1.0001207498397549,0.294,0.166,1,8,ZNF814
0.0010517221363830487,0.6449321831104999,0.576,0.496,1,8,JMJD1C
0.0010644565168405062,0.6334430392037427,0.518,0.446,1,8,SASH3
0.0010985347544201218,0.48434048493291204,0.588,0.565,1,8,HERPUD1
0.0011254163168541442,0.49718118889276575,0.694,0.605,1,8,RPL3P2
0.0011345014538579612,0.9283531329723949,0.365,0.237,1,8,TRIM13
0.0013160258317177487,1.0723927052375144,0.318,0.203,1,8,FAM214A
0.0013753438953945096,1.2842372649017018,0.306,0.192,1,8,DNAJC10
0.0014089544312843039,1.2614296082606153,0.506,0.436,1,8,C5orf45
0.0017631825497010922,0.7731494908711964,0.424,0.365,1,8,POLD4
0.0017700384514272027,0.8655532743684792,0.459,0.388,1,8,RP11-94L15.2
0.0018061083904725717,0.7020844039398186,0.518,0.448,1,8,RSRC2
0.0018875393238417804,0.5983476892564064,0.529,0.491,1,8,SEC22B
0.0020071818324445267,1.048242615422645,0.376,0.285,1,8,RP11-473I1.10
0.002022293490751448,1.165763699379605,0.282,0.176,1,8,EPS15L1
0.0021039490673500083,1.2321474464851638,0.259,0.149,1,8,ZHX2
0.00214030272166843,0.9910793798080408,0.318,0.212,1,8,P2RY10
0.0022331774014638928,0.8411071629523277,0.471,0.339,1,8,LRRC37A2
0.002242781554132156,1.0246875876745547,0.447,0.338,1,8,ARID1B
0.0024526448781572174,0.944672051491493,0.365,0.265,1,8,CYB5R3
0.00246008779439455,1.064937527800907,0.365,0.262,1,8,IFNGR1
0.002636002043850727,0.5852463814228406,0.494,0.432,1,8,TRAF3IP3
0.0027053061582447135,1.1189317748435315,0.294,0.203,1,8,FAM96A
0.0027187960724310845,0.764947711659848,0.424,0.329,1,8,CNPY3
0.0027251812713475765,0.8062314606849073,0.376,0.259,1,8,MAN2B1
0.002839596605053174,1.151987587659284,0.282,0.177,1,8,BACH1
0.0028884112496803116,1.040779818847939,0.329,0.227,1,8,RABEP1
0.003009590030608189,0.7337909663473555,0.459,0.389,1,8,EIF1B
0.003324407155502085,1.213184484459998,0.282,0.187,1,8,SIDT1
0.003453865098767439,0.5625653473064072,0.553,0.482,1,8,HLA-K
0.003533583504963911,0.5390528869596924,0.565,0.553,1,8,MOB1A
0.0035753039391215324,1.018712684627298,0.329,0.231,1,8,LDLRAD4
0.003716839028340191,0.4002135271631415,0.718,0.711,1,8,RP11-347C12.1
0.0038224782389835177,0.5235257366231734,0.553,0.421,1,8,CHCHD3
0.0038430317272857284,0.2605485938347729,0.6,0.626,1,8,CD52
0.0047373883005656925,0.300805650602616,0.635,0.69,1,8,RBM6
0.005215037571415948,0.903494532509326,0.341,0.253,1,8,PRPF40B
0.00557340832216191,0.8791928953844833,0.329,0.221,1,8,UTY
0.005821510740454006,0.8290062353533354,0.376,0.302,1,8,HADHB
0.005842591803271402,0.35610997098270003,0.694,0.715,1,8,SMG1P1
0.005846936311296513,0.2816164039251208,0.706,0.722,1,8,SERPINB9
0.005868895721540479,0.25057810139220926,0.682,0.686,1,8,PPP1R15A
0.005963934925240277,0.991013505753225,0.282,0.183,1,8,ZNF506
0.005997865137300273,0.8064936943812011,0.435,0.361,1,8,RAPGEF1
0.0064564495821619605,0.8608553342682064,0.306,0.218,1,8,S1PR1
0.006832980496361163,1.1652111826411835,0.282,0.196,1,8,LTA4H
0.006976641532011829,0.7769814249699447,0.435,0.333,1,8,EIF5AL1
0.007070864407371591,1.1289177979053264,0.294,0.203,1,8,TBC1D5
0.007092921006702779,0.8550425837170956,0.365,0.266,1,8,LRMP
0.0072674017517859735,0.6612829554660702,0.659,0.593,1,8,SNX29P2
0.007462552491270813,1.0593351079624063,0.341,0.239,1,8,ST3GAL5
0.007492587164340092,0.6440068050851238,0.459,0.387,1,8,CTSS
0.007748857430686096,0.6418417733667456,0.435,0.389,1,8,ERP29
0.00793639309404548,0.6719412068835002,0.424,0.374,1,8,TCEA1
0.009525307312690634,0.6487373726448208,0.459,0.386,1,8,STAT6
0.00977723571977096,0.7289509303388829,0.424,0.361,1,8,SP140
0,6.791818518096752,0.964,0.018,0,9,LILRA4
0,5.279782594767029,0.964,0.03,0,9,PLD4
0,3.87899995982034,0.988,0.056,0,9,SPIB
0,5.911973712370742,0.952,0.021,0,9,SERPINF1
0,3.9332535054638464,0.988,0.062,0,9,IGJ
0,5.3962418580137514,0.952,0.035,0,9,PTPRS
0,5.40399386215028,0.952,0.037,0,9,IL3RA
0,4.613042755042603,0.94,0.034,0,9,C1orf186
0,2.932373228053062,1,0.108,0,9,BCL11A
0,4.128230990178036,0.94,0.061,0,9,LILRB4
0,3.149807881341511,0.976,0.1,0,9,NAPSB
0,3.2677411388896287,0.964,0.09,0,9,TGFBI
0,3.1869946005570693,0.988,0.119,0,9,TCF4
0,2.9197385589783305,0.952,0.092,0,9,AC096579.7
0,3.2193219726697997,0.94,0.091,0,9,CST3
0,3.67093988487534,0.928,0.089,0,9,MPEG1
0,4.5005875360213325,0.867,0.036,0,9,TSPAN13
0,2.8464155014568306,0.928,0.107,0,9,FCER1G
0,2.060790342446043,0.952,0.132,0,9,IGKC
0,9.232994201023594,0.819,0.002,0,9,CLEC4C
0,2.781026003198572,0.952,0.138,0,9,CYBB
0,2.6738159776746646,0.928,0.117,0,9,TYROBP
0,4.883182252238467,0.831,0.022,0,9,RP11-38J22.6
0,3.036718916808455,0.904,0.096,0,9,CD68
0,5.6255524488694615,0.819,0.017,0,9,EGLN3
0,4.161503049907479,0.843,0.047,0,9,ZFAT
0,3.2009196450972235,0.88,0.087,0,9,SLC15A4
0,4.0649520998943585,0.843,0.053,0,9,CSF2RB
0,3.428383822553932,0.855,0.073,0,9,RNASE6
0,4.851345511303632,0.807,0.029,0,9,SMPD3
0,2.0900257219318483,0.988,0.212,0,9,GRN
0,2.6988851845073527,0.916,0.14,0,9,CCDC50
0,2.8610170429933004,0.855,0.086,0,9,MZB1
0,3.8968538907619887,0.831,0.066,0,9,SOX4
0,2.02295604001641,0.952,0.189,0,9,FGD2
0,2.446986734144202,0.916,0.157,0,9,CYB561A3
0,2.156759487933304,0.928,0.173,0,9,ITM2C
0,3.801769852309441,0.795,0.04,0,9,DERL3
0,2.401373584536842,0.892,0.142,0,9,FCHSD2
0,2.6336461385794934,0.855,0.106,0,9,CLIC3
0,6.214172704096911,0.759,0.012,0,9,TNFRSF21
0,2.9242882691871643,0.843,0.1,0,9,WDFY4
0,2.2018251616728683,0.952,0.21,0,9,IRF8
0,5.34502622864217,0.759,0.021,0,9,P2RY6
0,2.0581832918371625,0.916,0.184,0,9,NPC2
0,2.1299248749151696,0.904,0.183,0,9,CIITA
0,1.664566736505936,0.976,0.26,0,9,CD4
0,2.436257777023164,0.843,0.127,0,9,POLB
0,3.270604835579106,0.783,0.068,0,9,LGMN
0,2.4668804085603897,0.867,0.152,0,9,DPYSL2
0,2.545287986669373,0.855,0.145,0,9,CORO1C
0,2.8705395122876816,0.795,0.086,0,9,TRAF4
0,2.5614402918838115,0.807,0.105,0,9,ST6GALNAC4
0,1.695236499378862,0.952,0.256,0,9,PLAC8
0,3.450289787030017,0.759,0.063,0,9,FAM129C
0,3.523991706125489,0.747,0.055,0,9,APP
0,2.269961031217334,0.795,0.106,0,9,RP1-257A7.5
0,1.9632712276683484,0.892,0.205,0,9,PLEK
0,2.0398133293274023,0.867,0.181,0,9,THEMIS2
0,1.8249007068393799,0.976,0.29,0,9,IRF7
0,1.6211808436869277,0.964,0.278,0,9,GPX1
0,1.4897455048535446,0.952,0.272,0,9,AMICA1
0,1.6572259625204684,0.928,0.252,0,9,SEL1L3
0,2.156293558348903,0.892,0.218,0,9,UGCG
0,4.740754660885303,0.699,0.028,0,9,NRP1
0,2.8468868117379085,0.759,0.09,0,9,RNF130
0,1.7514130215390467,0.892,0.225,0,9,PTPRE
0,1.8722364098578603,0.916,0.25,0,9,IRF4
0,1.5371244597046172,0.976,0.313,0,9,GPR183
0,4.768012451177289,0.687,0.027,0,9,TLR9
0,2.4584767873002407,0.771,0.113,0,9,RRBP1
0,6.592703362837246,0.663,0.006,0,9,DNASE1L3
0,1.705033537319727,0.904,0.25,0,9,IRF2BP2
0,2.06087620243429,0.807,0.155,0,9,C12orf75
0,1.4053046504425506,0.94,0.289,0,9,SLAMF7
0,4.068722915826577,0.687,0.036,0,9,CHAF1A
0,2.708804919087152,0.747,0.097,0,9,ZDHHC17
0,2.7282856730152973,0.747,0.098,0,9,SH2B3
0,2.197950012803067,0.795,0.146,0,9,IDH3A
0,2.6208321392502407,0.747,0.1,0,9,ALG2
0,1.6733101089419427,0.916,0.27,0,9,RAB11FIP1
0,2.0250975382462686,0.795,0.151,0,9,DUSP5
0,3.6327348603192693,0.699,0.055,0,9,CSF2RA
0,5.747305468849746,0.651,0.009,0,9,PACSIN1
0,1.695505887809833,0.867,0.228,0,9,CNP
0,2.462587386155581,0.735,0.097,0,9,HVCN1
0,1.314644618059225,0.964,0.327,0,9,SEC61B
0,8.51871659571448,0.639,0.002,0,9,LAMP5
0,2.86018431508451,0.723,0.094,0,9,FLNB
0,2.9513435736417004,0.711,0.082,0,9,SULF2
0,2.3141919751749946,0.735,0.107,0,9,LILRB1
0,5.744893827514557,0.639,0.011,0,9,MAP1A
0,4.342382818245269,0.663,0.035,0,9,GAS6
0,1.8811370465780892,0.819,0.191,0,9,HYOU1
0,2.0712207576898787,0.795,0.169,0,9,RASSF2
0,4.4035778955207405,0.651,0.026,0,9,P2RY14
0,1.464337626224865,0.928,0.304,0,9,GZMB
0,3.1577047421398206,0.699,0.075,0,9,GSN
0,1.95025073491274,0.783,0.16,0,9,SNORD3B-1
0,2.5977565421116697,0.735,0.113,0,9,C15orf39
0,1.2933959247801314,0.916,0.299,0,9,RNASET2
0,1.6157465765798202,0.831,0.215,0,9,VIMP
0,2.9018896762738944,0.687,0.08,0,9,CCDC88A
0,2.3695625295861147,0.699,0.096,0,9,SPINT2
0,2.7511085748889537,0.675,0.073,0,9,BLNK
0,1.781305734344052,0.771,0.169,0,9,CAPG
0,2.1588489487334046,0.735,0.133,0,9,NCF1C
0,8.446970911321017,0.602,0.002,0,9,PTCRA
0,1.8268600394158554,0.771,0.172,0,9,HLA-DMB
0,7.465667487756781,0.602,0.004,0,9,EPHB1
0,1.9218216314008623,0.759,0.164,0,9,INPP4A
0,1.8828201188995324,0.783,0.188,0,9,HIGD1A
0,4.9239587389781185,0.614,0.021,0,9,TLR7
0,2.6999031430434375,0.687,0.095,0,9,GNA15
0,4.462478646216854,0.614,0.022,0,9,PFKFB2
0,1.48512674830306,0.843,0.252,0,9,MAN2B1
0,5.677483182271509,0.602,0.011,0,9,PTGDS
0,3.0431761038352443,0.663,0.073,0,9,SLC41A2
0,1.7585109764586362,0.747,0.157,0,9,HS3ST3B1
0,3.149034712723556,0.651,0.063,0,9,PLXNB2
0,1.6962630601007485,0.783,0.196,0,9,RNU2-2P
0,2.4082920090223614,0.699,0.114,0,9,MS4A6A
0,6.506018494666335,0.59,0.007,0,9,SCAMP5
0,1.106290956888441,0.94,0.359,0,9,PLP2
0,2.820596725346711,0.663,0.087,0,9,ARID3A
0,1.6579238822331979,0.747,0.171,0,9,FKBP2
0,3.952471052086498,0.614,0.039,0,9,CD36
0,3.5658406359105186,0.614,0.041,0,9,PPP1R14B
0,4.800777305673876,0.59,0.019,0,9,SUSD1
0,1.4545934174809996,0.867,0.296,0,9,TXN
0,1.6397457460055198,0.771,0.2,0,9,SNORD3A
0,1.1059665744288363,0.952,0.382,0,9,HLA-DQB1
0,1.5773044457803989,0.795,0.227,0,9,CD83
0,1.0973785661843936,0.892,0.327,0,9,EIF4A3
0,1.8473005193491252,0.735,0.171,0,9,RUNX2
0,1.2147730292862122,0.831,0.268,0,9,CXCR3
0,1.2207184390472934,0.88,0.318,0,9,HLA-DQA1
0,1.7584572596675028,0.747,0.186,0,9,CARD11
0,1.5960751080058257,0.783,0.224,0,9,LDLRAD4
0,1.4778946610003643,0.783,0.225,0,9,RREB1
0,2.254122147490833,0.663,0.105,0,9,CLN8
0,1.4470682272232218,0.819,0.261,0,9,SLC7A5
0,1.404630972482497,0.819,0.262,0,9,PDIA4
0,2.31895773724704,0.651,0.095,0,9,MEF2C
0,3.3570136592007516,0.602,0.046,0,9,C12orf45
0,4.666759179893826,0.578,0.022,0,9,LINC00996
0,2.4980518496539874,0.627,0.072,0,9,KIAA0226L
0,2.2608099788814497,0.663,0.109,0,9,SYK
0,2.0143413572878934,0.687,0.133,0,9,CUX1
0,1.805593923521974,0.711,0.158,0,9,FAM65A
0,4.079430169201419,0.578,0.026,0,9,CBFA2T3
0,3.3498363559231352,0.602,0.05,0,9,TNFSF13
0,5.454446291616769,0.566,0.015,0,9,PALD1
0,1.4490753601037973,0.807,0.257,0,9,ERN1
0,1.0780267377079902,0.831,0.282,0,9,OFD1
0,1.5527182923665324,0.747,0.198,0,9,DSTN
0,1.2386230237254785,0.771,0.223,0,9,PPM1K
0,2.9052880673105186,0.602,0.054,0,9,GNG7
0,1.1930691781658436,0.855,0.309,0,9,SIK1
0,1.6741011046525611,0.723,0.177,0,9,DCK
0,2.271938037769571,0.639,0.093,0,9,SMIM14
0,1.1216773552047195,0.867,0.322,0,9,CNPY3
0,1.0593387668402827,0.964,0.42,0,9,SSR3
0,1.661668884426022,0.795,0.251,0,9,NR4A3
0,1.979267054587021,0.675,0.133,0,9,TIMM13
0,13.63472636989977,0.542,0,0,9,RP11-71G12.1
0,5.308741836561893,0.554,0.014,0,9,TPM2
0,1.6399245448336752,0.711,0.176,0,9,PEA15
0,1.6419231887818717,0.699,0.168,0,9,NCF1
0,1.4601938327022046,0.723,0.196,0,9,APEX1
0,1.5134296799933953,0.699,0.173,0,9,MCOLN2
0,4.031148725568117,0.554,0.028,0,9,GAPT
0,2.1309775232400763,0.639,0.113,0,9,GPX1P1
0,1.243684562629928,0.795,0.27,0,9,ANKRD36BP1
0,1.4151593364795192,0.723,0.198,0,9,DNAJC4
0,1.5905041279041758,0.711,0.187,0,9,CHD9
0,3.2855094225781936,0.566,0.042,0,9,TCL1A
0,2.0014707062428476,0.651,0.128,0,9,C3orf58
0,1.8141315505578686,0.663,0.141,0,9,RELT
0,1.5411736673052814,0.711,0.189,0,9,N4BP2L1
0,1.7175300908800724,0.687,0.166,0,9,NAGK
0,1.1038899018219313,0.892,0.371,0,9,SFT2D2
0,1.15093981952217,0.783,0.264,0,9,FYTTD1
0,3.8950798820186687,0.554,0.036,0,9,SRC
0,1.161227749753187,0.783,0.266,0,9,TMEM109
0,2.916387239012231,0.614,0.098,0,9,SIRPB1
0,3.4162523853430207,0.554,0.038,0,9,P2RX1
0,1.1266788508780792,0.928,0.413,0,9,KIAA0226
0,1.5829191536955003,0.687,0.176,0,9,NUP62
0,1.1675624495647376,0.819,0.308,0,9,LAP3
0,1.481692735456529,0.711,0.201,0,9,UBE2J1
0,1.2027707233721099,0.807,0.298,0,9,CDKN1A
0,4.650881353031533,0.53,0.023,0,9,MYBL2
0,1.6672949677917455,0.663,0.156,0,9,RNF5
0,2.681646589943727,0.59,0.084,0,9,AMIGO3
0,1.2264292511485189,0.735,0.231,0,9,OSTC
0,3.3152083925430165,0.554,0.052,0,9,ALDH2
0,3.3096928711563907,0.554,0.052,0,9,ATF5
0,2.003482702522979,0.639,0.139,0,9,BID
0,2.1844296469503828,0.602,0.102,0,9,FCGRT
0,5.905746064590918,0.506,0.006,0,9,RP11-117D22.2
0,1.518461789313064,0.675,0.176,0,9,CAT
0,3.3944202199515736,0.542,0.043,0,9,SEMA7A
0,4.1302068877753495,0.53,0.031,0,9,THBD
0,1.3234229921288416,0.711,0.213,0,9,NFKBID
0,2.1331038236651656,0.59,0.092,0,9,HLA-DOA
0,2.6562592803671237,0.578,0.082,0,9,SCARB2
0,1.499138123271723,0.651,0.158,0,9,STX7
0,1.4510433315114835,0.699,0.206,0,9,PRMT10
0,1.1459183707717133,0.699,0.207,0,9,KLHL6
0,3.9667961854466673,0.518,0.027,0,9,ST3GAL4
0,1.0010696169498747,0.723,0.232,0,9,ETV6
0,1.0937603993019405,0.723,0.233,0,9,COLGALT1
0,1.2221501924282097,0.699,0.212,0,9,NUCB2
0,1.8277038499678882,0.651,0.164,0,9,HIVEP1
0,1.8575774584887519,0.627,0.14,0,9,PGD
0,1.521831069788199,0.602,0.115,0,9,IGHM
0,2.287735276831399,0.578,0.094,0,9,EIF2AK4
0,1.905452146894382,0.602,0.118,0,9,CD300A
0,1.2615565700943385,0.663,0.18,0,9,IGF2R
0,2.5796877475753934,0.542,0.063,0,9,RNF144B
0,1.811284437447172,0.602,0.124,0,9,SKAP2
0,1.7309255506436128,0.675,0.198,0,9,HLA-DPB2
0,2.6273321757693875,0.554,0.079,0,9,MOB1B
0,1.5208105350016083,0.639,0.164,0,9,RNF122
0,2.0723541658135707,0.578,0.105,0,9,GM2A
0,1.1438920421185208,0.711,0.238,0,9,HLA-DQB2
0,3.60714992604551,0.506,0.034,0,9,AC010441.1
0,2.1642445622896784,0.566,0.096,0,9,LYN
0,2.6777841577692287,0.53,0.062,0,9,GRASP
0,1.4453092985530933,0.639,0.173,0,9,AP1S2
0,6.873212189996208,0.47,0.004,0,9,SLC12A3
0,1.311387459282643,0.663,0.198,0,9,FAM96A
0,2.5743061227031276,0.518,0.054,0,9,AFF3
0,1.0339778086891416,0.928,0.466,0,9,NBPF10
0,2.7140119172202337,0.518,0.057,0,9,RPS6KA4
0,3.077335442375343,0.506,0.045,0,9,TXNDC5
0,1.8759995286418483,0.59,0.129,0,9,SNORD3B-2
0,2.847746771668026,0.518,0.058,0,9,ARHGAP31
0,1.7361309989041587,0.602,0.143,0,9,TSPAN3
0,1.65103895210277,0.614,0.155,0,9,NCF1B
0,2.1633176195233093,0.554,0.096,0,9,TP53I11
0,2.4531433618812795,0.53,0.073,0,9,PHACTR1
0,2.1848496853867476,0.566,0.109,0,9,MAPKAPK2
0,1.9951897173143065,0.554,0.101,0,9,DCPS
0,1.2720392273056715,0.675,0.222,0,9,C10orf118
0,1.1479861193109127,0.675,0.225,0,9,TCOF1
0,1.1453479935442648,0.687,0.237,0,9,UBE2W
0,2.7253673492625707,0.518,0.068,0,9,ALCAM
0,2.487128747050443,0.518,0.068,0,9,CD2AP
0,2.2561686358308535,0.542,0.093,0,9,PLAUR
0,1.3360034174429705,0.627,0.178,0,9,SH2D3C
0,2.292980021932136,0.53,0.081,0,9,TNFSF13B
0,1.5262097570038688,0.602,0.154,0,9,UBL7
0,1.6069952229916598,0.614,0.167,0,9,ETV3
0,1.763110089693145,0.59,0.143,0,9,NAGA
0,1.4552380747612883,0.602,0.156,0,9,COMT
0,3.92231292493969,0.47,0.025,0,9,PHEX
0,1.8149386317644616,0.554,0.112,0,9,C12orf44
0,3.287049281008442,0.482,0.041,0,9,TEX2
0,1.7110071323023992,0.554,0.116,0,9,LAIR1
0,1.5621349448300101,0.59,0.152,0,9,TOR3A
0,4.141443100717719,0.458,0.021,0,9,ENPP2
0,1.8515118398936727,0.542,0.106,0,9,DDAH2
0,2.5013812317472,0.506,0.071,0,9,LILRB2
0,2.9353113268495763,0.482,0.048,0,9,PMEPA1
0,2.614113169429169,0.494,0.061,0,9,SLC12A7
0,2.3354875281860585,0.506,0.075,0,9,ASPH
0,3.298271716838183,0.458,0.028,0,9,NEK8
0,1.2436107054214984,0.627,0.199,0,9,ERCC1
0,2.4226768031783985,0.494,0.067,0,9,HDAC9
0,1.5498082879270967,0.59,0.163,0,9,SNORD3C
0,3.1912747476927357,0.47,0.046,0,9,LILRA5
0,3.09581524407152,0.458,0.036,0,9,VEGFB
0,3.0893132596215467,0.47,0.048,0,9,CTNS
0,1.358701956347676,0.578,0.157,0,9,KIAA0100
0,1.48527321909776,0.578,0.157,0,9,ICAM1
0,1.8380535482069233,0.542,0.124,0,9,WDFY2
0,1.8714799467787806,0.518,0.1,0,9,RP11-1100L3.7
0,4.218544722779091,0.434,0.016,0,9,FAM213A
0,2.8136286023937895,0.482,0.064,0,9,TUBB6
0,1.17072490212747,0.602,0.186,0,9,ZMIZ2
0,1.6257757707543932,0.542,0.127,0,9,PIK3AP1
0,1.8881147495585506,0.506,0.091,0,9,RP11-809N8.2
0,5.538207211540373,0.422,0.007,0,9,PLXNA4
0,2.655901180735336,0.47,0.056,0,9,UBE2E2
0,4.227034821555009,0.434,0.02,0,9,NOTCH4
0,1.9881480985657793,0.518,0.105,0,9,RNF5P1
0,3.1620901098993,0.446,0.035,0,9,NAPSA
0,5.208307925774545,0.422,0.011,0,9,AC023590.1
0,1.870597471658404,0.506,0.096,0,9,AC141586.5
0,8.632355051014038,0.41,0.001,0,9,KRT5
0,1.3247062736190443,0.59,0.182,0,9,SIDT1
0,7.619904208142962,0.41,0.002,0,9,GUCY2D
0,1.1071293255531616,0.59,0.182,0,9,PDPK1
0,2.849384235579661,0.458,0.051,0,9,BAIAP2
0,1.4582085057219902,0.651,0.246,0,9,CTD-2192J16.22
0,3.39007516213287,0.434,0.033,0,9,RASD1
0,1.7660198248213292,0.53,0.129,0,9,STMN1
0,1.8837312388885343,0.506,0.105,0,9,CYSTM1
0,2.4561556544081498,0.458,0.057,0,9,SPG20
0,1.3078640941697866,0.566,0.165,0,9,UVRAG
0,2.4891312668065004,0.446,0.046,0,9,COBLL1
0,4.187305912558895,0.422,0.022,0,9,NREP
0,1.7563303723860437,0.506,0.107,0,9,SMC6
0,1.4146752370497289,0.566,0.168,0,9,HIST1H2BK
0,1.9514741585877147,0.506,0.109,0,9,RP11-110I1.6
0,1.6607932423653082,0.506,0.11,0,9,GPR114
0,2.723705818538353,0.446,0.053,0,9,ST3GAL2
0,1.9682843266088015,0.494,0.101,0,9,MAGED1
0,2.1572235071146784,0.494,0.101,0,9,PARVB
0,1.8226919133670836,0.482,0.091,0,9,STK11IP
0,3.1963242559962444,0.434,0.043,0,9,FADS1
0,1.5154570926048194,0.518,0.128,0,9,ADA
0,1.6994026568362013,0.518,0.129,0,9,SH3TC1
0,2.3098991401153652,0.446,0.057,0,9,RAP1GAP2
0,1.584156566064805,0.494,0.105,0,9,PRMT7
0,2.4292954874879236,0.446,0.057,0,9,ZDHHC4
0,2.3300750186743766,0.458,0.069,0,9,CIDECP
0,1.8925103368607847,0.482,0.094,0,9,TMEM184B
0,1.636274413588737,0.518,0.131,0,9,MAD2L2
0,1.3831065776925953,0.542,0.155,0,9,DCTN4
0,2.353183094559801,0.458,0.071,0,9,MFSD12
0,2.5317582153050364,0.446,0.059,0,9,TAX1BP3
0,2.1005779096511743,0.446,0.061,0,9,STAP1
0,3.2121731809234135,0.422,0.037,0,9,MGST2
0,7.100661141069506,0.386,0.003,0,9,SCN9A
0,3.3227739913503194,0.41,0.03,0,9,GAB1
0,1.5859272298495342,0.506,0.127,0,9,SNAP29
0,1.700554546443883,0.482,0.104,0,9,RNF126
0,3.19218959866121,0.41,0.032,0,9,TTYH2
0,5.521639780462145,0.386,0.008,0,9,SERPINF2
0,1.5112254386731814,0.494,0.116,0,9,STX18
0,1.206872746272971,0.53,0.153,0,9,SLC35C2
0,1.9567587889238751,0.47,0.093,0,9,FAM105A
0,1.3357630263929494,0.506,0.132,0,9,LAP3P2
0,1.6755656142055808,0.482,0.111,0,9,ZFYVE26
0,2.196241392815338,0.446,0.076,0,9,SCAMP4
0,1.5273207409876628,0.518,0.149,0,9,AREG
0,3.7352410079741993,0.398,0.031,0,9,MGLL
0,5.060092368425225,0.373,0.008,0,9,GLT1D1
0,4.9336037837755,0.373,0.009,0,9,AEBP1
0,1.4545818191811182,0.47,0.106,0,9,RP1-168P16.3
0,3.062219212248186,0.398,0.035,0,9,UNC93B1
0,2.7912038423489283,0.41,0.047,0,9,CXorf21
0,3.2416654351098027,0.398,0.036,0,9,ABHD15
0,1.742235234058953,0.458,0.096,0,9,BCL2L13
0,1.792633352916416,0.458,0.096,0,9,XXbac-BPG181M17.5
0,5.199938307871503,0.373,0.012,0,9,FLT3
0,10.385233968280149,0.361,0,0,9,LRRC26
0,2.3895046008317182,0.41,0.05,0,9,GALNT3
0,2.807062073265827,0.386,0.027,0,9,SDK2
0,2.031203856792418,0.434,0.075,0,9,STRBP
0,2.875738387098609,0.398,0.04,0,9,ATP13A2
0,2.100096941351878,0.434,0.076,0,9,IFIT2
0,6.023499404677155,0.361,0.005,0,9,TTC39A
0,1.4217378309466848,0.494,0.14,0,9,ADI1
0,1.49310878867812,0.482,0.129,0,9,FAM49A
0,1.4041195334841223,0.482,0.131,0,9,DLGAP4
0,2.3883721296591114,0.41,0.06,0,9,PBX3
0,2.2622245552938276,0.458,0.109,0,9,CYSLTR1
0,1.2478514335159034,0.482,0.134,0,9,KDM3B
0,3.0452003176580167,0.386,0.039,0,9,SERPING1
0,7.701156947982199,0.349,0.002,0,9,CUX2
0,7.01323105952339,0.349,0.002,0,9,PLVAP
0,3.451522088691606,0.373,0.026,0,9,LGMNP1
0,6.6298093720136295,0.349,0.004,0,9,PPM1J
0,6.2883697531428835,0.349,0.004,0,9,SMIM5
0,3.4415651445371265,0.373,0.028,0,9,REPIN1
0,2.2199100363237854,0.41,0.066,0,9,DAAM1
0,2.020052544701275,0.422,0.08,0,9,EEF2K
0,2.187142118776672,0.41,0.068,0,9,MYO1E
0,1.462204666993119,0.446,0.105,0,9,F11R
0,2.2342981108325395,0.398,0.058,0,9,RECQL5
0,1.7087985016993494,0.434,0.096,0,9,NADK
0,9.504255188198028,0.337,0,0,9,RP11-73G16.2
0,4.5643752388888705,0.349,0.013,0,9,CLCN5
0,3.200166056592752,0.373,0.038,0,9,CRYBG3
0,2.463961132410272,0.398,0.063,0,9,RBM47
0,2.047323364248759,0.41,0.075,0,9,SLC35A2
0,2.4142743585449495,0.386,0.052,0,9,FUZ
0,2.2499989534313154,0.398,0.064,0,9,GPM6B
0,2.3421219912562674,0.398,0.064,0,9,INF2
0,3.1539981052087307,0.361,0.027,0,9,ADC
0,2.4655699501831108,0.386,0.053,0,9,UCK2
0,2.7337670468024085,0.386,0.053,0,9,ICOSLG
0,5.6958806576389716,0.337,0.006,0,9,AHNAK2
0,3.4246200772634525,0.349,0.019,0,9,BCL7A
0,2.015750396791407,0.41,0.08,0,9,PAPD7
0,3.484893890098395,0.361,0.032,0,9,KIAA1598
0,2.022732030321359,0.41,0.081,0,9,CTNND1
0,3.121829767857228,0.373,0.045,0,9,INSR
0,1.4586905837272162,0.434,0.107,0,9,MIF4GD
0,2.276335860160596,0.386,0.059,0,9,RP4-781K5.2
0,3.7908901976823794,0.349,0.023,0,9,CMKLR1
0,4.398766204917312,0.337,0.012,0,9,CDH1
0,10.689130276010282,0.325,0,0,9,SCT
0,8.598279009029364,0.325,0,0,9,SLC32A1
0,2.2261790887110244,0.386,0.061,0,9,GPX7
0,2.1343220691360596,0.398,0.074,0,9,KYNU
0,1.4534924090278691,0.434,0.111,0,9,ACSL3
0,2.26300695767531,0.373,0.051,0,9,RELL1
0,2.1060778702400227,0.386,0.065,0,9,ZNRF2
0,1.6481412742488923,0.422,0.101,0,9,TM9SF1
0,1.42729257937635,0.422,0.103,0,9,BEX4
0,1.9874519913478734,0.386,0.067,0,9,CDCA7L
0,3.235423205737887,0.349,0.03,0,9,SOGA1
0,2.9266749434787114,0.361,0.044,0,9,LTBR
0,1.6577714229201317,0.398,0.081,0,9,SGK494
0,5.397359040629632,0.325,0.009,0,9,SLC7A11
0,3.0017421274804854,0.349,0.034,0,9,PTP4A3
0,1.2959123559408263,0.422,0.108,0,9,QKI
0,1.8636180222494136,0.398,0.084,0,9,ARSB
0,3.1213607888055224,0.349,0.036,0,9,SCARB1
0,4.941357802555033,0.325,0.012,0,9,FUT7
0,2.95948427830153,0.349,0.037,0,9,SPNS3
0,1.5029279980953765,0.398,0.087,0,9,SIGLEC14
0,1.4917610585499046,0.41,0.099,0,9,IL18R1
0,6.44032963119286,0.313,0.003,0,9,RP11-76E17.3
0,1.4929254837286,0.41,0.101,0,9,POLD2
0,2.4215419086612093,0.349,0.041,0,9,TBC1D32
0,1.9893203500803054,0.386,0.078,0,9,ULK1
0,1.8638447595355645,0.386,0.078,0,9,DHTKD1
0,2.6254944267671005,0.361,0.054,0,9,KLF4
0,5.096450993256032,0.313,0.008,0,9,SEMA3C
0,1.7947660809284423,0.386,0.081,0,9,BAG1
0,1.8510272909787222,0.386,0.081,0,9,MYO15B
0,1.379914423893377,0.41,0.106,0,9,N4BP2
0,3.493254434731413,0.325,0.022,0,9,RUFY4
0,4.2512755595241085,0.313,0.011,0,9,PVRL1
0,1.900458744069244,0.373,0.072,0,9,BTK
0,3.006205056537775,0.325,0.024,0,9,TMIGD2
0,1.7415450041898057,0.337,0.037,0,9,LILRB5
0,1.6788985366140197,0.398,0.098,0,9,DFFA
0,1.2697785667938362,0.398,0.1,0,9,CAPN15
0,3.8827715293031693,0.313,0.017,0,9,RP11-24F11.2
0,1.8098575426754444,0.386,0.091,0,9,AHCY
0,5.4697933446711655,0.301,0.006,0,9,PPP1R14A
0,2.0260689025098233,0.361,0.066,0,9,TATDN3
0,1.6590553980264238,0.386,0.093,0,9,FARP2
0,1.6723774105073312,0.386,0.093,0,9,TMEM19
0,1.5113710154164894,0.386,0.095,0,9,ATPAF2
0,1.8202430860459173,0.349,0.058,0,9,ARHGAP24
0,4.440241136347681,0.301,0.01,0,9,CXCR2P1
0,2.9254171278944656,0.325,0.035,0,9,CD180
0,1.5828574613764268,0.373,0.083,0,9,C11orf24
0,2.211106653839627,0.349,0.06,0,9,SEPHS1
0,2.0958815761135874,0.349,0.06,0,9,TMEM141
0,2.7498398912198647,0.325,0.037,0,9,CDYL
0,3.2010166638205835,0.313,0.026,0,9,PAPLN
0,1.8451117839728726,0.361,0.074,0,9,ARHGAP5
0,1.7388978003088504,0.361,0.074,0,9,WDR41
0,1.6173095450937007,0.373,0.087,0,9,SLC35E1
0,2.0309826702080533,0.349,0.064,0,9,GAB2
0,5.8051835281196755,0.289,0.004,0,9,SIGLEC6
0,2.5725799371658185,0.325,0.041,0,9,MAP2K6
0,2.5205421054221255,0.325,0.041,0,9,CTBP2
0,1.5262837698703162,0.373,0.089,0,9,METTL7A
0,1.7285796786710255,0.361,0.079,0,9,RAPGEF2
0,1.6594905572524312,0.361,0.079,0,9,MKKS
0,2.8185449667304034,0.325,0.044,0,9,SLC29A1
0,1.9274026576443415,0.337,0.056,0,9,HIP1
0,1.7123558858109846,0.361,0.08,0,9,MAN1A1
0,1.5492492953599248,0.349,0.07,0,9,TTC24
0,1.8924748384472485,0.337,0.059,0,9,SLC2A6
0,1.8595858662991036,0.349,0.071,0,9,TASP1
0,10.033374211311791,0.277,0,0,9,SHD
0,2.913166409900379,0.313,0.036,0,9,FADS2
0,1.511612008009336,0.361,0.084,0,9,SEC61A2
0,3.5255174217987633,0.301,0.024,0,9,ST14
0,1.3406024603845517,0.361,0.084,0,9,ZNF589
0,8.956813182503419,0.277,0.001,0,9,KCNK17
0,8.488478945296404,0.277,0.001,0,9,CYYR1
0,6.7007214414606695,0.277,0.001,0,9,AC018634.9
0,3.4212049292355426,0.301,0.025,0,9,DAB2
0,3.609456351346504,0.301,0.025,0,9,LRRK1
0,6.72681540716374,0.277,0.003,0,9,COL24A1
0,2.3017533558517886,0.313,0.039,0,9,AC006978.6
0,2.344473992170313,0.313,0.041,0,9,MPZL1
0,3.0703434388651147,0.301,0.03,0,9,GHRL
0,2.1083708466487976,0.325,0.056,0,9,LRR1
0,2.808264339638643,0.301,0.033,0,9,HRH2
0,2.4910818512292483,0.313,0.045,0,9,LRRC25
0,2.024646398468226,0.337,0.07,0,9,TUBG1
0,1.8844913749900976,0.349,0.082,0,9,LINC00910
0,2.219758264643164,0.325,0.059,0,9,DUSP3
0,2.8152580987929237,0.301,0.035,0,9,TBC1D8
0,3.4411448997613316,0.289,0.023,0,9,ZBTB18
0,3.3218941560124238,0.301,0.036,0,9,AXL
0,1.8537501960012204,0.325,0.06,0,9,FAM26F
0,12.017241895568283,0.265,0,0,9,CTC-782O7.1
0,2.1677045813221327,0.313,0.049,0,9,HCCS
0,8.279019394185433,0.265,0.001,0,9,KCNK10
0,7.5761618292340565,0.265,0.001,0,9,EPHA2
0,8.489447809885041,0.265,0.001,0,9,RP11-439L8.3
0,2.4835324911147945,0.301,0.038,0,9,TRPM2
0,2.2173820035237988,0.313,0.05,0,9,DSN1
0,4.154404549800055,0.277,0.016,0,9,OPN3
0,6.00079261107235,0.265,0.004,0,9,LEPREL1
0,1.6727973804511513,0.337,0.077,0,9,TGFBR1
0,5.905091926796432,0.265,0.005,0,9,SH3BP4
0,4.23062525912315,0.277,0.017,0,9,RP11-551L14.1
0,1.7945922171909872,0.337,0.078,0,9,TRIB1
0,5.473930985364449,0.265,0.007,0,9,DPPA4
0,1.8243910936816399,0.325,0.068,0,9,CTD-2022H16.3
0,2.0584089178030207,0.313,0.056,0,9,RP11-147L13.2
0,1.7668995460131243,0.325,0.069,0,9,ZNF10
0,3.60756353677464,0.289,0.034,0,9,CPED1
0,2.558514201034142,0.301,0.046,0,9,DAPK1
0,2.253383159898819,0.301,0.048,0,9,CCR2
0,3.150226469882529,0.277,0.025,0,9,AC010761.10
0,1.9375177131922674,0.313,0.062,0,9,RNF11
0,2.3668484955744815,0.301,0.05,0,9,IGSF6
0,2.1556377006344296,0.301,0.051,0,9,GNA12
0,2.9077090067221034,0.277,0.032,0,9,CERS6
0,1.8825016079089423,0.289,0.046,0,9,PKIG
0,2.5449695142761852,0.277,0.036,0,9,NRROS
0,1.7867153852494178,0.301,0.062,0,9,UBXN6
0,2.4628236245278137,0.289,0.05,0,9,MCC
0,3.8178604192042567,0.253,0.016,0,9,AP000783.1
0,2.057698105857564,0.289,0.053,0,9,PLAGL1
0,2.2152220249645085,0.277,0.042,0,9,SIGLEC5
0,3.2807590281247143,0.253,0.018,0,9,RP11-302F12.10
0,1.8403803339986087,0.289,0.055,0,9,ZNF165
0,2.3366442430123664,0.277,0.044,0,9,RAB34
0,3.5210917129005366,0.253,0.02,0,9,RGS18
0,2.544949297784228,0.265,0.032,0,9,CXXC5
0,3.2937757529765612,0.253,0.02,0,9,CTD-2514K5.4
0,2.120882146128869,0.289,0.057,0,9,AGPAT2
0,2.333088469560384,0.265,0.034,0,9,FMN1
0,3.2333807586533494,0.253,0.022,0,9,AL022328.1
0,1.8594324316149844,0.289,0.059,0,9,PPCDC
0,2.002822421688449,0.277,0.049,0,9,FAM65C
0,1.6860914956480206,0.277,0.049,0,9,CTD-2012K14.4
0,3.0417887012780844,0.253,0.025,0,9,SCRN1
0,2.0035139822781782,0.277,0.05,0,9,PAFAH2
0,2.6372315245541893,0.265,0.039,0,9,FES
0,2.8532452754767075,0.253,0.028,0,9,DST
0,1.844289032007481,0.277,0.054,0,9,RNU12
0,2.6961032762083232,0.253,0.03,0,9,SLC23A1
0,2.642604309907256,0.253,0.034,0,9,SRD5A1
0,1.6957806054425364,0.265,0.051,0,9,CCDC138
0,2.07586542644661,0.265,0.051,0,9,RP11-488C13.5
0,2.282507674502174,0.253,0.039,0,9,AC092798.2
0,1.7564036340151745,0.253,0.043,0,9,ZNF516
0,2.277178832168608,0.253,0.044,0,9,GRAMD1B
2.220446049250313e-16,1.0886233126546527,0.976,0.433,8.124612094206896e-12,9,CTSB
2.220446049250313e-16,1.149094573119842,0.807,0.298,8.124612094206896e-12,9,MX1
2.220446049250313e-16,1.0591044457077965,0.771,0.271,8.124612094206896e-12,9,KDELR2
2.220446049250313e-16,1.0512721968814203,0.711,0.246,8.124612094206896e-12,9,LETM1
2.220446049250313e-16,1.2024774432343381,0.651,0.217,8.124612094206896e-12,9,SGSM3
2.220446049250313e-16,1.2073970017957805,0.627,0.204,8.124612094206896e-12,9,PTTG1IP
2.220446049250313e-16,1.3168661754841597,0.494,0.142,8.124612094206896e-12,9,TP53I13
2.220446049250313e-16,1.2278778930815937,0.422,0.113,8.124612094206896e-12,9,LIMD1
2.220446049250313e-16,1.6719251832690483,0.373,0.095,8.124612094206896e-12,9,GMPPB
2.220446049250313e-16,1.059860278395022,0.349,0.08,8.124612094206896e-12,9,LILRB3
2.220446049250313e-16,1.7559850818573037,0.301,0.064,8.124612094206896e-12,9,ACN9
2.220446049250313e-16,1.7136987903801733,0.301,0.064,8.124612094206896e-12,9,RP1-313I6.12
2.220446049250313e-16,1.9324380331394417,0.301,0.067,8.124612094206896e-12,9,SH3GL1
2.220446049250313e-16,1.5756687111844914,0.289,0.059,8.124612094206896e-12,9,TBC1D13
2.220446049250313e-16,1.8624836354299474,0.289,0.061,8.124612094206896e-12,9,PDPK2
2.220446049250313e-16,2.0729253722530387,0.289,0.062,8.124612094206896e-12,9,IL4I1
4.440892098500626e-16,1.0109608232572962,0.904,0.335,1.624922418841379e-11,9,SELL
4.440892098500626e-16,1.4259342545863865,0.47,0.133,1.624922418841379e-11,9,PLA2G16
4.440892098500626e-16,1.5995464719241501,0.313,0.07,1.624922418841379e-11,9,CEP128
6.661338147750939e-16,1.3693381287771182,0.434,0.117,2.4373836282620687e-11,9,TMED3
6.661338147750939e-16,1.5493149823486796,0.373,0.092,2.4373836282620687e-11,9,RP11-386I14.4
6.661338147750939e-16,1.9068682863810853,0.289,0.063,2.4373836282620687e-11,9,SUZ12P
8.881784197001252e-16,1.374250209483891,0.518,0.157,3.249844837682758e-11,9,CTSH
8.881784197001252e-16,1.3718772562779344,0.41,0.11,3.249844837682758e-11,9,SLC1A4
8.881784197001252e-16,1.4034042641473599,0.386,0.101,3.249844837682758e-11,9,VCL
8.881784197001252e-16,1.725028591017168,0.361,0.092,3.249844837682758e-11,9,HLA-DQB1-AS1
1.1102230246251565e-15,1.3121409468165122,0.446,0.125,4.062306047103448e-11,9,ANTXR2
1.1102230246251565e-15,1.7753627302152508,0.265,0.054,4.062306047103448e-11,9,KCTD5
1.3322676295501878e-15,1.1711956245256756,0.614,0.199,4.8747672565241373e-11,9,PHB
1.3322676295501878e-15,0.8891921082790761,0.349,0.083,4.8747672565241373e-11,9,SETBP1
1.5543122344752192e-15,1.4424007442767177,0.41,0.109,5.687228465944827e-11,9,UCHL3
1.5543122344752192e-15,1.425072150677673,0.41,0.112,5.687228465944827e-11,9,PCCB
1.9984014443252818e-15,1.170809292893544,0.651,0.227,7.312150884786206e-11,9,HIST2H2AA3
1.9984014443252818e-15,1.184499327326904,0.47,0.139,7.312150884786206e-11,9,MAP4K4
2.220446049250313e-15,1.427440019205775,0.386,0.102,8.124612094206896e-11,9,GRAMD4
2.4424906541753444e-15,1.0526455225711158,0.892,0.329,8.937073303627585e-11,9,VAMP8
2.4424906541753444e-15,0.9983430074669211,1,0.471,8.937073303627585e-11,9,HLA-DRA
2.4424906541753444e-15,1.120584944568005,0.699,0.24,8.937073303627585e-11,9,SEC61G
2.4424906541753444e-15,1.8951958342630402,0.337,0.086,8.937073303627585e-11,9,MCTP1
2.886579864025407e-15,1.3184302322927792,0.482,0.149,1.0561995722468964e-10,9,MALT1
3.552713678800501e-15,1.1069627162925066,0.711,0.249,1.2999379350731033e-10,9,MYD88
3.9968028886505635e-15,1.1297136983475202,0.542,0.171,1.4624301769572412e-10,9,CRTAP
4.6629367034256575e-15,0.9743763706507379,0.952,0.376,1.706168539783448e-10,9,ADAM19
4.884981308350689e-15,1.1113703804234372,0.614,0.214,1.787414660725517e-10,9,PBRM1
5.3290705182007514e-15,1.1247859736356047,0.578,0.187,1.949906902609655e-10,9,XBP1
5.773159728050814e-15,1.391212143225225,0.361,0.093,2.1123991444937928e-10,9,SLC37A1
6.439293542825908e-15,1.1154043526218937,0.639,0.22,2.3561375073199997e-10,9,GNL3
8.43769498715119e-15,1.1143099184286123,0.554,0.174,3.0873525957986203e-10,9,MIIP
8.659739592076221e-15,1.3517896352363408,0.349,0.088,3.1685987167406893e-10,9,RMDN3
9.992007221626409e-15,0.9528775774726362,0.843,0.325,3.656075442393103e-10,9,SAMHD1
9.992007221626409e-15,0.9900776244769638,0.831,0.34,3.656075442393103e-10,9,STT3A
9.992007221626409e-15,1.140977175507353,0.53,0.165,3.656075442393103e-10,9,RAB4B
1.021405182655144e-14,1.410715625837325,0.373,0.098,3.737321563335172e-10,9,MYCBP
1.1102230246251565e-14,1.0027323791568596,0.819,0.289,4.062306047103448e-10,9,IGFLR1
1.532107773982716e-14,1.0480126825696983,0.735,0.266,5.605982345002758e-10,9,LAPTM4A
1.554312234475219e-14,1.0009227075254605,0.904,0.355,5.687228465944827e-10,9,HLA-DMA
1.554312234475219e-14,1.2185629644296267,0.434,0.122,5.687228465944827e-10,9,C1orf162
1.6431300764452317e-14,1.166068888796934,0.59,0.204,6.012212949713103e-10,9,GALNT2
1.7319479184152442e-14,1.6970926295392375,0.265,0.057,6.337197433481379e-10,9,NIPSNAP3A
2.0650148258027912e-14,1.7089997453464252,0.253,0.053,7.555889247612413e-10,9,DTWD1
2.1316282072803006e-14,1.1533486173216023,0.627,0.211,7.79962761043862e-10,9,PYCARD
2.2648549702353193e-14,0.987638345789392,0.711,0.258,8.287104336091033e-10,9,CYTH4
2.708944180085382e-14,1.1851875379653765,0.482,0.147,9.912026754932413e-10,9,SNX3
3.064215547965432e-14,1.0556876129845918,0.614,0.212,1.1211964690005516e-9,9,SOCS3
3.397282455352979e-14,1.6043729803719224,0.253,0.053,1.243065650413655e-9,9,IPO4
3.6637359812630166e-14,1.328428369842721,0.434,0.128,1.3405609955441378e-9,9,PTPMT1
3.7969627442180354e-14,1.1321140947269688,0.675,0.245,1.3893086681093791e-9,9,HIST2H2AA4
3.8191672047105385e-14,1.520056551965909,0.313,0.075,1.397433280203586e-9,9,RP11-324I22.3
4.0190073491430667e-14,1.4309864185206602,0.337,0.086,1.470554789051448e-9,9,UNC119
4.1522341120980855e-14,1.1072418673309214,0.554,0.184,1.5193024616166895e-9,9,NARS
4.374278717023117e-14,1.0384308895385648,0.675,0.234,1.6005485825587584e-9,9,ANAPC11
4.374278717023117e-14,1.8091238851070133,0.289,0.068,1.6005485825587584e-9,9,SMCO4
4.707345624410664e-14,1.0053916808944026,0.699,0.25,1.7224177639718619e-9,9,CNDP2
4.75175454539567e-14,1.4120791994137671,0.361,0.096,1.7386669881602757e-9,9,LTV1
4.907185768843192e-14,1.1126553698355848,0.518,0.161,1.795539272819724e-9,9,PGLS
5.595524044110789e-14,1.0747696372934867,0.518,0.159,2.0474022477401377e-9,9,MFSD1
5.684341886080802e-14,0.977010801011579,0.59,0.202,2.0799006961169653e-9,9,AD000671.6
6.927791673660977e-14,1.323457508881201,0.41,0.122,2.5348789733925514e-9,9,FAM168A
7.460698725481052e-14,1.584960909393418,0.313,0.078,2.729869663653517e-9,9,GCA
7.882583474838611e-14,1.3562168400097354,0.373,0.102,2.884237293443448e-9,9,FBXO6
8.104628079763643e-14,1.30180542649653,0.446,0.139,2.965483414385517e-9,9,RASA4B
8.526512829121202e-14,0.9669372583171443,0.952,0.446,3.119851044175448e-9,9,SLC20A1
8.859579736508749e-14,1.3105203204055247,0.373,0.104,3.2417202255885513e-9,9,AGPAT5
9.14823772291129e-14,1.0738224319557717,0.639,0.23,3.347340182813241e-9,9,GRSF1
1.1546319456101628e-13,1.10913108913646,0.458,0.139,4.224798288987586e-9,9,RASGRP2
1.1857181902996672e-13,1.8624965074053668,0.253,0.056,4.338542858306482e-9,9,TCP11L1
1.2589929099249275e-13,1.1991641384857934,0.47,0.147,4.60665505741531e-9,9,PIP5K1A
1.2811973704174306e-13,1.1521870237684333,0.373,0.102,4.687901178357379e-9,9,DENND5A
1.318944953254686e-13,1.1559977358995388,0.458,0.137,4.826019583958896e-9,9,CCS
1.3322676295501878e-13,1.4702937698027108,0.253,0.054,4.874767256524137e-9,9,QDPR
1.4099832412739488e-13,1.3210252636890476,0.373,0.104,5.159128679821379e-9,9,NAA40
1.6053824936079764e-13,1.3709603044449314,0.265,0.06,5.8740945441115855e-9,9,DUSP7
1.7275070263167436e-13,0.9022443319033193,0.699,0.265,6.320948209292965e-9,9,CLINT1
1.7696955012524995e-13,1.058218169205098,0.663,0.238,6.475315839082896e-9,9,PLSCR1
1.9273471707492718e-13,1.6738471829795094,0.337,0.094,7.052163297771585e-9,9,JAZF1
2.0694557179012918e-13,0.9172140977101723,0.867,0.358,7.572138471800827e-9,9,DBNL
2.1005419625907962e-13,1.4685817477716308,0.386,0.11,7.685883041119723e-9,9,ATOX1
2.1649348980190553e-13,1.3852871560414188,0.337,0.088,7.921496791851723e-9,9,MRPL36
2.2648549702353193e-13,1.3995893807293456,0.373,0.106,8.287104336091033e-9,9,GYS1
2.424727085781342e-13,1.210876728217365,0.325,0.084,8.87207640687393e-9,9,MTMR10
2.566835632933362e-13,1.112883403009425,0.47,0.151,9.392051580903171e-9,9,SLFN11
2.6134649999676185e-13,1.1868081183962134,0.566,0.198,9.562668434881516e-9,9,GPR65
2.6711965972481266e-13,1.0633320982876513,0.578,0.217,9.773908349330895e-9,9,PIK3CG
2.69562150378988e-13,0.9975069503611287,0.964,0.389,9.863279082367171e-9,9,ALOX5AP
2.831068712794149e-13,1.3802415259501022,0.301,0.075,1.0358880420113792e-8,9,CUL4B
3.0375701953744283e-13,1.1656032089763935,0.446,0.136,1.1114469344875033e-8,9,IVD
3.5438318946034997e-13,0.8121198361668365,0.554,0.188,1.2966880902354205e-8,9,FRMD8
3.7192471324942744e-13,0.9375186912377349,0.53,0.176,1.360872525779655e-8,9,CCDC69
4.261035968511351e-13,1.1154432500482345,0.458,0.147,1.5591130608783033e-8,9,DAPP1
4.269917752708352e-13,1.318382361113189,0.373,0.107,1.562362905715986e-8,9,HSD17B12
4.622968674539152e-13,1.8217940330037612,0.253,0.057,1.6915442380138757e-8,9,RP11-732M18.3
4.68070027181966e-13,1.2283374817070012,0.373,0.105,1.7126682294588136e-8,9,HINT2
4.907185768843192e-13,0.9600916159195974,0.675,0.258,1.795539272819724e-8,9,HLA-DQA2
4.956035581926699e-13,0.8981659553354606,0.699,0.281,1.813413419426979e-8,9,RHBDF2
5.346834086594754e-13,1.335753495297034,0.373,0.107,1.9564065922850205e-8,9,HSP90B2P
5.642153411145046e-13,1.1511312156339533,0.518,0.178,2.064463933137972e-8,9,KLF10
6.483702463810914e-13,1.2157223655893634,0.337,0.09,2.3723867315084135e-8,9,STK38L
6.548095399239173e-13,1.8036307592959766,0.253,0.058,2.3959481065816135e-8,9,MSRB1
6.583622536027178e-13,1.6258807917447045,0.277,0.068,2.4089474859323445e-8,9,AACS
7.014389069581739e-13,1.1496116329047523,0.41,0.123,2.5665649605599583e-8,9,PLEKHO1
8.855138844410249e-13,1.4207820855303104,0.349,0.098,3.24009530316971e-8,9,CTPS1
9.585665594613602e-13,0.973203587050522,0.723,0.271,3.507395041069117e-8,9,TALDO1
9.758860386455126e-13,1.3029335811239378,0.373,0.107,3.5707670154039306e-8,9,ZNF22
9.876544027065393e-13,1.0190487561190515,0.735,0.287,3.613827459503227e-8,9,ATP6V0B
1.0691447727140257e-12,0.9940322026767354,0.566,0.194,3.91200072336062e-8,9,NIPA2
1.1024514634527804e-12,0.8569590042635932,0.747,0.331,4.0338699047737236e-8,9,TACC1
1.3302692281058626e-12,0.9852138795393682,0.843,0.359,4.867455105639351e-8,9,CTSC
1.3322676295501878e-12,1.152883119981554,0.518,0.18,4.8747672565241373e-8,9,RTCB
1.3642420526593924e-12,1.2877638626836796,0.337,0.093,4.9917616706807166e-8,9,NEK6
1.3884449145962208e-12,1.8290197206656142,0.253,0.059,5.080319942507572e-8,9,MIR22HG
1.5825118993006981e-12,0.8578728182563483,0.663,0.25,5.7904110395412545e-8,9,CLASP2
1.6533441282717831e-12,1.403342231026967,0.289,0.073,6.049586165346454e-8,9,CTB-131B5.2
1.7885692926711272e-12,1.535457511449492,0.301,0.078,6.544375041883654e-8,9,AMDHD2
2.1016521856154213e-12,0.7772125345384053,0.916,0.385,7.689945347166827e-8,9,EDEM1
2.1158630403306233e-12,1.382108492334163,0.349,0.102,7.741942864569751e-8,9,MIR142
2.282618538629322e-12,1.1783851082223893,0.446,0.143,8.352101232844689e-8,9,TMEM14C
2.3447910280083306e-12,0.8835152790450165,0.711,0.286,8.579590371482482e-8,9,ARHGAP17
2.646105556891598e-12,1.2552655581169538,0.386,0.117,9.682100232666357e-8,9,MRE11A
3.1379343568005424e-12,1.0931523153270393,0.518,0.184,1.1481701811533185e-7,9,TMEM39A
3.3650859876388495e-12,1.0746621544964243,0.53,0.187,1.231284962877055e-7,9,FAM60A
3.4205971388701073e-12,1.3392167374138726,0.253,0.06,1.2515964931125723e-7,9,MARCKSL1
3.773870105305832e-12,0.8651718253630065,0.88,0.358,1.380859071531404e-7,9,HM13
4.062306047103448e-12,1.056353057283525,0.47,0.156,1.4863977826351515e-7,9,MAPKAPK3
4.091171845743702e-12,1.0573524424429197,0.47,0.155,1.4969597783576205e-7,9,CPNE3
4.094058425607727e-12,1.0030358989268275,0.747,0.349,1.4980159779298674e-7,9,NR3C1
4.296119016089506e-12,1.3344770778661017,0.277,0.069,1.5719499479871502e-7,9,IL10RB-AS1
4.725775326619441e-12,0.9508639943735959,0.554,0.199,1.7291611920100536e-7,9,ARHGAP27
5.018874205120483e-12,1.6554756623786677,0.277,0.072,1.8364060716535846e-7,9,POLE
5.168532268839954e-12,1.377350688307529,0.301,0.079,1.891165957168539e-7,9,HIST1H2AC
5.274891634599044e-12,1.1532708152020372,0.361,0.105,1.93008284909979e-7,9,C10orf32
5.6485927046878714e-12,1.0103173303404378,0.53,0.191,2.0668200706452922e-7,9,SLC1A5
6.021849685566849e-12,1.1117119200074053,0.494,0.174,2.20339479994891e-7,9,LRRC59
6.163292098904094e-12,0.9072461398092476,0.771,0.298,2.255148578989008e-7,9,C11orf31
6.397327112495077e-12,0.7290904360331467,0.711,0.298,2.3407819904619487e-7,9,BTAF1
6.614264691506833e-12,1.1145099839463857,0.313,0.086,2.42015945062235e-7,9,CNOT11
6.708189559390121e-12,0.8352174784461822,0.699,0.302,2.454526559780845e-7,9,USP24
6.757927550893328e-12,0.880021170534551,0.711,0.295,2.4727256908718687e-7,9,MEF2D
7.0667915963440464e-12,1.647818770011186,0.265,0.067,2.5857390451022866e-7,9,ATP6V0A1
7.321032668983207e-12,1.1585201428680563,0.482,0.164,2.6787658535809555e-7,9,NAPRT1
7.400746682151293e-12,0.8562889731355408,0.723,0.292,2.7079332109991583e-7,9,H2AFY
7.644773702963903e-12,1.221199325915816,0.325,0.09,2.797222697914492e-7,9,RP3-508I15.21
7.954747971439247e-12,0.87979584538529,0.711,0.291,2.9106422827496203e-7,9,MICAL1
8.54938342342848e-12,1.1079750170261298,0.59,0.229,3.128219394632481e-7,9,IFI44L
8.846035015608322e-12,1.2049171381284813,0.373,0.117,3.236764212211085e-7,9,RRAGC
9.181100324440195e-12,0.9819417594568142,0.566,0.205,3.359364608712667e-7,9,RP11-622K12.1
9.244827126053679e-12,1.5238479468306063,0.253,0.061,3.382682245423041e-7,9,MNDA
9.900302799792371e-12,1.057694988842536,0.434,0.139,3.6225207944440285e-7,9,SPON2
9.982459303614633e-12,1.1630263371114866,0.41,0.139,3.652581859192594e-7,9,HIATL1
9.983125437429408e-12,1.5100837300465766,0.289,0.078,3.65282559755542e-7,9,TMEM106A
1.0029532759858739e-11,1.771057088812013,0.253,0.063,3.6698060368323127e-7,9,ACOT7
1.0041745213129616e-11,1.1009791866456937,0.386,0.117,3.6742745734841264e-7,9,CCDC57
1.0299761044052502e-11,1.1500792421730615,0.373,0.114,3.7686825660188106e-7,9,TRIM5
1.0986989096295474e-11,1.5963306441434988,0.277,0.074,4.020139310334514e-7,9,PRKCD
1.169908614429005e-11,1.412903751931759,0.313,0.088,4.280695620195729e-7,9,RP11-649E7.5
1.2427836537654002e-11,0.6918148802926944,0.771,0.327,4.5473453891275994e-7,9,PRKCB
1.2600809284890602e-11,0.9427597797630887,0.663,0.261,4.610636117341471e-7,9,C19orf10
1.2651879544023359e-11,1.0237039827781076,0.614,0.238,4.629322725158147e-7,9,HEXB
1.2714052033402368e-11,1.021294612511833,0.566,0.207,4.6520716390219263e-7,9,EIF6
1.3255618824814519e-11,0.9845334812499539,0.651,0.249,4.850230927999633e-7,9,LGALS9
1.3972156764907595e-11,1.4508944938857777,0.337,0.102,5.112412160279689e-7,9,TPCN2
1.504441016209057e-11,1.3814118566133404,0.337,0.101,5.50474967830894e-7,9,SNRNP25
1.6220802478983387e-11,1.0272077125417323,0.361,0.105,5.935191627060021e-7,9,RP11-256P1.1
1.6749490683309887e-11,1.4463326665200245,0.373,0.121,6.128638641023088e-7,9,SLC43A3
1.687050499299403e-11,1.5876685352990707,0.301,0.086,6.172917776936515e-7,9,AMZ2P1
1.7650103600885814e-11,0.8850810727296001,0.554,0.209,6.458172907564119e-7,9,RUNX1
1.8924195543945643e-11,0.9640391839581768,0.542,0.199,6.924363149529711e-7,9,ABCA7
2.092725992497435e-11,1.0741815159764692,0.277,0.074,7.657284406548115e-7,9,UBN2
2.3782975588915178e-11,1.1858111293283187,0.398,0.13,8.702190767984064e-7,9,SLC23A2
2.4143353982708504e-11,0.8488630297647226,0.831,0.376,8.834053222273042e-7,9,TM9SF2
2.4991564373522124e-11,0.9007789708704146,0.602,0.23,9.144413404271745e-7,9,SMARCB1
2.5741409004353955e-11,1.112543845822405,0.313,0.088,9.418781554693112e-7,9,FAM179B
2.6613378167894552e-11,1.4225359425982544,0.289,0.079,9.737835071632617e-7,9,FN3KRP
2.6769031435947e-11,1.3263650323553255,0.313,0.091,9.794788602413007e-7,9,ADRBK2
2.677746913093415e-11,0.8262092957790028,0.747,0.304,9.797875955008806e-7,9,NGLY1
2.8616664593528185e-11,1.0843786539692095,0.349,0.105,1.0470837574771963e-6,9,EXOC6
2.9509505949931736e-11,0.9260703244914161,0.614,0.231,1.0797528227080022e-6,9,SIVA1
2.9708902005154414e-11,0.8771408642537518,0.422,0.135,1.0870487243686e-6,9,PXK
3.0416336116445564e-11,0.9662244461986573,0.325,0.094,1.1129337385007432e-6,9,ZMYM6
3.2808866734512776e-11,0.9229967048482616,0.554,0.201,1.2004764338158225e-6,9,MCM5
3.428657358028886e-11,0.9479208673135181,0.482,0.164,1.2545457273027694e-6,9,SLC2A1
3.510791657390655e-11,0.8990113608272736,0.675,0.278,1.2845986674392407e-6,9,HMGA1
3.614464283430152e-11,1.2227315200062137,0.361,0.112,1.3225324813070927e-6,9,HDAC6
3.723954478118685e-11,0.755868907529669,0.566,0.21,1.3625949435436269e-6,9,NFX1
3.7440495148644004e-11,0.888088516959043,0.675,0.262,1.3699477174888841e-6,9,HMGN3
3.7769787297747826e-11,0.9158254173323339,0.386,0.121,1.381996517224593e-6,9,POLK
3.999289788225724e-11,0.8630992717981496,0.602,0.237,1.4633401335117924e-6,9,TET2
4.224376404238228e-11,1.0037909557035911,0.602,0.25,1.5456993263107677e-6,9,PI4KA
4.657318974921054e-11,1.1131796241670076,0.373,0.117,1.7041130129236137e-6,9,TMEM107
4.839062484052192e-11,1.156181180857133,0.398,0.13,1.7706129629146972e-6,9,CHD1L
5.386247003968947e-11,1.2944626015798868,0.313,0.091,1.9708277787522377e-6,9,PHLDB3
5.703659766709279e-11,1.3845681363711044,0.265,0.069,2.0869691086389253e-6,9,EAF2
5.992717433400685e-11,1.0834430926197531,0.41,0.134,2.1927353088813106e-6,9,RP11-500M8.7
6.219202930424217e-11,0.9281033471105655,0.614,0.231,2.275606352242221e-6,9,AP2S1
6.643330330291519e-11,0.7820348730671972,0.53,0.188,2.430794567853667e-6,9,LYPLA1
6.720668466186908e-11,0.9896615230618563,0.542,0.198,2.4590925917777895e-6,9,IFI35
7.021383474636878e-11,0.8728543480771196,0.578,0.21,2.5691242133696335e-6,9,NHP2
8.149858565786872e-11,0.9674879563432144,0.518,0.188,2.9820332492214163e-6,9,CDC123
8.201772594418344e-11,0.8815154611808049,0.88,0.382,3.001028592297672e-6,9,SPCS1
8.596767742119482e-11,1.4512006644274675,0.301,0.088,3.1455573168415185e-6,9,PAK1
8.715650423596344e-11,1.203822259100637,0.325,0.097,3.1890564899939022e-6,9,KIAA0513
8.851652744112926e-11,0.7221889235771741,0.651,0.284,3.2388197390709195e-6,9,IQSEC1
8.86553053192074e-11,1.4675815175563711,0.301,0.09,3.2438976216297988e-6,9,ADCY3
8.95441498727223e-11,0.8464815595003194,0.735,0.324,3.276420443842909e-6,9,PTPN1
9.240341825034193e-11,1.2071840435443315,0.325,0.098,3.381041073780011e-6,9,CSNK1E
9.520229049542195e-11,0.8510249842112358,0.627,0.25,3.483451809227489e-6,9,TYMP
1.0024403529484971e-10,0.9292240268822719,0.361,0.113,3.667929251438551e-6,9,CHPF2
1.1214251749436244e-10,1.2107898011522027,0.277,0.075,4.1032947151187216e-6,9,CISH
1.1238743269359475e-10,0.9310898185682341,0.482,0.173,4.112256162258632e-6,9,MAGT1
1.1432743640682475e-10,0.9320674972565033,0.651,0.263,4.183240898125717e-6,9,SFT2D1
1.1665046706355042e-10,1.2058547632338346,0.325,0.095,4.26824058985531e-6,9,AC016292.3
1.2290657380731318e-10,0.8888922311799556,0.53,0.2,4.497151535609589e-6,9,DTX2
1.2929657344784573e-10,1.3769246255041114,0.265,0.07,4.730961622456675e-6,9,LLGL2
1.3189138670099965e-10,0.7939446614949134,0.578,0.216,4.825905839389577e-6,9,MBOAT1
1.3212120286709705e-10,1.0271095732091893,0.494,0.192,4.834314812907081e-6,9,ITPR2
1.5353407434304245e-10,1.0562560581423384,0.277,0.077,5.617811780211923e-6,9,SNX18
1.617452838331701e-10,0.8386303210901134,0.53,0.194,5.918259935455694e-6,9,ARFGAP3
1.653166492587843e-10,0.9123251296263302,0.458,0.164,6.048936196378918e-6,9,IREB2
1.6956636095244448e-10,1.0203118694761575,0.337,0.102,6.204433147249944e-6,9,AP5M1
1.7756196513118994e-10,1.1382783017285858,0.361,0.115,6.49699230415024e-6,9,PSMB5
2.02678096528075e-10,1.159772525326483,0.386,0.127,7.415991551962264e-6,9,PSENEN
2.0698642799743538e-10,0.8591379880623329,0.53,0.203,7.573633400426161e-6,9,MTPN
2.085904782234138e-10,1.013781971189199,0.386,0.125,7.632325598194711e-6,9,ZDHHC24
2.1087886992177118e-10,1.2346152521286216,0.373,0.123,7.716057850437608e-6,9,PAIP1
2.1493451463072688e-10,0.9091748610078532,0.47,0.167,7.864453890338297e-6,9,ATP13A1
2.1579671383165078e-10,0.8637704211978094,0.554,0.219,7.896001759100102e-6,9,AP3B1
2.1648860482059717e-10,1.359543905884059,0.253,0.067,7.92131805038565e-6,9,ZBTB33
2.207458660308248e-10,0.791484554450675,0.843,0.377,8.07709123806788e-6,9,STAT2
2.311582036895743e-10,0.9060053022666708,0.578,0.224,8.458078673001523e-6,9,RBBP7
2.3555690731313916e-10,1.006506536560228,0.434,0.158,8.619027238587762e-6,9,MED13L
2.527911213690004e-10,0.8702320241190677,0.542,0.199,9.249627130891724e-6,9,CHMP5
2.5291146954486976e-10,1.1156752973152386,0.41,0.143,9.254030670646785e-6,9,USF2
2.735840443079951e-10,1.072588886922596,0.434,0.155,1.001044018122954e-5,9,LPCAT3
2.8549407282696393e-10,0.9575282677029455,0.398,0.136,1.044622812473861e-5,9,DNHD1
2.9549429569897256e-10,1.160385728203108,0.301,0.089,1.0812136279625406e-5,9,HADH
3.219364774764699e-10,1.2403246185527612,0.373,0.13,1.1779655710864034e-5,9,ODF3B
3.334994502779409e-10,0.8672953896123716,0.687,0.295,1.2202744885669858e-5,9,ATP6V0D1
3.5928238162341586e-10,0.835389185048114,0.663,0.261,1.3146142343600786e-5,9,ATP6AP1
3.5934255571135054e-10,1.4474338971699825,0.277,0.079,1.3148344113478316e-5,9,ABCB8
4.0002334777966553e-10,1.0400199970177866,0.253,0.067,1.4636854295257962e-5,9,RP3-449O17.1
4.2853254278441e-10,1.3025337648984088,0.253,0.068,1.5680005740481562e-5,9,CDK9
4.307971757100404e-10,1.5725560943563308,0.265,0.076,1.5762868659230378e-5,9,CD86
4.494009608890792e-10,0.9840133284704116,0.434,0.157,1.644358115893141e-5,9,ATP6V1A
4.546689691409256e-10,0.9568620046310627,0.506,0.198,1.6636337580866467e-5,9,TMX3
4.739308945289622e-10,1.089241140057321,0.361,0.116,1.7341131430814727e-5,9,RP11-730G20.2
4.865368108397661e-10,1.507233726778873,0.301,0.093,1.780238190862704e-5,9,BTBD19
4.917921625491317e-10,0.7051880503953732,0.651,0.269,1.799467522767273e-5,9,ITCH
5.016651538625183e-10,1.0009226683667891,0.265,0.073,1.8355927979829545e-5,9,CDKN2D
5.059364038828562e-10,0.7934267828456238,0.699,0.292,1.851221301807371e-5,9,MX2
5.195217589459844e-10,1.2721323344445332,0.325,0.103,1.900930115983357e-5,9,COX15
5.281017845248925e-10,0.8470732863614834,0.578,0.225,1.9323244295765818e-5,9,TMED9
5.386306956012277e-10,0.9471740310110464,0.482,0.18,1.970849715204892e-5,9,FAM53C
5.512037493105026e-10,1.2465457493660288,0.325,0.104,2.0168545187271292e-5,9,ZC3H3
5.531550772985838e-10,0.8626354663230426,0.53,0.204,2.0239944278355182e-5,9,MESDC2
6.245428618711912e-10,1.0398275935759456,0.422,0.15,2.2852023315866887e-5,9,ESD
6.255083118134053e-10,1.0325293681169943,0.373,0.128,2.28873491292525e-5,9,SLC12A2
7.015168446145026e-10,0.7766863678367545,0.795,0.34,2.566850134444465e-5,9,CYBA
7.079146158162075e-10,0.7216755426118995,0.699,0.296,2.5902595792715033e-5,9,SPN
7.282250358287001e-10,1.2745878339668746,0.386,0.137,2.6645754060972138e-5,9,ODC1
7.298834869828852e-10,0.6881065880002682,0.735,0.326,2.670643678870377e-5,9,FMNL3
7.342502161833409e-10,1.0239945959632384,0.446,0.16,2.6866215410148442e-5,9,SDF2
7.488847320047398e-10,0.34415443718869554,0.349,0.11,2.740169234405343e-5,9,EP400NL
7.561158366087284e-10,0.934032598630234,0.361,0.119,2.766627846151337e-5,9,TTC37
7.562432902119554e-10,1.1483220466325599,0.301,0.092,2.7670941988855446e-5,9,C1orf27
8.153009378730758e-10,0.795498818983368,0.542,0.206,2.9831861316775843e-5,9,PARP10
8.572107468296508e-10,0.9246754716778738,0.434,0.156,3.136534122649692e-5,9,ATXN7L3B
8.696241504679847e-10,1.027708487630193,0.349,0.114,3.181954766562356e-5,9,DCAF12
9.099607733986659e-10,0.6012779026514523,0.687,0.287,3.3295464698657184e-05,9,SEC16A
9.107299359101262e-10,0.9444456524208131,0.518,0.199,3.332360835495152e-5,9,IFI30
9.433622771837236e-10,1.1729963132167478,0.337,0.11,3.4517625722152445e-5,9,GMCL1
9.978551318567952e-10,0.9264580445519375,0.373,0.123,3.6511519274640136e-5,9,UNC50
1.0111225190456707e-9,0.7529089739991152,0.602,0.232,3.699697297188109e-5,9,DNAJB9
1.0295346797306593e-9,1.2828008480858808,0.373,0.134,3.767067393134482e-5,9,JAK2
1.0520329052354782e-9,0.7942028610898677,0.639,0.267,3.849388400256615e-5,9,PTPN2
1.0659140237123665e-9,0.8719335715414052,0.518,0.196,3.900179412763549e-5,9,PQBP1
1.0717569054463638e-9,1.40161503996166,0.253,0.071,3.921558517028245e-5,9,TARBP1
1.1635252761266202e-9,0.8160929044059482,0.614,0.246,4.257338985347303e-5,9,SEC13
1.1867244964491874e-9,0.9237788590606962,0.506,0.197,4.342224932507577e-5,9,MTMR14
1.2835912333031274e-9,1.1493987918208348,0.253,0.07,4.696660322656143e-5,9,DAPK2
1.3409049426371666e-9,1.2704429392038885,0.325,0.105,4.906371185109393e-5,9,C16orf98
1.3483518745971423e-9,1.2353852473974603,0.325,0.106,4.933619509150944e-5,9,PDCD11
1.3609131599423563e-9,1.082624957350585,0.386,0.137,4.9795812522290817e-5,9,LLPH
1.3620145011827844e-9,1.1934004533171074,0.301,0.094,4.983611059827808e-5,9,DTNBP1
1.3642234009125787e-9,0.7753518614602688,0.301,0.092,4.991693423939125e-5,9,KDM4B
1.3958729727647778e-9,0.7593733409197607,0.675,0.28,5.107499207346322e-5,9,WARS
1.454558251623439e-9,0.7726222768866285,0.59,0.255,5.322228642690163e-5,9,MAP3K2
1.4928216440779352e-9,0.8815404457215238,0.687,0.289,5.462234395681165e-5,9,DBI
1.50426981981866e-9,0.7268318508404479,0.542,0.213,5.504123270716477e-5,9,HNRNPA0
1.5538246245228038e-9,1.0099416195304804,0.422,0.151,5.685444301128939e-5,9,SEMA4A
1.63627844607106e-9,0.8325903961880612,0.506,0.2,5.9871428341740085e-5,9,TNFSF9
1.649153480443033e-9,1.0992795999549698,0.398,0.146,6.034252584941058e-5,9,PACSIN2
1.847000774546359e-9,0.7933498316929926,0.542,0.228,6.758175834065128e-5,9,COPG1
1.9504624582111774e-9,1.0010285668492402,0.325,0.107,7.136742134594698e-5,9,KIF1B
2.281900890466204e-9,0.915037868892543,0.554,0.225,8.349475358215841e-5,9,KPNA2
2.321352887690864e-9,1.2462711343688033,0.289,0.088,8.493830216060871e-5,9,NR2C1
2.3955741834669197e-9,0.7944267539163047,0.711,0.367,8.76540593730546e-5,9,KDM6B
2.527492881654325e-9,0.9285079008732533,0.313,0.099,9.248096453973176e-5,9,MDFIC
2.612014826652853e-9,0.8845372958690214,0.446,0.164,9.55736225072279e-5,9,DAP
2.6651822970791272e-9,0.9662523246489413,0.313,0.098,9.751902025012527e-5,9,MAGOHB
2.7042916794783878e-9,1.0456605372154584,0.434,0.171,9.895003255211421e-5,9,SNX9
2.8847115807195678e-9,1.3441708550910287,0.277,0.084,1.0555159673852899e-4,9,FASTKD1
3.0304467824038284e-9,1.160230365804228,0.349,0.124,1.1088404776815608e-4,9,PRPF4
3.121355396373815e-9,1.051011567448321,0.361,0.127,1.1421039395331789e-4,9,TEP1
3.1487266127783187e-9,1.2525193902759435,0.289,0.087,1.1521190676155868e-4,9,LST1
3.2848312958577708e-9,0.8798343273154496,0.518,0.207,1.2019197711543583e-4,9,ATP6V1B2
3.3110263419899866e-9,1.100750045858874,0.301,0.093,1.2115045385341361e-4,9,C22orf34
3.5051652691464597e-09,0.9477584069895972,0.47,0.179,1.2825399719806896e-4,9,TXN2
3.56961415981516e-9,0.8841002855623642,0.277,0.083,1.306121821076367e-4,9,NOC3L
3.722426145102986e-9,1.1474900921117812,0.313,0.102,1.3620357264931826e-4,9,THOC6
3.891697408775485e-9,0.7678457929653062,0.627,0.261,1.42397208187095e-4,9,RP11-1100L3.8
3.907854040363645e-9,0.646832207434566,0.313,0.101,1.4298837933690578e-4,9,RP1-283E3.8
4.058968272602215e-9,0.7596944940646273,0.542,0.218,1.4851764909451504e-4,9,TBC1D9B
4.196628600183772e-9,0.8059293978167655,0.518,0.199,1.535546404807242e-4,9,NDUFA9
4.239309570053251e-9,0.9876139096637246,0.41,0.151,1.5511633716824846e-4,9,SCNM1
4.3275181216273495e-9,0.7755078908946564,0.843,0.382,1.5834388807034472e-4,9,CTSS
4.399895781048713e-9,0.6604040818687968,0.783,0.385,1.609921866285724e-4,9,ANKRD11
4.469456138522787e-9,1.2188391934787968,0.301,0.095,1.6353740010854878e-4,9,PTRHD1
4.558285970901466e-9,1.3456959242013204,0.253,0.073,1.6678768367528463e-4,9,MBIP
4.69010408288284e-9,1.0437058201737917,0.386,0.139,1.7161090839268311e-4,9,LEPROT
4.969331390825005e-9,0.7132084306831792,0.892,0.421,1.8182783559028692e-4,9,SEC61A1
5.146109538500809e-9,0.9948945082776991,0.289,0.089,1.882961480137446e-4,9,FAM69A
5.3838824509711e-9,0.9532139793474749,0.253,0.072,1.9699625888103256e-4,9,KRBOX4
5.401944447314122e-9,0.921334971319822,0.373,0.136,1.9765714732722373e-4,9,ZMIZ1
5.7753086757372785e-9,1.241944691771706,0.301,0.097,2.1131854444522702e-4,9,SLC25A19
5.887145215766054e-9,0.8804122502117189,0.434,0.161,2.1541064344487992e-4,9,TIMMDC1
5.906077182871172e-9,0.6652494624385942,0.831,0.368,2.161033641212562e-4,9,SND1
5.955406834345922e-9,0.7864084764354244,0.542,0.218,2.179083360687173e-4,9,SMN1
5.989340134959775e-9,1.1707174415963268,0.337,0.116,2.1914995553817818e-4,9,TCEB3
6.073913816351251e-9,0.6728551464807566,0.639,0.258,2.2224450654029226e-4,9,C1QBP
6.080322467738597e-9,1.1142560494705926,0.313,0.103,2.2247899909455526e-4,9,STRADA
6.72430333636953e-9,0.9852588501348056,0.398,0.147,2.460422590777611e-4,9,OAZ2
6.848060785102916e-9,0.9886493246195887,0.253,0.073,2.505705441269157e-4,9,RP11-35G9.3
7.006490720939951e-9,1.2406534362366166,0.265,0.08,2.563674954791928e-4,9,DEF8
7.189863593382029e-9,0.7825305010206529,0.602,0.277,2.6307710888184843e-4,9,TOP1
7.381361966096733e-9,0.8101406980675224,0.614,0.251,0.00027008403433947947,9,ATP5J2
7.54350470977272e-9,0.9392444285096381,0.506,0.216,2.760168373305838e-4,9,BANP
7.641419497161905e-9,0.9264683447269122,0.398,0.141,2.795995394011541e-4,9,LSM10
8.009213736670517e-9,0.7406826253922711,0.47,0.182,2.9305713062477423e-4,9,ARF3
8.059870770793509e-9,0.8101940038124351,0.554,0.228,2.949106715033345e-4,9,AHI1
8.159600106694143e-9,0.7892193020332363,0.867,0.377,2.985597679039387e-4,9,GSTP1
8.305992782453586e-9,0.6629501963959125,0.518,0.202,3.039162759099767e-4,9,NCSTN
8.352891045504407e-9,0.7514775635820825,0.783,0.343,3.0563228335500625e-4,9,OS9
8.667889295210784e-9,0.8654305822578364,0.434,0.167,3.171580693117626e-4,9,OSBPL9
8.742202295408674e-9,0.8381335480552626,0.373,0.132,3.198771819890034e-4,9,ASMTL
8.75215411255681e-9,1.0937818634355203,0.325,0.108,3.2024131897845365e-4,9,ARL1
8.956080987942983e-9,1.1863355197000942,0.373,0.137,3.2770300334883373e-4,9,ATF3
8.957416364197002e-9,0.9697145880445277,0.47,0.185,3.277518647659683e-4,9,SDHC
8.998481293431837e-9,1.0214226589248336,0.265,0.08,3.292544305266709e-4,9,TERF2
9.065720396606025e-9,0.43563260606725707,0.59,0.259,3.3171470931181446e-4,9,SNX22
9.233221964777272e-9,1.3200239867816304,0.313,0.108,3.378435916912004e-4,9,ABI2
9.457930660872194e-9,0.9010092254453358,0.446,0.171,3.4606568288131356e-4,9,CLN3
9.508329235075053e-9,1.1207250044566512,0.289,0.091,3.479097667113962e-4,9,DPAGT1
1.0178550224893002e-8,1.2514780143996347,0.253,0.075,3.724331527288349e-4,9,TMEM115
1.0259561644687665e-8,0.6850997049170786,0.398,0.143,3.7539736057912165e-4,9,FBRS
1.065973553870947e-8,0.8115601453019554,0.41,0.153,3.900397233613795e-4,9,ERO1LB
1.1073920225257439e-8,0.793465568571756,0.53,0.211,4.051947410421697e-4,9,LAMTOR1
1.1277948130938853e-8,0.7663187289339676,0.747,0.335,4.1266012211105263e-4,9,FERMT3
1.1564383450846094e-8,0.7812821730222436,0.711,0.322,4.231407904664586e-4,9,BCL2L11
1.1648156661436815e-8,1.072449335405654,0.301,0.099,4.2620605224197305e-4,9,NAT10
1.1649033737626269e-8,0.7669053505719552,0.602,0.253,4.2623814445974517e-4,9,SAP30BP
1.175381836304723e-8,0.6867453649443311,0.759,0.333,4.3007221390389816e-4,9,RAB8A
1.2398135629254625e-8,1.2198802649421152,0.253,0.076,4.5364778267442674e-4,9,MLST8
1.2568073248786504e-8,0.9406484483624271,0.446,0.174,4.598658001730982e-4,9,TMEM167A
1.2640824165188747e-8,0.8549165794773098,0.53,0.232,4.6252775620425624e-4,9,IFNAR2
1.2644056690547245e-8,0.9344197134269716,0.373,0.135,4.626460343071237e-4,9,EDEM2
1.312760433691551e-8,0.8712681887572769,0.337,0.115,4.803390426877385e-4,9,DHRSX
1.3225678330286428e-8,0.8038655495150193,0.446,0.172,4.839275701051804e-4,9,AMZ2
1.3439246604463051e-8,0.7110513881518186,0.88,0.441,4.91742033257303e-4,9,SSR1
1.3749646310401431e-8,0.7855961022155088,0.446,0.183,5.030995584975884e-4,9,MDN1
1.3841854551444044e-8,0.8094771596969201,0.59,0.262,5.064734580373376e-4,9,CAPRIN1
1.4129617476044132e-8,0.7473139592134692,0.614,0.276,5.170027034484548e-4,9,STAG3L1
1.4422309346784346e-8,1.247615387007872,0.253,0.076,5.277122989988392e-4,9,TCEAL8
1.4629833788859514e-8,1.273055568568382,0.313,0.107,5.353056183343696e-4,9,DUSP22
1.4975658491067634e-8,0.8404324593630639,0.554,0.234,5.479593441881647e-4,9,LSM4
1.5555633670061297e-8,0.9416284102962434,0.398,0.148,5.691806359875429e-4,9,PRKRA
1.5753854443190107e-8,0.898743078921926,0.265,0.08,5.76433534076326e-4,9,B4GALT4
1.6054517049113315e-8,0.7525882649090063,0.663,0.298,5.874347788270562e-4,9,TMX1
1.697824814073101e-8,0.845130099631281,0.47,0.184,6.212340994693477e-4,9,GLUL
1.8292669157204955e-8,1.045717073858343,0.313,0.108,6.693287644621293e-4,9,TRAK1
1.8411243862814786e-8,1.1058133659231038,0.301,0.101,6.73667412940393e-4,9,RPE
1.8502595455771598e-8,1.0189954215860595,0.349,0.124,6.770099677266828e-4,9,ACADM
1.855076070533812e-8,0.9063174053477321,0.458,0.177,6.787723342083218e-4,9,OAS1
1.8977509563811168e-8,0.7802550196203065,0.771,0.342,6.943870749398506e-4,9,BST2
1.958970008431038e-8,0.6967973538992808,0.506,0.204,7.167871260849168e-4,9,DENND4B
2.051340608488772e-8,0.7615439572076197,0.687,0.295,7.505855286460417e-4,9,NDUFC2
2.1431461494358928e-8,0.6406231299700755,0.723,0.33,7.841771760785932e-4,9,UFM1
2.165612422722063e-8,0.949573362615705,0.458,0.19,7.923975854740029e-4,9,RASA4
2.1715703679703324e-8,0.7973213484701096,0.386,0.142,7.945775976403446e-4,9,DMXL1
2.2408955357988702e-8,0.7691546284767614,0.614,0.272,8.199436765488066e-4,9,NCOA4
2.300558010759346e-8,0.7087213812034161,0.59,0.249,8.417741761368447e-4,9,RP11-571M6.7
2.3149212768913685e-8,1.2884639286683437,0.253,0.08,8.470296952145517e-4,9,BTBD7
2.4055585745585972e-8,1.29497278234725,0.277,0.093,8.801938824309907e-4,9,hsa-mir-6080
2.4137257081946473e-8,0.8453626863957491,0.361,0.13,8.831822366284214e-4,9,OXR1
2.4767846440454377e-8,0.8361524235130983,0.494,0.204,9.062555012562257e-4,9,PPP6R1
2.5273178438922628e-8,0.6643463143133364,0.687,0.348,9.24745599080179e-4,9,NOTCH2
2.656465025729915e-8,0.9860616103624369,0.349,0.126,9.720005529145759e-4,9,CLASRP
2.7369717825465045e-8,0.48179661049345496,0.494,0.199,0.001001457975233766,9,HEATR5B
2.7824323067804357e-8,0.784432185611176,0.506,0.207,0.0010180919810509614,9,NOLC1
2.929795606121388e-8,0.6371619469934212,0.578,0.248,0.001072012212279816,9,SLC7A6
2.930795139910458e-8,0.7635858729052927,0.554,0.227,0.0010723779416932366,9,ACAA1
2.9354801034386924e-8,0.857242159719604,0.506,0.214,0.0010740921698482175,9,RTN3
2.983298275083257e-8,0.6653385088222524,0.53,0.216,0.0010915888388529638,9,FBXW5
3.0277228058039896e-8,0.7496107663886518,0.651,0.302,0.0011078437746436798,9,STAG3L3
3.153126204580303e-8,0.9171452552673081,0.301,0.099,0.001153728878255933,9,RP1-20B21.4
3.224152833603e-8,0.8867435228397074,0.41,0.157,0.0011797175218153377,9,POLE3
3.226127742728124e-8,0.8816779988512257,0.337,0.118,0.0011804401410642207,9,USP18
3.287050209799247e-8,0.9140562417846704,0.337,0.117,0.0012027316717655445,9,POLM
3.297704442850602e-8,0.829276044185066,0.398,0.148,0.0012066300556390352,9,TVP23B
3.371997392420667e-8,0.8927355072830743,0.349,0.125,0.001233813845886722,9,SRP68
3.394077130458584e-8,0.858787497327747,0.325,0.115,0.0012418928220347958,9,ALDH16A1
3.417032612418325e-8,0.6617156406069578,0.771,0.366,0.001250292232883865,9,NR4A1
3.579976404211038e-8,0.6994601227709021,0.325,0.11,0.001309913366300819,9,MRPL19
3.5839383016877946e-8,0.5728602582067338,0.47,0.19,0.001311363024587564,9,ATAD2B
3.591179731365912e-8,0.7311402657049613,0.422,0.161,0.0013140126637067873,9,DIMT1
3.632039535794718e-8,0.7023222179154754,0.687,0.314,0.0013289632661472872,9,RAP1GDS1
3.650433866297931e-8,1.1180767539529612,0.301,0.103,0.0013356937516784129,9,USP5
3.6729591368356296e-8,0.5546449170157195,0.783,0.387,0.0013439357481681569,9,SMU1
3.6829777672053865e-8,0.715269664953198,0.578,0.257,0.001347601565020451,9,RRP7A
3.69619728157744e-8,0.7388037208908214,0.843,0.372,0.0013524385853291854,9,ATP5G3
3.777862445097924e-8,1.0108576664185864,0.265,0.084,0.0013823198686613303,9,MTMR1
3.832504558154426e-8,0.7463551816966124,0.361,0.131,0.0014023134178287044,9,SENP2
3.9390859907229014e-8,0.8417247251895115,0.398,0.148,0.0014413115640055096,9,HDAC3
4.0372570397906316e-8,0.7147329280853565,0.627,0.272,0.001477232350859392,9,CTD-2231E14.8
4.0409465107416054e-8,0.8344020791069258,0.506,0.205,0.0014785823282803534,9,SNHG15
4.269413711455172e-8,0.7422709026697881,0.627,0.283,0.0015621784770214475,9,HDLBP
4.2778174114133094e-8,0.7308451476706891,0.494,0.2,0.00156525339083613,9,CYB5B
4.323865909761082e-8,1.2225181424724527,0.253,0.079,0.00158210253638158,9,NUDT1
4.348960702671434e-8,0.8222111256613274,0.398,0.145,0.0015912847211074777,9,ALKBH7
4.478100934512952e-8,0.727250007712304,0.361,0.134,0.001638537131938289,9,CASP10
4.5161671957671956e-8,0.8075865217271367,0.422,0.162,0.0016524655769312169,9,SYS1
4.808460052352359e-8,0.7643429681037374,0.361,0.134,0.0017594155331557282,9,TUBGCP3
4.993461288904655e-8,0.497306189405999,0.422,0.159,0.0018271074856102132,9,NUP160
5.110907408401033e-8,0.8635899804543496,0.361,0.13,0.001870081020733938,9,DNAJC19
5.119290280575228e-8,1.0934718534927947,0.337,0.127,0.001873148313662476,9,FTSJ3
5.167773098335715e-8,0.744955124375831,0.627,0.278,0.0018908881766810381,9,ARF4
5.170898931261547e-8,0.7427914299450029,0.47,0.193,0.0018920319189486001,9,C18orf8
5.4400692617306845e-8,1.1724603998234135,0.277,0.092,0.0019905213428672575,9,CIAPIN1
5.5063590576054366e-8,1.113500088505293,0.325,0.119,0.0020147767791778293,9,TBC1D1
5.683889203744741e-8,0.701827369824811,0.976,0.522,0.0020797350596502007,9,HSP90B1
5.737584807263829e-8,0.9335595944030173,0.265,0.083,0.002099382280977835,9,KLHL6-AS1
5.81957582124204e-8,0.7417231380445298,0.542,0.237,0.0021293827929924625,9,AP3S1
5.9445151467940605e-8,0.742271473351956,0.554,0.236,0.0021750980922119467,9,RP11-78A19.3
6.00898431013519e-8,0.9824042354861208,0.289,0.096,0.002198687359078466,9,ZNF672
6.13505433122441e-8,0.8190126909071835,0.361,0.136,0.0022448163797950116,9,NOMO2
6.241173777787878e-8,1.0874728803164397,0.277,0.093,0.0022836454852925847,9,TTF1
6.30336174367585e-8,0.5816672565169548,0.723,0.315,0.0023064000620109937,9,USP11
6.494163717896129e-8,0.8007344481137504,0.349,0.125,0.0023762145043781935,9,TMEM138
6.622759318730687e-8,0.8169548104439619,0.422,0.172,0.0024232676347235582,9,TTC7A
6.723784795603649e-8,0.785175711762754,0.313,0.109,0.002460232856711375,9,CXorf56
6.87758794359894e-8,0.7943357466181117,0.337,0.12,0.002516509428562852,9,RIOK1
7.030475934755032e-8,0.7403151144706416,0.59,0.266,0.002572451144526866,9,LAMP2
7.042326677364485e-8,0.6397150017170723,0.88,0.47,0.0025767873312476652,9,TMED2
7.072954755216188e-8,0.7759194894356732,0.542,0.224,0.002587994144933603,9,TMEM179B
7.106051591598828e-8,0.9703844700279621,0.301,0.103,0.002600104277366011,9,USF1
7.32952496473871e-8,0.6362853161194972,0.675,0.297,0.002681873184597894,9,PFKL
7.370970456221926e-8,0.8350553102995074,0.301,0.102,0.0026970380899316027,9,CSNK1G2
7.375106081397576e-8,0.9566096449039944,0.373,0.147,0.002698551315183373,9,ZHX2
7.51396829201667e-8,0.6302820675225791,0.747,0.348,0.0027493609980488998,9,ZEB2
7.708051841248675e-8,0.6638761728235779,0.614,0.267,0.0028203761687128903,9,EMC4
7.777194643843188e-8,0.7667437000069928,0.53,0.234,0.0028456755201822226,9,CTNNBL1
7.847193272958464e-8,1.069120199607473,0.277,0.094,0.002871288018575502,9,SLC39A6
8.005248308684543e-8,1.0124340064679327,0.253,0.081,0.002929120356147674,9,ALG11
8.064107093197492e-8,1.0818570702873165,0.313,0.111,0.0029506567854009624,9,EIF1AY
8.145797125713727e-8,0.7129213166416295,0.602,0.271,0.002980547168298653,9,DDB1
8.371628323899927e-8,0.8593873476371159,0.434,0.173,0.003063178803714983,9,SLC35B1
8.461250211588833e-8,1.1661573697793066,0.253,0.082,0.003095971452420354,9,APPL1
8.492388947622942e-8,0.6552961143000171,0.47,0.186,0.0031073651159352345,9,AC090186.1
8.632680170705953e-8,0.8138505975270169,0.41,0.163,0.0031586976744613082,9,ECHDC1
8.665130257767828e-8,0.843658568679927,0.386,0.145,0.0031705711613172483,9,REXO2
8.831424391786413e-8,0.896654562219934,0.313,0.113,0.0032314181849546486,9,RPTOR
8.921896554880959e-8,0.9455991925159511,0.265,0.087,0.003264521949430943,9,PWWP2A
9.003362211323918e-8,0.9209035630702193,0.313,0.109,0.0032943302331234214,9,SIL1
9.259916078363517e-8,0.9789897157383811,0.386,0.152,0.003388203293073211,9,MPDU1
9.411735057973658e-8,0.6348064421005497,0.807,0.358,0.0034437538577125615,9,NUCB1
9.432405456699655e-8,0.9509448482182292,0.301,0.103,0.003451317156606404,9,COMMD9
9.660823652168915e-8,0.7056574703272185,0.53,0.222,0.003534895374328606,9,RP11-746M1.1
9.7475149507531e-8,0.8572931697356367,0.361,0.134,0.0035666157204805593,9,CHKB
1.0222487301092542e-7,0.8330379217573898,0.373,0.143,0.003740408103469761,9,NPLOC4
1.0250873461181698e-7,0.7376658545791883,0.361,0.136,0.003750794599446383,9,TMEM184C
1.033778285197684e-7,1.3167167982138055,0.253,0.084,0.0037825947455383258,9,PRKCA
1.037212944421384e-7,0.5960633524230042,0.59,0.265,0.003795162163637844,9,MAP3K8
1.044122159843397e-7,0.6717745654264639,0.434,0.177,0.0038204429828669895,9,TGFBR2
1.0488137958120092e-7,0.7009297153815945,0.614,0.267,0.0038376096788761416,9,C14orf2
1.0548657813913564e-7,1.1629592102869075,0.265,0.087,0.0038597538941109732,9,OXSM
1.0832755403811234e-7,0.7711871459715175,0.349,0.13,0.0039637052022545305,9,ZNF652
1.0968956587475986e-7,0.6965255971409081,0.53,0.219,0.0040135412153574634,9,PRMT1
1.1076224426531667e-7,1.076429610203278,0.253,0.082,0.004052790517667937,9,APAF1
1.1107135788890332e-7,0.6762099521910074,0.976,0.549,0.0040641009851549725,9,HLA-DRB5
1.1385405307429153e-7,0.7261551760831566,0.94,0.468,0.004165919801988327,9,SYNGR2
1.1636441432649747e-7,0.8306554833992486,0.313,0.111,0.004257773920206542,9,RHBDD1
1.1682914502486597e-7,0.7070356064172265,0.639,0.28,0.004274778416459846,9,COPZ1
1.1832235502495791e-7,1.0636156042724256,0.313,0.111,0.00432941497036321,9,DDRGK1
1.2348512856696914e-7,1.0468892586259342,0.265,0.087,0.004518320854265401,9,ZNF330
1.237258211439496e-7,0.7053104307491488,0.578,0.247,0.004527127795657115,9,TMEM219
1.2512081570825728e-7,0.9995249138202668,0.301,0.108,0.004578170646765134,9,MYO9A
1.2523241821327247e-7,0.6427434533618713,0.602,0.271,0.00458225418242364,9,TMEM30A
1.309971524587894e-7,0.5917717133375023,0.759,0.347,0.004793185808467104,9,ADPGK
1.332505814577445e-7,0.7125871490888255,0.518,0.226,0.004875638775538871,9,CREB3L2
1.443503971909621e-7,0.6467816386462384,0.651,0.284,0.005281781033217303,9,RTFDC1
1.443930248701264e-7,0.7237786790291783,0.434,0.176,0.005283340779997925,9,VPS36
1.4600062980818507e-7,0.9816166574481549,0.325,0.12,0.005342163044681492,9,TMEM248
1.5101495631775208e-7,0.6498258718555612,0.651,0.303,0.005525637251666549,9,CHMP1B
1.522308796797489e-7,1.0793269526523914,0.253,0.082,0.005570127887482013,9,DHDDS
1.550844432873788e-7,0.9143497521422297,0.337,0.124,0.00567453977988519,9,DCTN5
1.57046357696089e-7,0.5970952780707819,0.494,0.212,0.005746326228099896,9,RPL7L1
1.6139442671203597e-7,0.8664269720345619,0.301,0.107,0.005905422073393396,9,MLEC
1.6146532710870076e-7,0.664502724403659,0.831,0.396,0.005908016318907361,9,TMED10
1.6540036518186696e-7,0.9232677384991212,0.361,0.139,0.006051999362004512,9,XPNPEP1
1.67623062319322e-7,0.6234993499014841,0.723,0.319,0.006133327850263992,9,MLF2
1.692304656408794e-7,0.6503264669403964,0.699,0.312,0.006192142737799777,9,COX7A2L
1.7059300283506218e-7,0.8213120940259009,0.506,0.218,0.006241997973734925,9,UBE2F
1.7247862427183236e-7,0.5792691905070421,0.783,0.357,0.006310992862106346,9,ARL4C
1.7866903556651437e-7,0.877355149457367,0.349,0.131,0.006537500011378761,9,MRPL16
1.8318942274220262e-7,0.6755137827837792,0.494,0.21,0.006702900978137194,9,OIP5-AS1
1.8459616213384322e-7,0.8143333657835512,0.373,0.144,0.0067543735724773235,9,WDR70
1.8736153739595807e-7,0.6491070487093409,0.53,0.22,0.006855558653318106,9,MRPL20
1.8849291194555917e-7,1.0792293290317203,0.253,0.084,0.00689695564808801,9,CYHR1
1.89667411332195e-7,0.8255988966856276,0.494,0.216,0.006939930580645015,9,PPP1R10
1.9160144271168633e-7,0.9051231536507921,0.265,0.088,0.007010696788820603,9,DUS3L
1.9366093617634306e-7,0.9287036071815926,0.349,0.136,0.0070860536546923925,9,CRIM1
1.9764481096196107e-7,0.37738958511063636,0.434,0.173,0.007231823633098156,9,IRF2BPL
2.0015607171686156e-7,0.49059674860617075,0.458,0.186,0.0073237106641199645,9,SERTAD2
2.0107701081961693e-7,0.687933504627911,0.422,0.17,0.0073574078258897835,9,TPD52L2
2.039385669228011e-7,0.6631472161834202,0.47,0.196,0.007462112163705292,9,SEC23B
2.0547766554912528e-7,0.7134542927401593,0.602,0.284,0.007518427782442494,9,NMT1
2.0699256286782486e-7,0.8531294024695777,0.482,0.224,0.007573857875333712,9,BAZ2B
2.1057368315702263e-7,0.9701125868943292,0.277,0.095,0.007704891066715458,9,IRF5
2.400846568217929e-7,0.6557241406673008,0.651,0.314,0.008784697593109403,9,GANAB
2.408182639968004e-7,1.0326882101508685,0.337,0.13,0.008811540279642927,9,PHF5A
2.489544859152204e-7,0.8738684820244081,0.325,0.122,0.009109244639637915,9,GRINA
2.528634686083109e-7,0.2631160948535227,0.47,0.193,0.009252274316378095,9,SPDYE3
2.663488727350227e-7,0.7381299352044014,0.458,0.199,0.009745705253374481,9,SHOC2
2.663710358952187e-7,0.8403884679077085,0.349,0.136,0.009746516203406053,9,FBXO34
2.7272488600793565e-7,0.6025650803329429,0.373,0.145,0.0099790035790303655,9,SRSF9
2.765717712627236e-7,0.6985099737368737,0.277,0.095,0.010119761110503056,9,ZBED1
2.771391884870411e-7,0.7880892398139048,0.566,0.26,0.010140522906740834,9,PRDX3
2.777370218254305e-7,0.49857419640287903,0.59,0.272,0.010162397628592501,9,TULP4
2.794213405099555e-7,0.995552507758237,0.253,0.085,0.010224026849259271,9,ABCA1
2.814990616162305e-7,0.7594738288678412,0.434,0.174,0.010300050664537874,9,RPL22L1
2.8275626595686276e-7,0.5920175234217512,0.723,0.357,0.010346051771361608,9,GTPBP1
2.8493661319295427e-7,1.1674849837678232,0.265,0.092,0.010425830676730197,9,ARL5A
2.9848809202093207e-7,0.7846236255575296,0.458,0.197,0.010921679287045905,9,RAC1
2.9979423721293585e-7,1.1070172075342664,0.289,0.105,0.010969471139621323,9,ZMPSTE24
3.113012565503226e-7,0.9221242942504135,0.289,0.102,0.011390512977176304,9,VWA9
3.2427580776150933e-7,0.7872696915164439,0.446,0.183,0.011865251805993626,9,AKR1A1
3.3123640519328035e-7,0.9507268355431795,0.253,0.083,0.012119940066022128,9,ARMCX6
3.44049188027995e-7,0.7464799686338892,0.434,0.179,0.012588759789944337,9,TDG
3.46091093117451e-7,0.7174892146792832,0.386,0.156,0.012663473097167532,9,SKIV2L2
3.479817862750423e-7,0.7342697308655437,0.41,0.168,0.012732653559803797,9,ANGEL2
3.5522839092472225e-7,0.5047506312706854,0.59,0.26,0.012997806823935587,9,ATP2A3
3.590006039111415e-7,0.7420981126694993,0.482,0.205,0.013135832097108668,9,SRP19
3.602216105402789e-7,0.5609207205636006,0.735,0.352,0.013180508729668805,9,DNAJC3
3.7169509581325144e-7,0.846643110254371,0.337,0.128,0.01360032355580687,9,CEP170
3.728376760658847e-7,0.6176435657961059,0.723,0.316,0.013642130567250721,9,SPCS2P4
3.7577954503653643e-7,0.5775543752930732,0.506,0.214,0.013749773552886868,9,SNX20
3.7601485192162443e-7,0.573562874239046,0.578,0.25,0.013758383431812238,9,PRPF40B
3.797237200231507e-7,1.0490240927266563,0.289,0.105,0.013894090915647084,9,VAMP3
3.7985047440791675e-7,0.6827437956117929,0.458,0.201,0.013898728858585674,9,ZNF33A
4.055226952015545e-7,0.5863740976524585,0.614,0.27,0.014838075417424879,9,WBSCR22
4.105349751259979e-7,0.7205630639402067,0.47,0.194,0.015021474739860263,9,MPG
4.12284924422579e-7,0.6563704596741167,0.807,0.383,0.015085505384622167,9,ERP29
4.166081877254868e-7,0.7640521812458376,0.398,0.158,0.015243693588875562,9,THOC7
4.3163913021615485e-7,0.932871327206685,0.301,0.111,0.015793675774609106,9,MRPS10
4.3736511234904185e-7,0.9091241703818179,0.373,0.15,0.01600318946085144,9,FAM103A1
4.452760058448746e-7,0.7917366414551024,0.301,0.109,0.01629264905386396,9,DPP3
4.460426430430431e-7,0.5217934896327212,0.554,0.252,0.016320700308944946,9,ITPR1
4.5379974022985436e-7,0.7610597573356747,0.434,0.178,0.01660453249501037,9,NDUFB5
4.5485601973815903e-7,1.041354266426858,0.313,0.121,0.01664318176221924,9,ARL5B
4.731650411482491e-7,0.6542954197935361,0.711,0.332,0.017313108855614434,9,DNAJB11
5.181388957886668e-7,0.6275177046927805,0.578,0.258,0.018958702196907318,9,CAPN1
5.429813869639588e-7,0.6372592426267851,0.518,0.233,0.019867688949011253,9,IKBKB
5.759429471119404e-7,0.750766808093785,0.518,0.24,0.0210737524348259,9,GNA13
5.800228473074043e-7,0.5487291072640563,0.747,0.371,0.021223035982977922,9,ACTN4
5.977867929551905e-7,1.31984466629161,0.253,0.091,0.021873018754230422,9,GGCX
5.997743572905279e-7,0.68066628903976,0.675,0.323,0.021945743733260414,9,RP11-498C9.2
6.069807707564934e-7,0.8257666618539907,0.361,0.143,0.022209426401980092,9,BCKDHA
6.08488556652631e-7,0.9261895180326547,0.301,0.113,0.02226459628791977,9,TNS3
6.115500430503573e-7,0.9318441615371009,0.265,0.092,0.022376616075212574,9,UROD
6.195307482581569e-7,0.7132297488440451,0.446,0.198,0.02266863007876596,9,KLHDC4
6.307749240708205e-7,0.6706166176101456,0.59,0.271,0.02308005447175132,9,PSMD7
6.359286064405723e-7,0.6144169531383217,0.53,0.235,0.02326862770966054,9,RNF138
6.371324094978092e-7,0.8836420163886775,0.349,0.139,0.02331267486352484,9,PARL
6.501820011273196e-7,0.5888229792092022,0.566,0.247,0.023790159421248624,9,AP1M1
6.697366037311525e-7,0.8790961321809156,0.325,0.127,0.02450566233052287,9,RTN4
6.898499902430189e-7,0.7698696339392579,0.386,0.154,0.02524161114299206,9,SNHG9
7.131800168203029e-7,0.7736826132309856,0.41,0.174,0.02609525681545488,9,RFX5
7.150826255575282e-7,0.5572069192709236,0.386,0.155,0.026164873269149957,9,SLC25A44
7.247804214571829e-7,0.804765663123886,0.361,0.144,0.026519715621118323,9,CLPTM1
7.26351717217355e-7,0.6278641619353111,0.952,0.51,0.02657720933298302,9,HLA-DRB6
7.402701003300649e-7,0.6736938239567216,0.759,0.35,0.027086482971077075,9,NME1-NME2
7.435693736290716e-7,0.6114004341985007,0.627,0.305,0.02720720338108773,9,PRPF40A
7.463685387509855e-7,0.5329983972273287,0.699,0.319,0.02730962483289856,9,CORO7
7.61257945125493e-7,0.6043660995639096,0.675,0.289,0.02785442821214179,9,LIME1
7.668466992516443e-7,0.7390542779345436,0.373,0.151,0.028058920725617664,9,NCLN
7.713301701794961e-7,0.4501304201834917,0.289,0.104,0.028222970926867763,9,PHF14
7.995073960653798e-7,0.6201773305530556,0.458,0.2,0.029253975622032247,9,HIVEP3
8.07005037017916e-7,0.9574177887047002,0.301,0.111,0.029528314304485548,9,WDR46
8.084762841420456e-7,0.6893733843007452,0.482,0.213,0.02958214723675745,9,SMN2
8.358208052339222e-7,0.5693496926731443,0.542,0.248,0.030582683263509214,9,UBE2G2
8.371685820129926e-7,0.6259639096930913,0.867,0.446,0.0306319984158554,9,CANX
8.598294356509939e-7,0.7351581932465667,0.337,0.13,0.03146115905046987,9,AK3
8.602033649829366e-7,0.3782490954748668,0.41,0.169,0.03147484112472565,9,ELL
8.939564333232397e-7,0.6029187818457931,0.88,0.468,0.03270986589529734,9,CBX6
9.061826529155326e-7,0.6342339326715732,0.639,0.326,0.03315722327017934,9,NPC1
9.066745696451051e-7,0.5589899770611507,0.301,0.112,0.033175222503314394,9,RABGAP1
9.088643770915894e-7,0.6763558177362095,0.627,0.289,0.033255347557781256,9,DHRS7
9.258771018760825e-7,0.6413859723098267,0.578,0.271,0.03387784315764586,9,ATG12
9.342592153238627e-7,0.5690192505111344,0.578,0.267,0.034184544688700136,9,MAST3
9.355042884795495e-7,0.5793979158712359,0.855,0.428,0.034230101915466715,9,LPXN
9.480436078401766e-7,0.8070120582201913,0.265,0.093,0.03468891561087206,9,TFAM
9.498766646576229e-7,0.7349917360053861,0.301,0.113,0.03475598715982242,9,RNF123
9.540412688746613e-7,0.6305938202519872,0.627,0.278,0.03490837002812386,9,NDUFB2
1.0261509246767275e-6,0.5430130528321041,0.783,0.377,0.03754686233392146,9,CS
1.0327940542786962e-6,0.6364585177057402,0.855,0.409,0.037789934446057494,9,P4HB
1.0461196504607528e-6,0.7114907636567439,0.41,0.176,0.038277518010358946,9,NDRG1
1.0691589682476632e-6,0.8131423373474408,0.253,0.089,0.039120526648182,9,SLC25A13
1.0891106370092274e-6,0.9090655477128423,0.325,0.129,0.03985055820816763,9,STX12
1.1209548149704318e-6,0.7687847135149978,0.446,0.193,0.0410157366797681,9,NDUFA2
1.1558462584826401e-6,0.832793018617328,0.289,0.106,0.0422924145978798,9,PNO1
1.1633717469372584e-6,0.5917459391990246,0.651,0.295,0.042567772220434286,9,GABARAPL2
1.1769090608737542e-6,0.6461415033338456,0.663,0.306,0.04306310253737067,9,RBX1
1.1828011197145827e-6,0.48952416264863713,0.518,0.234,0.04327869297035658,9,RSRC1
1.249096053035359e-6,0.7059431651297883,0.325,0.129,0.045704424580563785,9,FGFR1OP
1.2757621785652873e-6,0.7122286283395739,0.422,0.185,0.04668013811370386,9,NRAS
1.319109046216127e-6,0.6396306686310361,0.398,0.17,0.04826620000104809,9,FAM157C
1.3506220657433232e-6,0.592494738297578,0.554,0.247,0.0494192613855482,9,CCT2
1.3613988272265232e-6,0.735154180377611,0.41,0.17,0.04981358308821848,9,OVCA2
1.3850546769500482e-6,0.8241281255231617,0.253,0.088,0.050679150629602265,9,ACYP2
1.4033169499771958e-6,0.7853110681322362,0.337,0.137,0.051347367199665594,9,AGO1
1.4254638596167268e-6,0.7690239246018961,0.386,0.167,0.052157722623376035,9,GRHPR
1.440551596454398e-6,0.9760980361394596,0.265,0.097,0.05270978291426642,9,BTN2A2
1.4457259780442655e-6,0.7234212007152666,0.47,0.214,0.052899113536639675,9,PIM3
1.4630652196423455e-6,1.0924117192207856,0.277,0.107,0.05353355638671342,9,TMEM159
1.4681651925307904e-6,0.5844893367895536,0.41,0.167,0.05372016439470162,9,TRADD
1.4707640414446388e-6,0.6174503422683039,0.482,0.218,0.05381525627645933,9,USO1
1.4754602655209226e-6,0.5161035243119148,0.735,0.333,0.05398709111541056,9,POLR2E
1.4824078693465026e-6,0.5676628401768035,0.482,0.213,0.05424130393938853,9,RANGAP1
1.503613629383338e-6,0.5931613648071781,0.855,0.438,0.05501722269913634,9,NAPA
1.5172976843835784e-6,0.6190322651495881,0.518,0.224,0.05551792227159513,9,FLOT1
1.559123612659974e-6,0.5789294144652831,0.458,0.201,0.057048332987228445,9,TTLL3
1.5602546210580215e-6,0.714489811260081,0.446,0.195,0.057089716584513006,9,NUDT5
1.6772182598323582e-6,0.6004780606039126,0.59,0.283,0.061369416127265985,9,STAG3L2
1.6829626630077144e-6,0.5123836450284782,0.711,0.352,0.06157960383945227,9,NOTCH2NL
1.6973515726270705e-6,0.6143076621443853,0.482,0.209,0.06210609404242451,9,SMIM7
1.7603631328189095e-6,0.29029233091617823,0.301,0.115,0.0644116870298439,9,TMEM86B
1.8128941727812986e-6,0.5975434889734361,0.386,0.155,0.06633379778206772,9,MRPL3
1.8250925077900604e-6,0.5095458037913239,0.361,0.146,0.06678013486003831,9,ZDHHC5
1.8292220897997424e-6,0.8858702726542862,0.398,0.179,0.06693123626577258,9,P4HA1
1.8317273298151804e-6,0.8209126267510611,0.325,0.131,0.06702290299793745,9,SDE2
1.8669691201900207e-6,0.9784218206923672,0.301,0.119,0.06831240010775286,9,NUPL2
1.9296526934109437e-6,0.7713000077729966,0.422,0.185,0.07060599205190643,9,SRPRB
2.0107469085317575e-6,0.7229239884145959,0.349,0.145,0.07357322938317701,9,ZFP91
2.0158403077896736e-6,0.8061130066252131,0.434,0.189,0.07375959686202416,9,TAGLN2P1
2.02776712554531e-6,0.8320212261392689,0.289,0.11,0.0741959991237029,9,LYRM2
2.0933428128699916e-6,0.46945182411648145,0.566,0.269,0.07659541352291299,9,ZMYM2
2.144142282167749e-6,0.42626778922341096,0.627,0.336,0.07845416610451794,9,ARID1B
2.1626229533833197e-6,0.856921481108105,0.325,0.13,0.07913037386429567,9,TIMM44
2.179037618121882e-6,0.5783969563737582,0.566,0.262,0.07973098644707965,9,AK2
2.2774804473435495e-6,0.7476465327574651,0.325,0.128,0.08333300956830048,9,TRAPPC12
2.317826786946142e-6,0.5574872676553337,0.518,0.226,0.08480928213435934,9,U2AF1L4
2.3345965094456744e-6,0.4093829580851293,0.663,0.332,0.08542288628061723,9,PUM1
2.3716662274075873e-6,0.6103755044568526,0.446,0.193,0.08677926726084362,9,KDELR1
2.4407078187405062e-6,0.5477842018785762,0.687,0.324,0.08930549908771512,9,UBE2L3
2.460803778081555e-6,0.6466002464420262,0.325,0.133,0.0900408102400041,9,ZNF252P
2.5135799328612762e-6,0.6923654598496357,0.518,0.282,0.0919718897433941,9,LINC00657
2.5444605673552445e-6,0.7748588374496126,0.361,0.151,0.0931018121595284,9,TMED7
2.5608219071937555e-6,0.6780040861045122,0.386,0.16,0.09370047358421951,9,ABHD16A
2.5718165599375453e-6,0.7338354185015287,0.41,0.178,0.09410276792811478,9,RNASEH2B
2.5794469062923042e-6,0.4689052524589432,0.627,0.295,0.09438196230123541,9,UBAC2
2.597463429232505e-6,0.5862832085568086,0.349,0.143,0.09504118687561736,9,CDC40
2.600913683759032e-6,0.33698715213133057,0.699,0.337,0.09516743168874298,9,PAG1
2.6746753090112207e-6,0.579504610717823,0.53,0.237,0.09786636955672057,9,SUMO3
2.7032129927828663e-6,0.6501358657581703,0.59,0.272,0.09891056340592508,9,TMEM258
2.7171803071990297e-6,0.49406758475605383,0.506,0.226,0.0994216274404125,9,MIA3
2.725531340841414e-6,1.0374491427652601,0.325,0.139,0.09972719176138733,9,C20orf194
2.73007515749768e-6,0.6289053676702611,0.349,0.145,0.09989345001284011,9,DTX2P1
2.7506582698233473e-6,0.6081748549850426,0.663,0.318,0.10064658609283628,9,ILF2
2.759623628501018e-6,0.6824148319881898,0.313,0.125,0.10097462856685224,9,PTPN18
2.8119702761841836e-6,0.5461142359017581,0.458,0.195,0.10288999240557928,9,NAA10
2.832222066873058e-6,0.701950148819561,0.277,0.102,0.10363100542688519,9,TBC1D14
2.8450417497438707e-6,0.7931113905251861,0.265,0.099,0.10410007762312823,9,HPS5
2.914171148171718e-6,0.5137620255527726,0.639,0.307,0.10662952231160316,9,SEC31A
2.9159959302749172e-6,0.669850772783328,0.349,0.145,0.10669629108875922,9,SAP130
2.9165553714349812e-6,0.5133265832384238,0.494,0.223,0.10671676104080596,9,AC009950.2
2.919485657004728e-6,0.783396711881327,0.386,0.166,0.10682398018980299,9,SUPT4H1
2.953605718447605e-6,0.9595743266423895,0.253,0.091,0.10807243323799787,9,MRPS33
3.0081762565359327e-6,0.5938490665313221,0.458,0.207,0.11006916922664978,9,COPB2
3.055370457083484e-6,0.7559965963151446,0.253,0.092,0.11179600502468467,9,SNN
3.0709503595627297e-6,0.9928974599935882,0.337,0.142,0.11236607365640028,9,SETD5-AS1
3.071856957248542e-6,0.7252157443477785,0.386,0.165,0.11239924606572416,9,SCYL1
3.0919906444104583e-6,0.5184784554662843,0.602,0.284,0.11313593767897867,9,CCAR1
3.11800472707624e-6,0.310242586653545,0.542,0.25,0.11408779296371963,9,TP53
3.1300435239245417e-6,0.49311048712235706,0.554,0.274,0.11452829254039898,9,DCUN1D1
3.2141545400765636e-6,0.5355456710542678,0.434,0.19,0.11760591462140146,9,TMEM63A
3.3317840000268717e-6,0.5342477473900746,0.88,0.448,0.12190997656098324,9,CYFIP2
3.3751726253861136e-6,0.8388278058915687,0.349,0.152,0.1234975663628779,9,YWHAG
3.394347329876979e-6,0.7214054103314437,0.325,0.13,0.12419916880019866,9,MRPS18B
3.5481893991828883e-6,0.6715613896080326,0.41,0.18,0.12982825011610188,9,CCNC
3.598349450184557e-6,0.8858508524272571,0.337,0.144,0.13166360638225294,9,BCL3
3.636650850680212e-6,0.7316208435382134,0.434,0.199,0.13306505462638896,9,TIMM23
3.7083552202332726e-6,0.5879904741747322,0.566,0.27,0.13568871750833544,9,SMARCE1
3.717530447255868e-6,0.5240116166169593,0.578,0.275,0.1360244390650922,9,ARCN1
3.7372434298355017e-6,0.6259823941060776,0.53,0.249,0.136745737097681,9,UBE2A
3.772413122771212e-6,0.5777770756333995,0.783,0.369,0.13803259616219865,9,BCAP31
3.807120750209947e-6,0.7963080646723819,0.349,0.145,0.13930254825018196,9,YIF1B
3.8359880947247404e-6,0.5720113374632272,0.47,0.21,0.14035880438597825,9,GTF2F1
3.858870740502951e-6,1.0727920382626983,0.289,0.115,0.14119608039500298,9,SCO2
3.864557389432477e-6,1.0011813095020954,0.265,0.102,0.14140415487933433,9,SLC33A1
3.896098456079855e-6,0.6401366149005584,0.458,0.205,0.1425582425079619,9,RBM42
3.908828253074148e-6,0.7361521631053896,0.361,0.154,0.14302402577998308,9,LRRC41
4.001510093498695e-6,0.7039952957305069,0.313,0.126,0.14641525432111724,9,ZSWIM8
4.002436326366876e-6,0.544945774213378,0.506,0.229,0.146449145181764,9,PCNXL4
4.029042707243136e-6,0.5143084079587765,0.578,0.278,0.14742267265802633,9,YTHDF3
4.049392932747864e-6,0.6679234896254624,0.422,0.185,0.14816728740924434,9,ELOF1
4.059872115158569e-6,0.6255173273515979,0.434,0.195,0.14855072069365205,9,MLX
4.158459808056847e-6,0.5143206990999922,0.723,0.35,0.15215804437680003,9,SLC44A2
4.168052736730488e-6,0.6429006567963925,0.349,0.145,0.15250904963696854,9,GBAS
4.2439252643244885e-6,0.365433083649486,0.542,0.247,0.15528522542163303,9,MGAT4A
4.2457488758085304e-6,0.543472672847104,0.518,0.245,0.15535195136583413,9,NUB1
4.290842416931895e-6,0.519025313889084,0.675,0.316,0.15700192403553803,9,ATP6AP2
4.32374187320228e-6,0.5569288791988349,0.602,0.285,0.15820571514047144,9,AC120194.1
4.526801264059799e-6,0.5765697576149529,0.373,0.157,0.16563565825194804,9,STAG3L5P
4.534962153357469e-6,0.9718189238110142,0.253,0.094,0.1659342651913498,9,VRK1
4.5404514559255205e-6,0.7944842351496297,0.277,0.104,0.1661351187723148,9,MRPS11
4.786757782593298e-6,0.6552104794583167,0.482,0.219,0.17514746726508879,9,CYC1
4.798388807847331e-6,0.5105892885673322,0.422,0.187,0.17557304647913385,9,NOMO3
4.805360695581129e-6,0.705496180161275,0.313,0.128,0.1758281478513135,9,LIN7C
4.8382931880919244e-6,0.5513330044831588,0.614,0.285,0.17703314775228352,9,TWF2
4.952179545769653e-6,0.4769771901344766,0.651,0.328,0.1812002495797116,9,SYAP1
4.965371234177951e-6,0.6813922283876046,0.386,0.16,0.18168293345857123,9,MRPL34
5.004279882703244e-6,0.8135566115893786,0.265,0.098,0.1831066009081117,9,RNU1-27P
5.004279882703244e-6,0.8135566115893786,0.265,0.098,0.1831066009081117,9,RNU1-2
5.004279882703244e-6,0.8135566115893786,0.265,0.098,0.1831066009081117,9,RNU1-4
5.016363564536164e-6,0.4681320303260106,0.265,0.101,0.18354874282637823,9,ERVK13-1
5.101113456529305e-6,0.6466660414418672,0.446,0.205,0.18664974137440726,9,CARHSP1
5.182814228676946e-6,0.5566095425040342,0.651,0.328,0.18963917262728947,9,SRGAP2
5.275918256497647e-6,0.5394103654378608,0.53,0.239,0.1930458490052489,9,RWDD1
5.285979375990735e-6,0.8433082666774243,0.325,0.133,0.19341398536750098,9,JKAMP
5.300824713172503e-6,0.479664241974609,0.482,0.22,0.19395717625498188,9,ANKRD40
5.403500140221951e-6,0.6523216933962037,0.361,0.153,0.19771407013072118,9,ABCE1
5.4422456885472315e-6,0.5722120682776052,0.59,0.272,0.1991317697439432,9,NDUFB4
5.479093526661316e-6,0.6292557514096293,0.325,0.131,0.20048003214053756,9,RPF1
5.487742877674506e-6,0.5018325763105433,0.494,0.228,0.20079651189411019,9,LARS
5.4934884785584615e-6,0.48811201607921983,0.687,0.333,0.2010067434304541,9,SRPR
5.501003795149728e-6,0.5222526222558064,0.53,0.265,0.20128172886452855,9,ARL17A
5.67434935638822e-6,0.6969373122480734,0.337,0.135,0.20762444295024496,9,MRPL53
5.736109303544623e-6,0.8098519890005926,0.253,0.094,0.20988423941669776,9,GANC
5.778230367292636e-6,0.9601065908192542,0.253,0.095,0.21142544913923755,9,EIF4EBP1
5.805898301236567e-6,0.5864909764607867,0.542,0.25,0.212437818842246,9,SEC11C
5.884877016137935e-6,0.5173619362646587,0.651,0.326,0.21532765002048704,9,MAPRE1
6.011510879533333e-6,0.9537487153157449,0.446,0.217,0.21996118308212464,9,RPL5P23
6.261040662369766e-6,0.6920145309530614,0.289,0.115,0.22909147783610972,9,LRRC40
6.279348455207057e-6,0.747051508964116,0.301,0.124,0.2297613599760262,9,BRF1
6.362415366334417e-6,0.8149322291916351,0.325,0.136,0.23280077825417633,9,NAPG
6.365635180971552e-6,0.541761701525208,0.518,0.244,0.23291859127174908,9,ERH
6.537241429516172e-6,0.3858201510458005,0.542,0.246,0.23919766390599673,9,SLC25A45
6.5744343904494684e-6,0.6069509655992595,0.422,0.191,0.24055855434654605,9,PGGT1B
6.636104499690987e-6,0.44736522817044133,0.41,0.179,0.2428150636436932,9,PCGF3
6.687005143835023e-6,0.8014400181442831,0.265,0.099,0.2446775182129235,9,RNU1-28P
6.687005143835023e-6,0.8014400181442831,0.265,0.099,0.2446775182129235,9,RNU1-1
6.687005143835023e-6,0.8014400181442831,0.265,0.099,0.2446775182129235,9,RNVU1-18
6.687005143835023e-6,0.8014400181442831,0.265,0.099,0.2446775182129235,9,RNU1-3
6.849300527855817e-6,0.6176696512004552,0.422,0.185,0.25061590631424435,9,RP11-667K14.4
6.873052654121636e-6,0.640444205417367,0.434,0.196,0.2514849966143107,9,TFG
6.895460560985001e-6,0.8311804330554048,0.301,0.125,0.25230490192644117,9,ANKIB1
7.049663917957361e-6,0.8699582311012843,0.265,0.102,0.2579472027580598,9,AAAS
7.150780483966557e-6,0.7340660135771617,0.325,0.139,0.2616470579083363,9,RCC2
7.246174679842454e-6,0.5587121261396549,0.675,0.335,0.2651375315354354,9,NRD1
7.252241199795506e-6,0.46382495761038683,0.663,0.342,0.26535950550051757,9,EIF2S2
7.2543409050940255e-6,0.6022541624391887,0.518,0.242,0.2654363337173904,9,MMADHC
7.295375214599886e-6,0.5145752572384057,0.795,0.389,0.26693777910220984,9,M6PR
7.349051803329232e-6,0.4859965953485795,0.482,0.232,0.2689018054838166,9,SUPT6H
7.411246603528099e-6,0.5019359054806136,0.446,0.198,0.27117751322309314,9,C9orf72
7.490118029584991e-6,0.34881411128940143,0.434,0.197,0.2740634187025148,9,SPTY2D1
7.585947644050961e-6,0.394713211060121,0.627,0.315,0.27756982429582466,9,AFF1
7.586423388161734e-6,0.6514857066000896,0.361,0.16,0.27758723177283784,9,SVIP
7.618783734786305e-6,0.6670850936176709,0.325,0.134,0.2787712968558309,9,TOPORS
7.647044636849287e-6,0.5195359228826855,0.614,0.293,0.2798053632623154,9,DNAJC7
7.821644805616756e-6,0.7222568714358183,0.361,0.165,0.2861939834375171,9,RNF2
8.115543052245044e-6,0.44184015892420103,0.458,0.205,0.2969477202816462,9,CIR1
8.159553662512309e-6,0.4811984966574582,0.506,0.23,0.2985580685113254,9,NADSYN1
8.258447314224426e-6,0.5966790560952232,0.651,0.316,0.30217658722747176,9,ATP5F1
8.30236302618026e-6,0.6249163818756953,0.59,0.297,0.3037834631279357,9,MAP2K3
8.516228803268078e-6,0.4892140143590906,0.41,0.177,0.31160881191157896,9,STAMBPL1
8.605198144717718e-6,0.753242865633533,0.337,0.146,0.3148642001152213,9,IFNAR1
8.672779092444571e-6,1.1549858434193392,0.277,0.116,0.31733698699254687,9,GOLGA2
8.769779619832718e-6,0.5926160265068365,0.494,0.227,0.32088623628967916,9,VDAC3
8.962886594243713e-6,0.7592142526673512,0.554,0.317,0.32795202048337746,9,TNIP1
8.973436600001605e-6,0.4354172142703634,0.494,0.221,0.32833804519405874,9,RPA2
9.042856113028463e-6,0.6631368546738732,0.253,0.094,0.3308781051757115,9,RP11-166O4.1
9.267409030178086e-6,0.5598799409531521,0.747,0.36,0.3390944964142162,9,SPCS2
9.404910298327351e-6,0.5513808672970195,0.446,0.197,0.3441256678157978,9,NDUFS6
9.496652290774676e-6,0.7114201063922119,0.277,0.11,0.3474825073194454,9,SPG21
9.513814513306684e-6,0.4679908706439261,0.542,0.265,0.3481104730418916,9,ARHGEF7
9.565440333814124e-6,0.5256019550103865,0.434,0.193,0.3499994618142588,9,TXNDC12
9.724027884017161e-6,0.7840487342971787,0.277,0.109,0.35580218027618793,9,DHRS4L2
9.755022207125208e-6,0.5948322708144319,0.41,0.176,0.35693626255871136,9,C8orf59
9.85801375774642e-6,0.6232286943032092,0.446,0.205,0.3607047233959415,9,FAM118A
9.943990510352663e-6,0.46674716537126926,0.566,0.255,0.3638506127738039,9,SNHG6
9.961093206944938e-6,0.6509998811900009,0.386,0.167,0.36447640044211527,9,DDT
1.0011621354832911e-5,0.7550710452577918,0.301,0.121,0.3663252253733362,9,ZNF259
1.0050948679563021e-5,0.8517166044751983,0.265,0.104,0.36776421218521094,9,RRP12
1.030738787277663e-5,0.6519661272310601,0.301,0.121,0.3771473222648969,9,ARMCX3
1.0369666097354013e-5,0.6973415898142609,0.373,0.166,0.37942608250218335,9,GNS
1.06143495224309e-5,0.44634096369102283,0.735,0.378,0.3883790490257466,9,KIF5B
1.0802977945978398e-5,0.6472699244630156,0.482,0.23,0.3952809630433496,9,PSMC3
1.089329236880765e-5,0.6620986219494278,0.313,0.131,0.3985855677746719,9,NSUN4
1.0953374992128673e-5,0.5799433917359027,0.783,0.372,0.40078399096198813,9,PSMA6
1.10091892076003e-5,0.4237994231172185,0.566,0.275,0.402826233106095,9,GNB1
1.1054751225980652e-5,0.717148861013433,0.349,0.154,0.40449334735863207,9,MANBA
1.1095311372111283e-5,0.5146480248091088,0.53,0.247,0.40597744310555184,9,KARS
1.1123601741269695e-5,0.5672067319213037,0.675,0.328,0.40701258771305815,9,NEDD8
1.115506111570852e-5,0.446656320647517,0.675,0.348,0.40816368622377475,9,ERP44
1.1476397644871739e-5,0.7415874571184158,0.313,0.131,0.4199213898258569,9,SART3
1.1483429009473411e-5,0.63307928222773,0.373,0.161,0.4201786674566321,9,ARSA
1.1674015124585324e-5,0.5441918206935492,0.41,0.179,0.427152213408577,9,MRPS7
1.1731594044439575e-5,0.5970862464985656,0.53,0.248,0.42925902608604405,9,CLTA
1.1732174052037081e-5,0.5663627259757279,0.349,0.147,0.4292802485640368,9,PIGS
1.1811691957408499e-5,0.8331021376092209,0.301,0.126,0.432189808721577,9,LSG1
1.2511145437432702e-5,0.6433315723470242,0.386,0.171,0.4577828115556626,9,C14orf119
1.2529813920414412e-5,0.6926009724114907,0.337,0.145,0.45846589134796334,9,COMMD10
1.2594756970019105e-5,0.7974049860006442,0.301,0.126,0.46084215753299906,9,PLIN3
1.2739562842201124e-5,0.717828292305076,0.349,0.15,0.46614060439613914,9,NCF4
1.281558994836729e-5,0.7542840207757654,0.301,0.123,0.46892243621075913,9,AKR7A2
1.3024343922474202e-5,0.3800913931918348,0.337,0.141,0.47656074412333105,9,BOLA2
1.3119473140532634e-5,0.6396961275990335,0.458,0.213,0.48004152221208907,9,SF3B14
1.3742907688074624e-5,0.7035634455408761,0.349,0.152,0.5028529923066505,9,SLC39A11
1.3776938610821077e-5,0.6417398730856294,0.349,0.15,0.5040981837699432,9,ALG5
1.3794191436655723e-5,0.5251530731640801,0.53,0.267,0.5047294646672329,9,NCKAP1L
1.4065748688230073e-5,0.8128075621144624,0.253,0.098,0.5146657445023384,9,CHCHD3P3
1.415963202555659e-5,0.5732476991958322,0.325,0.138,0.5181009358151156,9,COG3
1.4204035738041298e-5,0.5093019836984783,0.747,0.43,0.5197256676549311,9,REL
1.4751501940857281e-5,0.48138045158531295,0.663,0.341,0.5397574560159679,9,GAK
1.5077066115809501e-5,0.6662035224712748,0.325,0.142,0.5516698491774696,9,WDR48
1.5185522776128835e-5,0.47399540378884664,0.47,0.217,0.5556382783785541,9,GORASP2
1.5295323686936868e-5,0.37502718032230875,0.458,0.211,0.55965589370502,9,SF3A3
1.5560924908397666e-5,0.6561076728387779,0.446,0.209,0.5693742423982706,9,ENY2
1.6028597811246215e-5,0.5711218808230308,0.687,0.345,0.586486393913499,9,PRDX6
1.6112329893624988e-5,0.4947019049760575,0.855,0.552,0.5895501508077383,9,RANBP2
1.6191155794542667e-5,0.5750105471574974,0.398,0.175,0.5924343905223162,9,IFI44
1.6193410500076055e-5,0.4456179494272353,0.542,0.272,0.5925168901977829,9,PLEKHM1P
1.6263923917181344e-5,0.5325656468739495,0.699,0.354,0.5950969761296654,9,TOMM20
1.6338076723076966e-5,0.6535721660542907,0.325,0.14,0.5978102272973862,9,SLC25A46
1.6653161790669557e-5,0.39021031679740525,0.651,0.32,0.6093391899205991,9,TOX4
1.6809396203409932e-5,0.5306015136655606,0.494,0.236,0.6150558070827694,9,SRP54
1.690122575048747e-5,0.8062616556023978,0.301,0.125,0.6184158502103365,9,HIST1H1C
1.702458810015628e-5,0.6062630073714659,0.482,0.235,0.6229296785847183,9,PPCS
1.7261393746137443e-5,0.6570070735720643,0.277,0.11,0.631594397171169,9,FOPNL
1.7518266681060268e-5,0.4627376581198205,0.373,0.17,0.6409933778599952,9,ZKSCAN1
1.759914869703394e-5,0.3450108195395404,0.494,0.235,0.6439528508244718,9,TOB2
1.792219817331464e-5,0.4768196379878138,0.699,0.363,0.6557732311615827,9,DDX18
1.803464642380348e-5,0.663137145599076,0.446,0.214,0.6598877126469693,9,CHMP1A
1.8187506042322e-5,0.8129074311281251,0.386,0.183,0.665480846088562,9,PCBP1-AS1
1.82076017793964e-5,0.5098067185142168,0.482,0.226,0.6662161491081142,9,DCTN1
1.853246445859824e-5,0.5253373797383843,0.386,0.176,0.6781028745401096,9,PHF20L1
1.865897212494083e-5,0.8352042544678304,0.325,0.145,0.682731790051585,9,TRAPPC9
1.8865834064962783e-5,0.6462285669398597,0.361,0.158,0.6903008684369882,9,FARSA
1.901653860869601e-5,0.33220367348711555,0.53,0.259,0.695815147692187,9,IFNGR1
1.9030601261293967e-5,0.6128527418152516,0.458,0.212,0.6963297001507462,9,RGS19
1.907793405520053e-5,0.6348905139556842,0.277,0.111,0.6980616070797874,9,EIF2D
1.9570033615634586e-5,0.6528824413007955,0.47,0.239,0.7160675299960695,9,NFKB1
1.994246844172487e-5,0.4597772556809767,0.602,0.299,0.729694920282713,9,PIK3R5
2.120374928504809e-5,0.7917300986945848,0.313,0.138,0.7758451863399096,9,ARHGAP18
2.1326995385040348e-5,0.3955383136205806,0.422,0.19,0.7803547611386263,9,PWP1
2.1356321847854076e-5,0.47057558551760514,0.554,0.264,0.7814278164129806,9,POLR1D
2.141633265639875e-5,0.5244335731690698,0.289,0.119,0.7836236118976303,9,RP11-283I3.6
2.1427926007788756e-5,0.6743151268340067,0.373,0.17,0.7840478126249906,9,NUDCD2
2.148978407467972e-5,0.5655318955926079,0.41,0.183,0.7863111992925309,9,COX17
2.191493340886197e-5,0.49607153654893194,0.434,0.199,0.8018674134302595,9,DIABLO
2.2711862841751085e-5,0.7950804012763267,0.301,0.13,0.8310270613796722,9,INPP5F
2.299091372814921e-5,0.5967966815248262,0.41,0.191,0.8412375333129796,9,LMAN1
2.306163582055376e-5,0.6472509600030198,0.446,0.214,0.8438252546740621,9,NDUFB10
2.3349877646294814e-5,0.43653906103216294,0.59,0.293,0.8543720230779273,9,ARHGAP1
2.3912143254367635e-5,0.6653998410758025,0.277,0.113,0.8749453216773118,9,PMS2P5
2.40416386334541e-5,0.694865935731058,0.373,0.171,0.8796835575980855,9,RAB5A
2.439602837833732e-5,0.6315432946158591,0.337,0.143,0.8926506783633625,9,LINC00493
2.4492434986589373e-5,0.6583605347731857,0.434,0.212,0.8961781961593052,9,EMC3
2.4532867969773164e-5,0.49441055665802425,0.434,0.198,0.8976576390140001,9,UBE2V2
2.4634364998776803e-5,0.49207260807773073,0.578,0.289,0.9013714153052432,9,C21orf33
2.484144884884465e-5,0.5507524885851232,0.386,0.171,0.9089486133792257,9,DUT
2.5126058070812363e-5,0.4563193536272474,0.289,0.121,0.9193624648110243,9,NFYA
2.5393019755126645e-5,0.6396149270229758,0.337,0.154,0.9291305928400839,9,IPO7
2.5751567618303994e-5,0.5539854194012034,0.361,0.16,0.9422498591537432,9,RP11-773D16.1
2.6627476483076506e-5,0.6826998624072662,0.301,0.13,0.9742993645157694,9,MTMR6
2.6889092803017434e-5,0.395502071913588,0.265,0.107,0.9838719056624079,9,AC020663.1
2.7159184585956453e-5,0.3962971967232926,0.53,0.248,0.9937545640001466,9,MRPS21
2.7763787414647467e-5,0.4108100383259915,0.831,0.446,1,9,POMP
2.802062057360999e-5,0.7683573756258172,0.337,0.15,1,9,MTCH2
2.8100568348676802e-5,0.5433522914830956,0.337,0.146,1,9,COQ4
2.8518342599426205e-5,0.5489730589007904,0.277,0.113,1,9,HPS4
2.8733216112852844e-5,0.8857464992392556,0.253,0.103,1,9,NKIRAS2
2.878350985802136e-5,0.7960282994138138,0.277,0.114,1,9,VPS25
2.916545690068162e-5,0.8270030982958381,0.265,0.109,1,9,TIMM8B
2.9452893125947455e-5,0.5532802384703196,0.663,0.342,1,9,STRAP
3.0103565795691622e-5,0.8327910205985414,0.289,0.123,1,9,TUSC2
3.021850557316519e-5,0.4373963751300204,0.398,0.184,1,9,NCOA7
3.2191032615758175e-5,0.7613499130881146,0.313,0.14,1,9,CXorf40A
3.260742325705834e-5,0.6654280267879776,0.265,0.105,1,9,CD320
3.279068486805592e-5,0.4651647039953242,0.349,0.155,1,9,PPID
3.285785567297417e-5,0.48149873191354264,0.41,0.189,1,9,RBBP4P1
3.388768846290802e-5,0.4311629245974442,0.602,0.298,1,9,GGNBP2
3.4372242380342755e-5,0.4800362529816147,0.819,0.418,1,9,TRAM1
3.4438431882222176e-5,0.9160553959377402,0.325,0.153,1,9,RP11-192H23.4
3.452317593444221e-5,0.2514389789917937,0.53,0.269,1,9,MTR
3.474387965107795e-5,0.5717161064267501,0.361,0.165,1,9,MEF2A
3.525039761531623e-5,0.5287695506647713,0.494,0.231,1,9,USMG5
3.566075990213413e-5,0.5344575591240236,0.614,0.335,1,9,RAP2B
3.6128499757648314e-5,0.4618205145767751,0.759,0.429,1,9,SPCS3
3.642088398336796e-5,0.6776025197314411,0.349,0.158,1,9,BAP1
3.767640794394289e-5,0.49373060335461993,0.398,0.181,1,9,BOLA2B
3.794044489913162e-5,0.6101763261437305,0.289,0.123,1,9,C10orf76
3.817943442907534e-5,0.5355695916606171,0.458,0.212,1,9,C18orf32
3.881382571790937e-5,0.7260576884274924,0.277,0.116,1,9,AC099522.2
3.9347433107073115e-5,0.5278959045290269,0.41,0.188,1,9,RP11-294J22.6
3.9376785945233195e-5,0.48699050775586583,0.807,0.437,1,9,GDI2
4.0267593393483736e-5,0.7931732928717984,0.349,0.162,1,9,RNF13
4.0272693578202734e-5,0.41798680091121126,0.711,0.419,1,9,CHCHD3
4.1142448174769086e-5,0.7357510815411281,0.301,0.128,1,9,HAGH
4.1437565570845436e-5,0.7508218815315855,0.265,0.109,1,9,VCPKMT
4.146889460932002e-5,0.47377407685821604,0.602,0.291,1,9,TMEM230
4.166501411728696e-5,0.8532942916060681,0.265,0.112,1,9,RBBP8
4.1846077633689305e-5,0.49636792086013787,0.253,0.1,1,9,ZFAND1
4.205599627993273e-5,0.3142453938647499,0.41,0.193,1,9,ESYT2
4.275171741530137e-5,0.44580178862241393,0.542,0.27,1,9,NEMF
4.302420989099609e-5,0.6843980566247951,0.265,0.109,1,9,FBXL12
4.419590082038738e-5,0.45984433813360526,0.458,0.216,1,9,JTB
4.442179914909694e-5,0.6282684636159388,0.988,0.543,1,9,PSAP
4.4626482113896415e-5,0.3629957677763428,0.855,0.482,1,9,SUMF2
4.4722933107088636e-5,0.6056278157702017,0.349,0.158,1,9,EIF2B1
4.515261426440986e-5,0.8472472239814726,0.349,0.177,1,9,PIPSL
4.6165995671643145e-5,0.5247302406404568,0.337,0.153,1,9,DNAJB12
4.622629514150489e-5,0.5742474539838102,0.386,0.181,1,9,MAEA
4.7141169086328816e-5,0.2903226861611121,0.639,0.334,1,9,ARID2
4.7645949401209364e-5,0.7051995638508621,0.253,0.101,1,9,ISCA2
4.776452527299746e-5,0.3924360563071715,0.265,0.107,1,9,ATE1
4.8425676059116185e-5,0.4559070289055703,0.47,0.231,1,9,RP11-33B1.1
4.88753435219369e-5,0.5390668835888,0.554,0.286,1,9,SDHD
4.94226794871544e-5,0.4585410995516491,0.566,0.265,1,9,RP4-583P15.14
4.961077258580637e-5,0.7928629951667397,0.253,0.103,1,9,EBNA1BP2
5.025728910745819e-5,0.5090109862851678,0.458,0.228,1,9,PLEKHG2
5.111299427529303e-5,0.3542757497022093,0.566,0.319,1,9,BEST1
5.158193686893853e-5,0.4427388990360574,0.458,0.225,1,9,KLC1
5.289031414412726e-5,0.48022688917479395,0.349,0.159,1,9,SLC30A9
5.3339955558229235e-5,0.6145245515917349,0.253,0.104,1,9,UBN1
5.4729930332397814e-5,0.5512180802603925,0.265,0.108,1,9,FBXL15
5.475927036502348e-5,0.48107513815413383,0.337,0.145,1,9,TRPT1
5.5597446124933114e-5,0.42772078643369327,0.325,0.146,1,9,SFMBT2
5.5823095046481086e-5,0.7543511200174295,0.253,0.103,1,9,NKAP
5.623161935486287e-5,0.5428779049653996,0.301,0.135,1,9,NFATC2IP
5.7334699541389256e-5,0.5095595428013062,0.386,0.184,1,9,SMG7
5.7379467419682584e-5,0.9052073649100448,0.289,0.132,1,9,SIDT2
5.761628688905063e-5,0.510257134452749,0.542,0.279,1,9,MARS
5.7663959539988596e-5,0.6116528788916697,0.265,0.112,1,9,PANK3
5.8260607182614166e-5,0.5924839803896051,0.277,0.119,1,9,NOMO1
5.947645290071968e-5,0.32988809941286207,0.325,0.143,1,9,SLMAP
6.0028390862720826e-5,0.47976710536652595,0.361,0.165,1,9,SLC35A4
6.0740286301763646e-5,0.5322582099500176,0.53,0.287,1,9,CLTC
6.08510341890689e-5,0.47201861999781647,0.614,0.305,1,9,SNX17
6.112414625381035e-5,0.4033430924634369,0.554,0.269,1,9,FDFT1
6.151136115573053e-5,0.6094196824747592,0.337,0.156,1,9,TM9SF4
6.269031985950413e-5,0.5355077101533008,0.506,0.248,1,9,TOMM6
6.426122194813644e-5,0.5860089648226856,0.265,0.112,1,9,ZNF770
6.47707093841543e-5,0.4136505211431508,0.735,0.407,1,9,MORF4L2
6.531247889163261e-5,0.6246200926994501,0.313,0.138,1,9,ADH5
6.597098210914254e-5,0.5436564852313815,0.41,0.194,1,9,NDUFS2
6.726596452955036e-5,0.425797624067074,0.47,0.241,1,9,BAG6
6.758758373037743e-5,0.46088493730829394,0.482,0.23,1,9,PYURF
6.761541667055226e-5,0.5574573146364991,0.313,0.137,1,9,RP11-365D23.4
6.7975694624689e-5,0.537225310773304,0.506,0.25,1,9,ZNHIT1
6.830711873462292e-5,0.4890418830506551,0.723,0.371,1,9,AC040977.1
6.863927303335515e-5,0.4989336563888399,0.41,0.198,1,9,TMEM175
6.898453555281847e-5,0.5263148413284315,0.506,0.258,1,9,PFKP
7.15183272688158e-5,0.5530673987544288,0.289,0.121,1,9,NBPF2P
7.173263602755497e-5,0.27177925613097204,0.458,0.234,1,9,UGGT1
7.19681676961681e-5,0.45570181534019183,0.265,0.111,1,9,TUG1
7.200598937351366e-5,0.2548669792021621,0.482,0.248,1,9,UBE3A
7.211264934592343e-5,0.3635872948001321,0.663,0.359,1,9,LARP4B
7.438799887848901e-5,0.6602625160436099,0.349,0.172,1,9,MFN1
7.473585553219309e-5,0.7059186349729236,0.301,0.133,1,9,TMUB2
7.489268783600345e-5,0.6242531601378163,0.253,0.102,1,9,RPL5P8
7.508367007558192e-5,0.7837077757581424,0.265,0.114,1,9,PMM2
7.680431421586142e-5,0.4691842360340426,0.627,0.354,1,9,TTC3
7.731416157308324e-5,0.49314071244674074,0.458,0.22,1,9,PSMG2
7.79832509225642e-5,0.5640407289803948,0.325,0.146,1,9,NACAP1
7.827931695825185e-5,0.42623213834570095,0.687,0.336,1,9,CCT7
7.862354914700553e-5,0.585185449144359,0.325,0.147,1,9,IKBKG
7.912216176886311e-5,0.5210676602853099,0.41,0.196,1,9,FPGS
7.950284097368865e-5,0.5077723474782977,0.398,0.201,1,9,MGA
7.999902780375656e-5,0.4381910022958112,0.373,0.171,1,9,CHTF8
8.107050180328201e-5,0.43989356129255464,0.614,0.331,1,9,PRKCSH
8.203633874459548e-5,0.4573875588944826,0.542,0.266,1,9,PHB2
8.243950088848706e-5,0.5765049472224678,0.253,0.106,1,9,ARMC1
8.55317617984852e-5,0.48815210369485473,0.398,0.194,1,9,PCMTD1
8.559116309769799e-5,0.7013629281840215,0.265,0.112,1,9,EEF1E1
8.586599467519385e-5,0.5551666629065761,0.313,0.141,1,9,TRAPPC11
8.786891003476072e-5,0.4576707740190292,0.325,0.144,1,9,OLA1
8.938892300713874e-5,0.6091021052148502,0.313,0.139,1,9,C15orf57
8.975664072341516e-5,0.6118962413285209,0.301,0.136,1,9,ZNF148
8.996782807080272e-5,0.5121317934980698,0.277,0.121,1,9,INTS9
9.061172927959937e-5,0.3563828818432144,0.735,0.382,1,9,STAT6
9.132359827179748e-5,0.4470568445697293,0.627,0.339,1,9,GGA2
9.213966485122072e-5,0.4171153853600522,0.386,0.177,1,9,PSMA6P1
9.255023922283279e-5,0.3363686289502246,0.855,0.59,1,9,SNX29P2
9.261286981221417e-5,0.6478722512528892,0.301,0.132,1,9,TMEM147
9.304705462653828e-5,0.431612863084748,0.361,0.169,1,9,BAK1P1
9.458162656539315e-5,0.36009837268628475,0.53,0.264,1,9,NDUFV2P1
9.501071411555095e-5,0.44342420944482874,0.578,0.29,1,9,PSMB7
9.683909432789406e-5,0.4827754937657836,0.41,0.194,1,9,PSMC2
9.747339347287998e-5,0.4711249553506486,0.53,0.295,1,9,CPSF6
9.801809692255858e-5,0.5251805937909476,0.398,0.193,1,9,UCHL5
9.827346393009861e-5,0.6232698225384101,0.265,0.113,1,9,RBM48
9.882570556363213e-5,0.3531843015091758,0.337,0.15,1,9,SC5D
9.886205727305253e-5,0.5638122616779047,0.253,0.106,1,9,KIN
1.0099495864634989e-4,0.47334849898046144,0.361,0.171,1,9,VRK2
1.0139586082069663e-4,0.549009971188782,0.41,0.196,1,9,GPAA1
1.0205037788790783e-4,0.5012257972690659,0.735,0.375,1,9,ATP5C1
1.0233108918855649e-4,0.7451202849640329,0.313,0.154,1,9,TNPO2
1.0241762251528286e-4,0.5972757254849363,0.325,0.151,1,9,C12orf23
1.0317068854925893e-4,0.44185954389157583,0.458,0.239,1,9,SRP72
1.0330838125383046e-4,0.726152685224104,0.289,0.132,1,9,PNPT1
1.037073162306612e-4,0.35899009763768364,0.482,0.249,1,9,NUPL1
1.0517969615930767e-4,0.5102619306500404,0.747,0.376,1,9,PSMB3
1.0551740661246534e-4,0.6373663629716445,0.349,0.167,1,9,ECE1
1.0556081763080094e-4,0.3700531831052044,0.398,0.189,1,9,NDUFS3
1.0716017369793995e-4,0.4413143590301121,0.494,0.241,1,9,TMEM14B
1.0734391642563956e-4,0.3276177028991301,0.458,0.225,1,9,RABEP1
1.0761068045916922e-4,0.44924532205520895,0.47,0.234,1,9,ADD1
1.1038380947825388e-4,0.5906393678623394,0.398,0.193,1,9,NUDT22
1.1091156459230866e-4,0.5508015438466276,0.386,0.183,1,9,GTF2A2
1.1201497664448112e-4,0.7161166779228748,0.289,0.132,1,9,TSPAN31
1.1246463969127873e-4,0.5126442883760279,0.398,0.186,1,9,NDUFAB1
1.1410003405676328e-4,0.6122316610950396,0.313,0.145,1,9,SPPL2B
1.1693742415364028e-4,0.6345854560723034,0.253,0.106,1,9,NSMCE4A
1.1754365080518525e-4,0.40955180015148496,0.494,0.247,1,9,UFD1L
1.1917682690643083e-4,0.462941285348758,0.675,0.359,1,9,CMTM6
1.2185577444645546e-4,0.4164376261090722,0.458,0.224,1,9,C5orf15
1.2233086006574467e-4,0.7140935315868955,0.386,0.194,1,9,NINJ1
1.230345508256292e-4,0.5637257686616333,0.301,0.135,1,9,TIMM50
1.2485545816054433e-4,0.5985146000102239,0.313,0.144,1,9,RMDN1
1.2811956854719142e-4,0.28993268834014835,0.506,0.255,1,9,AAMP
1.30476141400937e-4,0.5949076133545298,0.41,0.208,1,9,PDHA1
1.3048075734434228e-4,0.4310810965376752,0.361,0.167,1,9,TIMM17A
1.3104312836587084e-4,0.4502333983619321,0.277,0.121,1,9,UBE4B
1.3365417709709781e-4,0.3411720908043111,0.301,0.134,1,9,UFL1
1.3373201936328627e-4,0.5948639891259053,0.277,0.12,1,9,ARL2
1.3421868454566166e-4,0.6208993644085061,0.265,0.116,1,9,TBP
1.350853582660072e-4,0.42801444079317374,0.494,0.245,1,9,NDUFB3
1.3569620587472464e-4,0.3380970150716915,0.446,0.224,1,9,FNDC3A
1.4120276098350537e-4,0.4748498447966917,0.253,0.107,1,9,HMG20A
1.4146682490601137e-4,0.6413830861560016,0.349,0.174,1,9,IPO9
1.421831112100591e-4,0.2976296567315806,0.627,0.351,1,9,DDX21
1.42858354851505e-4,0.3737770923061542,0.699,0.356,1,9,TRABD
1.4347078344378872e-4,0.49002589482128,0.301,0.135,1,9,NOP2
1.444009998456952e-4,0.4374905648111921,0.337,0.154,1,9,MRPL37
1.465563709104334e-4,0.6171375595095289,0.277,0.122,1,9,TWF1
1.46579683883985e-4,0.5795874669526467,0.386,0.191,1,9,AIMP1
1.4720784831290246e-4,0.49727291004918645,0.337,0.157,1,9,POGLUT1
1.47761432685245e-4,0.5007047221807862,0.349,0.165,1,9,HDAC2
1.483484606938923e-4,0.3485500092937709,0.337,0.156,1,9,IWS1
1.5050990990927993e-4,0.4969138727960594,0.337,0.162,1,9,GART
1.5216472048784624e-4,0.5819713350644875,0.398,0.207,1,9,AKT2
1.5516897203360358e-4,0.5135205691193976,0.253,0.107,1,9,PRDX4
1.5548920858687865e-4,0.41928744741019863,0.639,0.331,1,9,SERPINB1
1.5723133258482846e-4,0.6686587559422825,0.289,0.127,1,9,EPB41L4A-AS1
1.5866946714493402e-4,0.6320183412630063,0.277,0.125,1,9,DDX1
1.5931969987170724e-4,0.6173027871298522,0.253,0.112,1,9,POLR1A
1.614385566410803e-4,0.6578112512743035,0.349,0.167,1,9,ATP5G1
1.6212004209315012e-4,0.37876953568747085,0.578,0.293,1,9,SLA2
1.6263989796971856e-4,0.49084369133086203,0.313,0.143,1,9,AASDHPPT
1.647325509948061e-4,0.48331499971635883,0.373,0.175,1,9,SNRPE
1.6615102985229058e-4,0.30758192838608944,0.614,0.323,1,9,LPIN1
1.674609955049089e-4,0.4989084767229146,0.602,0.307,1,9,C17orf49
1.6873207710954574e-4,0.4153010404320693,0.289,0.13,1,9,TIAF1
1.6974504039923843e-4,0.5833096979633087,0.422,0.208,1,9,RNF181
1.7081907742944047e-4,0.4894856562473988,0.41,0.201,1,9,PSMC4
1.708541948746145e-4,0.5285381750759627,0.386,0.189,1,9,ELMO2
1.7085814284745204e-4,0.2832336027105054,0.458,0.225,1,9,MYO18A
1.7175797151347538e-4,0.5704811693522839,0.361,0.174,1,9,FUNDC2
1.7213734004828396e-4,0.5252864361090639,0.663,0.375,1,9,BHLHE40
1.727389606276386e-4,0.5774624794642074,0.325,0.155,1,9,FOXK1
1.7403265043536287e-4,0.6062348497326668,0.265,0.116,1,9,CYTH2
1.743620837897364e-4,0.4046218702308998,0.578,0.293,1,9,SNRPB2
1.7475001927880207e-4,0.475405599061955,0.422,0.205,1,9,PSMD9
1.7539373015318382e-4,0.3099989278862723,0.639,0.35,1,9,NUP210
1.7552704181444945e-4,0.40578509183403505,0.542,0.285,1,9,DHX9
1.7553009573001432e-4,0.3283075787612094,0.494,0.253,1,9,APBB1IP
1.7640456314427233e-4,0.5250826704793676,0.361,0.176,1,9,SLC16A3
1.766111741234866e-4,0.517728623321198,0.386,0.199,1,9,TRRAP
1.7661509233612982e-4,0.2734135938254031,0.325,0.153,1,9,MTOR
1.778758192401142e-4,0.5189100139857484,0.349,0.17,1,9,NT5C2
1.7848224785521616e-4,0.45380216539858453,0.482,0.246,1,9,ACTR1A
1.8025407248112302e-4,0.5229903018649205,0.518,0.269,1,9,SNRPG
1.8255108847586854e-4,0.4758405400932958,0.337,0.156,1,9,BRMS1
1.8769134259355447e-4,0.3509976028071835,0.313,0.146,1,9,PI4KAP2
1.958531971006927e-4,0.6541184444341711,0.265,0.117,1,9,EXOSC7
2.0106471643432933e-4,0.39776546099878785,0.398,0.204,1,9,TNPO1
2.0200973641437692e-4,0.6010986487328929,0.277,0.125,1,9,RAC1P2
2.021731089612011e-4,0.5199355124712339,0.313,0.147,1,9,TXNDC11
2.0256197378198948e-4,0.4419376335932177,0.59,0.303,1,9,NECAP2
2.025625785135876e-4,0.559815401412911,0.373,0.193,1,9,GPATCH2L
2.0298420162001563e-4,0.5252336814443213,0.325,0.149,1,9,C19orf70
0.00020450900181323561,0.6192008885892453,0.337,0.167,1,9,CDC73
2.0504986460689878e-4,0.4413744380122108,0.494,0.244,1,9,EMC7
2.072606201852789e-4,0.37997325637591506,0.687,0.383,1,9,COPA
2.1066135772640493e-4,0.3775815139439554,0.398,0.199,1,9,NSUN2
2.108168811327804e-4,0.2824776473753766,0.663,0.326,1,9,SNRPN
2.1203130440028417e-4,0.4224826687397142,0.614,0.312,1,9,C14orf166
2.1214445117334613e-4,0.4229115530904284,0.928,0.488,1,9,RPN1
2.1394906722038698e-4,0.38046077912717724,0.651,0.347,1,9,PFKFB3
2.1577926570492956e-4,0.42406628765914456,0.867,0.485,1,9,ATP6V0C
2.2050731684464253e-4,0.5673577096812952,0.253,0.11,1,9,MRPS22
2.2124010868429522e-4,0.5422256156765738,0.301,0.14,1,9,PEX2
2.2532253132934166e-4,0.5609076454823638,0.313,0.15,1,9,RUVBL1
2.2561202968129912e-4,0.4300868195146562,0.458,0.223,1,9,NDUFB7
2.2988536004531213e-4,0.4973506137912997,0.578,0.332,1,9,MKNK2
2.3345109257588703e-4,0.34960641499970324,0.373,0.174,1,9,PFDN2
2.3462710731569913e-4,0.4389856852968467,0.578,0.307,1,9,C1orf43
2.3708188201920777e-4,0.6135831697136275,0.277,0.123,1,9,GNG10
2.4559669326351674e-4,0.650261181630299,0.301,0.146,1,9,ANKLE2
2.468584185757461e-4,0.366359300577103,0.711,0.383,1,9,SUPT5H
2.498182742876054e-4,0.5178757785457319,0.277,0.125,1,9,SREK1IP1
2.4994191934135657e-4,0.2962019219649116,0.651,0.336,1,9,RER1
2.5317385317902286e-4,0.4862058953877817,0.434,0.222,1,9,NANS
2.539224509188198e-4,0.5072847441804302,0.337,0.16,1,9,TMX2
2.5617746202621916e-4,0.4209533609038365,0.807,0.425,1,9,RPN2
2.578826158186054e-4,0.6489173660400033,0.313,0.15,1,9,RELB
2.6186612846235136e-4,0.9743877803950518,0.265,0.129,1,9,UTP11L
2.626636359022161e-4,0.4196199517071939,0.578,0.3,1,9,MDH2
2.6294398311388356e-4,0.35209542069610295,0.518,0.26,1,9,OCIAD1
2.6483943289257184e-4,0.6776152202750794,0.253,0.113,1,9,GLO1
2.6818497073266556e-4,0.6299552205805343,0.265,0.118,1,9,PBDC1
2.687295504939513e-4,0.5384133387205876,0.916,0.492,1,9,PARK7
2.709623703343045e-4,0.45128821811745246,0.699,0.359,1,9,DAD1
2.711748713539741e-4,0.6447462618656408,0.265,0.118,1,9,ELP5
2.7147473822153323e-4,0.6327275515079126,0.289,0.133,1,9,ZDHHC12
2.76985878234548e-4,0.5001156207813398,0.482,0.256,1,9,DNTTIP2
2.781825683937367e-4,0.7101659751593228,0.301,0.145,1,9,GOLT1B
2.799416882215411e-4,0.40251987655989274,0.422,0.212,1,9,SUGT1
2.808412722918874e-4,0.36164263788448237,0.602,0.331,1,9,AFF4
0.00028143965450322384,0.3942715499254775,0.386,0.187,1,9,DAXX
2.8253332128702624e-4,0.4576251230596932,0.506,0.271,1,9,PLEKHB2
2.855131529877486e-4,0.3638375219002816,0.542,0.276,1,9,SCP2
2.909960886634533e-4,0.26697396317070476,0.723,0.402,1,9,RBM25
2.9493747255049385e-4,0.39924078582184686,0.578,0.279,1,9,LTB
2.9652720448125613e-4,0.43788647040414824,0.422,0.219,1,9,MTPAP
3.021472988775642e-4,0.30931392809099,0.422,0.217,1,9,ACSF3
3.028536140690097e-4,0.35755268336874335,0.675,0.351,1,9,SCAMP2
3.042040169156657e-4,0.6420221648668907,0.301,0.138,1,9,GDI2P2
3.0635016464319875e-4,0.38192656374366163,0.337,0.164,1,9,MIR3916
3.06870820602434e-4,0.5441379396590564,0.325,0.155,1,9,MTIF3
3.092951746068717e-4,0.5050395645889909,0.337,0.162,1,9,IER3IP1
3.144608252627634e-4,0.5046114234840815,0.277,0.125,1,9,AGPAT1
3.1497957947212996e-4,0.5462604811963134,0.289,0.136,1,9,CTDSP2
3.168400233632962e-4,0.6954784436016936,0.265,0.125,1,9,NUP155
3.1753224917618894e-4,0.4006336332761872,0.41,0.208,1,9,MRPS16
3.19156579939639e-4,0.47607873690811797,0.313,0.15,1,9,NUP85
3.206445161132443e-4,0.42418168463379535,0.542,0.287,1,9,NDUFA10
3.211634912758665e-4,0.406813624155697,0.361,0.177,1,9,ERCC3
3.220701680550775e-4,0.5346977490338704,0.349,0.175,1,9,NUP88
3.3120687724230713e-4,0.5631769523114354,0.289,0.133,1,9,JPX
3.3420338474665634e-4,0.6947540157534818,0.265,0.123,1,9,LRIF1
3.346707483595779e-4,0.6187622924972036,0.313,0.15,1,9,EXOSC1
3.419493114298344e-4,0.35273296805327636,0.578,0.32,1,9,PTBP3
3.46085365352522e-4,0.5494453846285167,0.349,0.177,1,9,HERC2P3
3.499447316814841e-4,0.37439100043798684,0.506,0.27,1,9,PAPD4
3.500162536125284e-4,0.5508377015279615,0.253,0.114,1,9,TRMT1
3.5057415297501393e-4,0.3567510602975593,0.373,0.191,1,9,DNAJC10
3.507916981011494e-4,0.3583890522644304,0.735,0.385,1,9,RSL1D1
3.5176368050171547e-4,0.4129352950423041,0.386,0.207,1,9,ASCC1
3.5242770938581636e-4,0.36697593946088225,0.639,0.353,1,9,PDCD6IP
0.00036427030176788833,0.5984914025731232,0.277,0.128,1,9,KATNBL1
3.6438493452362053e-4,0.5445171509803096,0.289,0.136,1,9,RUVBL2
3.65321924484574e-4,0.4376802486961542,0.699,0.373,1,9,ZNF706
3.6663042579432314e-4,0.2612353573563902,0.458,0.241,1,9,RBBP6
3.7122264095290625e-4,0.43580946371031426,0.386,0.191,1,9,POLDIP3
3.7165201136368786e-4,0.5520692501859261,0.265,0.121,1,9,GPKOW
3.736491182171342e-4,0.45657842877621335,0.265,0.121,1,9,MCFD2
3.7514360826906845e-4,0.27886610449117644,0.518,0.281,1,9,LPP
3.761501301733361e-4,0.551008172075373,1,0.575,1,9,HLA-DPA1
3.8123717159566084e-4,0.47613021192318106,0.265,0.12,1,9,CDK5RAP1
3.83719810848282e-4,0.47430293219998276,0.253,0.111,1,9,TREX1
3.8843548264511085e-4,0.4807428633544958,0.277,0.124,1,9,EMC6
3.9068820907606217e-4,0.4765675861165424,0.771,0.4,1,9,TUBB
3.943278623841362e-4,0.3190966448818358,0.386,0.202,1,9,GOSR1
3.9803339264765647e-4,0.5479517311090845,0.386,0.196,1,9,CORO1B
3.9856913195501775e-4,0.5993810199654822,0.325,0.164,1,9,ING3
4.0700371091406673e-4,0.4463956415254121,0.398,0.209,1,9,TMEM165
4.0772215159590175e-4,0.4503105142505316,0.518,0.28,1,9,PPM1G
4.078421920514774e-4,0.4381729797291568,0.663,0.346,1,9,PDIA6
4.0940077359086224e-4,0.515090326805094,0.313,0.152,1,9,TOLLIP
4.2629423070228434e-4,0.42675506394640594,0.349,0.173,1,9,MRPS25
4.289946415776402e-4,0.4202863738440557,0.494,0.257,1,9,ZC3H15
4.32160517457314e-4,0.3679902382649148,0.47,0.235,1,9,AL353354.2
4.32962283552385e-4,0.31704485815968486,0.41,0.21,1,9,GLYR1
4.3361144871822965e-4,0.339424818809258,0.446,0.241,1,9,NIN
4.421194163319875e-4,0.4886764152424769,0.41,0.208,1,9,BAK1
4.42519895337945e-4,0.3020792117367613,0.53,0.281,1,9,SH3GLB1
4.439242466705018e-4,0.31653662243089353,0.386,0.199,1,9,AQR
4.455451079283801e-4,0.3897937054732715,0.301,0.139,1,9,REC8
4.4741628717615e-4,0.49849868545795917,0.325,0.162,1,9,GCN1L1
4.5101788061496784e-4,0.3720303638863391,0.506,0.272,1,9,LUC7L
4.5333924584989305e-4,0.53308258974375,0.325,0.164,1,9,VPS37A
4.5834812225753474e-4,0.4064192675400915,0.639,0.373,1,9,ETF1
4.6147772117666186e-4,0.4817975528757186,0.337,0.168,1,9,CSNK2A1
4.636172397620708e-4,0.49576775549707214,0.313,0.15,1,9,C11orf73
4.7085506928223886e-4,0.44830071815895733,0.566,0.298,1,9,ERGIC3
4.7521451679100046e-4,0.3631333146598796,0.289,0.138,1,9,NDUFS1
4.7773647710114275e-4,0.39412821073074494,0.386,0.201,1,9,STAG3L5P-PVRIG2P-PILRB
4.8231176806723397e-4,0.41242022012701707,0.361,0.186,1,9,RBM7
4.860693011419226e-4,0.33328100869654886,0.253,0.113,1,9,UTP23
4.928007471616258e-4,0.4510958673757755,0.373,0.191,1,9,COPS5
4.955321226929321e-4,0.2638494568150611,0.602,0.33,1,9,EIF5AL1
4.979562097804369e-4,0.4199851352244198,0.446,0.228,1,9,CMTM3
5.002958805258029e-4,0.2564942646977936,0.602,0.336,1,9,ANP32A
5.021336706751978e-4,0.3202914683430455,0.337,0.17,1,9,INTS3
5.193598085502238e-4,0.5723390858545538,0.253,0.114,1,9,BAD
5.358286282770575e-4,0.29746154549831627,0.602,0.327,1,9,GLIPR1
5.37326320646736e-4,0.40144545715881197,0.301,0.143,1,9,ATP6V1H
5.400142390503682e-4,0.4779854023775859,0.627,0.329,1,9,COX5A
5.433314614791129e-4,0.3361997827932649,0.542,0.286,1,9,RBM34
5.442809061368958e-4,0.39257046510550336,0.301,0.144,1,9,CTBS
5.470325241252461e-4,0.37532480121037026,0.373,0.186,1,9,IMP4
5.487569040036888e-4,0.4971757809483239,0.361,0.181,1,9,IDH3G
5.510590495527712e-4,0.4524965962542945,0.313,0.148,1,9,CUEDC2
5.556533229742477e-4,0.3403337152346171,0.265,0.123,1,9,TTPAL
5.592273621086719e-4,0.3746377526134933,0.446,0.237,1,9,PPIL4
5.609110895508085e-4,0.4585354156558319,0.506,0.265,1,9,ATP6V1F
5.62769989278733e-4,0.4457531167827811,0.289,0.138,1,9,TWISTNB
5.629886191824696e-4,0.4890164179587838,0.265,0.123,1,9,ZMAT2
5.657869542143867e-4,0.6678736790558097,0.289,0.14,1,9,GPN1
5.866214901586453e-4,0.3424353500606038,0.614,0.358,1,9,RAPGEF1
5.870902783917664e-4,0.42097261142338027,0.301,0.146,1,9,SNX29
5.878863245523114e-4,0.35687914489409567,0.313,0.15,1,9,COA4
5.882964095340615e-4,0.41255713365139085,0.277,0.131,1,9,DIS3L2
5.946622945856017e-4,0.25339734538893777,0.614,0.33,1,9,USP22
5.95570814287294e-4,0.34545111310031257,0.482,0.267,1,9,CBWD2
5.975894189407249e-4,0.41444980720713,0.663,0.364,1,9,PEBP1
6.00161549034306e-4,0.27210338065288486,0.289,0.136,1,9,STAM2
6.084111370923129e-4,0.49021653446772784,0.398,0.219,1,9,RP11-345J4.8
6.105415157080518e-4,0.7858133008744581,0.265,0.131,1,9,EMC1
6.17634635328379e-4,0.3774600611527934,0.422,0.214,1,9,TCEB1
6.177498965458383e-4,0.4121950213317204,0.386,0.195,1,9,ATP6V1E1
6.183805638124706e-4,0.2831127916671151,0.518,0.284,1,9,MKL1
6.267493224532128e-4,0.4191461040690486,0.422,0.219,1,9,SNRNP27
6.314774963742664e-4,0.4800248387656254,0.289,0.142,1,9,TBC1D17
6.390812989445216e-4,0.5149011114530352,0.253,0.115,1,9,QTRT1
6.412830757616117e-4,0.41084957081341644,0.349,0.184,1,9,RAB21
6.466428036877581e-4,0.42618194438800977,0.313,0.157,1,9,ZNF791
6.476874186469583e-4,0.25863521986837623,0.53,0.273,1,9,SDR39U1
6.588178540998246e-4,0.47395714390907484,0.337,0.165,1,9,NACA2
6.778817544628168e-4,0.4015596635208726,0.313,0.155,1,9,LARP4
6.786587272236133e-4,0.41330965662482066,0.325,0.161,1,9,UTP6
6.795298952746442e-4,0.4188326863637579,0.361,0.182,1,9,PDHB
6.8662086066551e-4,0.388724049963649,0.494,0.272,1,9,RNF114
7.182988197991236e-4,0.3550578134877964,0.554,0.286,1,9,NDUFB11
7.294595687767913e-4,0.3751676409231346,0.422,0.22,1,9,LMBRD1
7.301992537984692e-4,0.3476740739424683,0.253,0.117,1,9,FAM156A
7.310661486801262e-4,0.43157863472181823,0.446,0.23,1,9,PET100
7.444896914374777e-4,0.2579671326903116,0.518,0.269,1,9,AKIRIN2
7.485871491257345e-4,0.4969810951709571,0.434,0.226,1,9,GSTO1
7.498153908995775e-4,0.35120116148904423,0.458,0.247,1,9,YTHDF2
7.702824111930351e-4,0.4823164727905327,0.94,0.56,1,9,HERPUD1
7.726886884011908e-4,0.3236140750982927,0.434,0.224,1,9,TAF9
7.760334881972142e-4,0.32123946722378316,0.602,0.311,1,9,SNURF
7.797953384223177e-4,0.43750828700735145,0.795,0.428,1,9,PSMA2
7.832616368859124e-4,0.45298847044465623,0.289,0.141,1,9,UTP18
7.857450044279624e-4,0.39930843881960265,0.277,0.131,1,9,GNL2
7.996944660539906e-4,0.3822593120911757,0.53,0.29,1,9,EXOC4
8.031708244575775e-4,0.49356232463533656,0.446,0.242,1,9,ZFAND6
8.264910835338313e-4,0.5278124174048049,0.277,0.142,1,9,ARFGEF2
8.302606169299231e-4,0.5984988687893671,0.265,0.127,1,9,PLRG1
8.312235567609072e-4,0.32863932099493576,0.506,0.276,1,9,NDUFA5
8.324437156670417e-4,0.35764461873740483,0.554,0.287,1,9,MDH1
8.372893519172919e-4,0.575988873740106,0.277,0.136,1,9,TXNRD1
8.423851313825725e-4,0.3104000184200676,0.566,0.302,1,9,RAB1A
8.607867869820929e-4,0.43157218323594676,0.386,0.204,1,9,SRGAP2B
8.683353013099193e-4,0.41716759593341557,0.337,0.173,1,9,SNAPIN
8.75948305575136e-4,0.34115475767285963,0.542,0.29,1,9,BANF1
8.764009519826033e-4,0.485755048331183,0.265,0.127,1,9,IFIH1
8.771900401147725e-4,0.3034634468012793,0.277,0.128,1,9,PIGY
8.847208885409685e-4,0.3516737039929778,0.301,0.143,1,9,STX8
8.890966374293097e-4,0.5379559828602196,1,0.597,1,9,HLA-DRB1
8.9926281766739e-4,0.43983026654381074,0.386,0.21,1,9,RTF1
9.044393233264003e-4,0.3971311853793894,0.651,0.349,1,9,CDK2AP2
9.054612398362583e-4,0.3741802759334082,0.41,0.212,1,9,RHEB
9.083778765763828e-4,0.33928076330893614,0.41,0.217,1,9,PRCC
9.09419523972721e-4,0.5787788861964298,0.265,0.128,1,9,GTF2F2
9.121964911298353e-4,0.46352536085512724,0.41,0.218,1,9,RILPL2
9.195070980050346e-4,0.3640562751051936,0.41,0.217,1,9,DHX30
9.248572101299146e-4,0.507352494793244,0.265,0.127,1,9,KIAA0020
9.254551694006796e-4,0.41861685054750686,0.325,0.161,1,9,MPC1
9.290365093030939e-4,0.5924667235171109,0.361,0.199,1,9,PSMD14
9.418376704903864e-4,0.3560573092782062,0.446,0.236,1,9,FIP1L1
9.444563628757674e-4,0.30634805002812515,0.446,0.232,1,9,NAA38
9.480137829986912e-4,0.42609292193044646,0.349,0.183,1,9,R3HDM1
9.555113759769363e-4,0.3319094286398079,0.855,0.491,1,9,RASGEF1B
9.555869779520609e-4,0.4769785203946625,0.289,0.143,1,9,SEC63
9.672786524161925e-4,0.41510406864166816,0.265,0.127,1,9,VAMP7
9.695950281889409e-4,0.30653133707207636,0.361,0.188,1,9,ELF2
9.74608702785984e-4,0.3031501528544884,0.627,0.368,1,9,PAK2
9.9452251560872e-4,0.42353736828143984,0.506,0.273,1,9,UFC1
0.0010037816132348887,0.5586874122270649,0.301,0.15,1,9,SLIRP
0.0010073657717213358,0.3300425786170491,0.337,0.168,1,9,RP11-265N6.1
0.0010124660664474483,0.29041386805835134,0.313,0.151,1,9,ZFAND2A
0.001014087517901885,0.4676031843174113,0.313,0.16,1,9,HNRNPA3P6
0.0010192001664774963,0.30336725453032387,0.373,0.192,1,9,SEC23A
0.0010237064990228362,0.6982787696718701,0.277,0.139,1,9,WBP1
0.0010292804826541602,0.4380830717864926,0.313,0.159,1,9,SNHG14
0.0010296758641972215,0.5502456424130883,0.325,0.171,1,9,TMEM183A
0.0010299028681071132,0.44879473424468175,0.265,0.127,1,9,SNX4
0.0010302711450647095,0.3420874120742466,0.422,0.223,1,9,EIF2S1
0.0010347551206193462,0.2547933098093859,0.41,0.214,1,9,DHX8
0.00103906102386353,0.4174636292987005,0.265,0.127,1,9,RPAP3
0.0010496831332675871,0.317842226819484,0.373,0.189,1,9,ARAF
0.0010518596057702556,0.27639785808194006,0.482,0.266,1,9,MTDH
0.0010655491597932887,0.3581707446031922,0.301,0.149,1,9,SGTA
0.0010666850519380766,0.49346524213169696,0.253,0.119,1,9,SCPEP1
0.0010705474617824784,0.36514673503385664,0.699,0.392,1,9,ATP5EP2
0.001084790866068941,0.45097050791782745,0.386,0.209,1,9,ABCF1
0.0010928323385948069,0.37634084796158773,0.639,0.332,1,9,UQCRH
0.0011040430470865559,0.42623228109905825,0.361,0.19,1,9,IL10RB
0.0011129419547994956,0.38136478509259536,0.446,0.247,1,9,VPS35
0.0011226989295032297,0.4002389169408052,0.398,0.209,1,9,METAP2
0.001149093614981389,0.37262980275778823,0.554,0.291,1,9,UQCR10
0.0011556768713829602,0.5521347565731631,0.253,0.121,1,9,COPS4
0.0011747206462988657,0.26894713245407564,0.313,0.155,1,9,APH1A
0.0011789370377348618,0.3715223962747247,0.614,0.331,1,9,NDUFA1
0.0011810789195394467,0.4558992824501724,0.325,0.167,1,9,GNB5
0.0011814334303525964,0.32693211047066056,0.301,0.15,1,9,DNM1L
0.0011851241576013027,0.3204082918375296,0.651,0.355,1,9,RBM4
0.0011871634768858552,0.44450110752939137,0.325,0.175,1,9,RP11-66N24.4
0.0011930647243787451,0.49160942712671635,0.277,0.139,1,9,SPTLC2
0.0011948606647109727,0.39642569457948706,0.53,0.294,1,9,HADHA
0.00119704713469182,0.43832588545076057,0.373,0.193,1,9,COMMD3
0.0012064910906788295,0.36865962828542953,0.253,0.119,1,9,PIGQ
0.0012149381888293398,0.3507628293696863,0.422,0.223,1,9,MFF
0.001224536114744268,0.3302371541516509,0.843,0.475,1,9,CD55
0.0012324156527543373,0.6068398139008507,0.265,0.129,1,9,TMEM208
0.001238047934787545,0.5124304226632241,0.373,0.214,1,9,ARID3B
0.0012491509237009257,0.2616888909869243,0.458,0.241,1,9,PRPF3
0.0012552796829989887,0.3970217860190548,0.349,0.183,1,9,ZNF146
0.0012570811600731702,0.4259220740367486,0.398,0.209,1,9,CNIH1
0.001259647168549316,0.36110688928792745,0.289,0.14,1,9,RN7SL1
0.001267099162668428,0.3635818715287748,0.458,0.24,1,9,CHMP2A
0.0012797581393593216,0.44739289584778485,0.325,0.171,1,9,PITRM1
0.0012807230437048567,0.2875487264774411,0.675,0.364,1,9,EIF3CL
0.0012833760364163727,0.26841985618796427,0.386,0.212,1,9,NCOR2
0.0012993267284173715,0.34674403845240054,0.422,0.217,1,9,GLRX
0.0013128160134061595,0.4018264588562943,0.41,0.227,1,9,SIRT2
0.0013266575924379964,0.4303585289734826,0.723,0.39,1,9,GNG5
0.0013564370593537323,0.2862687846146419,0.313,0.161,1,9,SNRNP70
0.0013818769662357067,0.34944715077097666,0.398,0.223,1,9,MGRN1
0.0013831048589731942,0.4136855075175745,0.735,0.398,1,9,BRK1
0.0013895030380075557,0.27803490676975184,0.554,0.308,1,9,TARDBP
0.0013899788698175097,0.45356813381620864,0.373,0.199,1,9,SNRPC
0.001396210187697422,0.33296127289398136,0.506,0.279,1,9,SNAP23
0.001418068355862001,0.3655518081252782,0.675,0.361,1,9,UQCRQ
0.0014335893464640925,0.287639790705811,0.482,0.248,1,9,UXT
0.00145041915033306,0.29436934141629423,0.446,0.24,1,9,MED29
0.0014613372781815404,0.4508264443159091,0.313,0.159,1,9,GLA
0.0014722833522160528,0.3801990023359214,0.265,0.13,1,9,NHLRC3
0.0014837911208176457,0.4124998683047393,0.349,0.185,1,9,VPS39
0.0014897486187219755,0.42518949991420596,0.325,0.165,1,9,CCDC115
0.0015097452730716832,0.6220225558187433,0.325,0.179,1,9,JOSD1
0.001522101580536006,0.41767296772261486,0.373,0.201,1,9,CEP57
0.0015441925925738786,0.3451068593438975,0.398,0.212,1,9,TBCA
0.0015705591771557614,0.3737535553924697,0.422,0.228,1,9,FAM32A
0.0015831941362651758,0.5831685295561587,0.289,0.15,1,9,RNMT
0.0015942951650338433,0.41205066841004145,0.482,0.263,1,9,ATP5J
0.0016028563470007473,0.2876677883863221,0.795,0.458,1,9,RABGAP1L
0.001604054584247061,0.2747159378324471,0.41,0.213,1,9,TOMM5
0.001613586050324134,0.3829588165229788,0.398,0.204,1,9,FTH1P16
0.0016360498628580356,0.3588676283670792,0.494,0.272,1,9,SSBP1
0.0016396895842163417,0.3480104426689493,0.518,0.289,1,9,CD38
0.0016693111251153692,0.5245467535074914,0.313,0.169,1,9,HNRNPAB
0.001677108854056808,0.3699073294948154,0.313,0.167,1,9,CHERP
0.001677261737846658,0.536139637151507,0.277,0.14,1,9,NAA20
0.0016805138080051574,0.29359435038177445,0.47,0.258,1,9,PITPNB
0.001695497531744472,0.5730026430037012,0.265,0.134,1,9,PNPLA2
0.0017705913152172847,0.30225531023427255,0.602,0.347,1,9,PA2G4
0.00177423082326289,0.5123237499047046,1,0.579,1,9,HLA-DPB1
0.0017881384256734911,0.4070180122028888,0.867,0.479,1,9,EIF3L
0.0018557106856662564,0.3397790730654893,0.398,0.211,1,9,HEXA
0.0018787647531826046,0.43167314478594776,0.373,0.199,1,9,RP11-677O4.6
0.0018802084595084256,0.3116127152174748,0.771,0.422,1,9,SRSF1
0.0018985148109655903,0.3220539635302816,0.602,0.344,1,9,SERINC3
0.0019169493302235718,0.39187705017495195,0.41,0.247,1,9,MSL2
0.0019186060870484134,0.43969285724242446,0.253,0.126,1,9,C17orf85
0.0019196935856033992,0.5171374186465634,0.253,0.127,1,9,SUCLA2
0.001927180101450876,0.4093768460273667,0.301,0.154,1,9,DDX56
0.0019454716542841588,0.30927943179273587,0.554,0.298,1,9,STXBP2
0.0019463818629896767,0.3999558618278034,0.855,0.466,1,9,SSR4
0.0019502042970962474,0.37725255636655397,0.373,0.199,1,9,NSA2
0.0020031780616751593,0.3240535750401516,0.349,0.187,1,9,C18orf25
0.002044200400644014,0.4583930679972216,0.277,0.139,1,9,CTNNA1
0.0020467506321462103,0.42758978465578634,0.349,0.188,1,9,ACTR10
0.002052558433473628,0.35208790762330694,0.434,0.234,1,9,SNRPD1
0.002116944328874437,0.4176472662515873,0.277,0.139,1,9,UBLCP1
0.0021218114736447635,0.29489029357472074,0.398,0.218,1,9,PITHD1
0.00212914950039389,0.5789519848150978,0.289,0.156,1,9,ATR
0.0021346795161460985,0.2764859971333089,0.386,0.204,1,9,C7orf73
0.0021362409959351236,0.47886625905980756,0.289,0.149,1,9,TSN
0.0021380377140700624,0.39809718775754965,0.265,0.127,1,9,RP11-307L3.2
0.002138102705206535,0.4245396258130867,0.446,0.251,1,9,TKT
0.0021462524963626883,0.2897451845123852,0.59,0.322,1,9,TUFM
0.002174851225832164,0.39024447363540526,0.277,0.137,1,9,RRAGA
0.002193665921096599,0.4483302618125247,0.289,0.148,1,9,TOR1A
0.0022034422662176034,0.5398511514609328,0.301,0.157,1,9,WDR45
0.0022135801615179584,0.2695371743290429,0.518,0.283,1,9,NOP56
0.00221460148851671,0.31768002551347463,0.711,0.403,1,9,RBBP4
0.002231925435713711,0.3121756276460891,0.434,0.235,1,9,NOL7
0.0022341727066159667,0.3302139137600819,0.783,0.446,1,9,HNRNPA3
0.0022669149579856995,0.30122158091996165,0.578,0.306,1,9,FAM96B
0.0022924467667144732,0.5110599424745909,0.277,0.142,1,9,AC009120.6
0.002299872469100128,0.39963921760501964,0.349,0.19,1,9,SYVN1
0.002317456110729088,0.3427992717669258,0.422,0.236,1,9,RSU1
0.0023232282076646182,0.31908123131057814,0.373,0.203,1,9,GUSB
0.0023511146242094494,0.27419452446061254,0.337,0.182,1,9,DDX50
0.002356300357876817,0.2904325717687498,0.373,0.213,1,9,BRAF
0.00238307819101502,0.33333164373119084,0.518,0.304,1,9,TXLNA
0.0024015437318940513,0.2694984753149614,0.627,0.351,1,9,NFE2L2
0.0024039386920289285,0.372130713410864,0.819,0.473,1,9,TPM4
0.0024077689457984164,0.28163137469067423,0.711,0.406,1,9,FNBP4
0.00240935886181326,0.4832501480213085,0.325,0.173,1,9,TRAPPC3
0.002446886781338309,0.4757445854472653,0.289,0.152,1,9,ALKBH5
0.002467442362376282,0.30023218052235146,0.518,0.281,1,9,POLR2L
0.0024707300038724345,0.4232953472425442,0.289,0.147,1,9,SAT2
0.002488152444335201,0.5582852604750701,0.277,0.147,1,9,RFXANK
0.002490154827250013,0.3123983903336809,0.735,0.416,1,9,SELT
0.0025242072485935907,0.3927081209054175,0.795,0.44,1,9,EIF3C
0.002574507761309297,0.26433230371147975,0.482,0.274,1,9,ZC3H13
0.0025921482465010026,0.27483471753758726,0.554,0.32,1,9,BNIP2
0.0026513373591485756,0.32189165834112177,0.542,0.309,1,9,RAB10
0.002652426639805805,0.4384290271433695,0.253,0.124,1,9,DANCR
0.002671497648689014,0.35705484301475343,0.301,0.154,1,9,VPS51
0.0026986956076830992,0.33874375451567046,0.337,0.182,1,9,PSME3
0.0027479296453276625,0.4481635430320964,0.325,0.173,1,9,ITPA
0.0027783608132407878,0.377954339552113,0.253,0.128,1,9,PRR14L
0.0027887719420773838,0.2787673461791156,0.434,0.245,1,9,FKBP1C
0.0027896217530343215,0.5536013756088357,0.253,0.132,1,9,NFKB2
0.0028007146004902506,0.3716524029390862,0.627,0.351,1,9,PSMB6
0.0028130480838475247,0.3897948848166801,0.518,0.296,1,9,EIF3I
0.002841995264294628,0.3217309750666446,0.289,0.149,1,9,PNPLA6
0.002866228809794702,0.2866445682679283,0.434,0.245,1,9,UBE2K
0.0028665274556345377,0.33850119920995675,0.325,0.169,1,9,PNP
0.0028756779720713332,0.3486409795681086,0.373,0.2,1,9,YIPF3
0.002920824480393769,0.3609344154948847,0.458,0.251,1,9,LAMTOR5
0.0029387806591396615,0.25334330235149666,0.422,0.225,1,9,NDUFAF3
0.0029696435184114467,0.40410938145989383,0.253,0.128,1,9,FBXO38
0.003006051587117975,0.3550722722986787,0.398,0.226,1,9,HIVEP2
0.0030080665897462833,0.25186807587577215,0.361,0.193,1,9,ARHGEF2
0.0030247143543156163,0.3223005239896176,0.53,0.3,1,9,UQCRC2
0.003074600440270414,0.38978897825704595,0.277,0.142,1,9,GOSR2
0.0030746610251888296,0.38709785065258295,0.289,0.15,1,9,RARS2
0.0030865289749368863,0.3941202685060504,0.325,0.172,1,9,NDUFC1
0.0031103130222303044,0.3620198927636106,0.337,0.176,1,9,CTD-2647L4.4
0.003158970937739536,0.4132814681704787,0.361,0.196,1,9,PHPT1
0.0031612194889656386,0.3398901630884184,0.361,0.2,1,9,ITFG1
0.003209617789854402,0.6092029310808129,0.253,0.131,1,9,BCL2A1
0.003211204977509041,0.33437845184683196,0.422,0.235,1,9,H2AFV
0.0032775946391701005,0.4789118585190948,0.301,0.164,1,9,PAXBP1
0.00328101533106806,0.43082884919038933,0.313,0.17,1,9,RPS6KB1
0.0033980036751715126,0.2534857176013651,0.446,0.261,1,9,TRIP12
0.0034292482897286813,0.2793565959170254,0.313,0.163,1,9,MTRR
0.0034504807409301286,0.4080810797553861,0.337,0.185,1,9,ERGIC2
0.0034581676047535925,0.265129667344679,0.807,0.465,1,9,ZNF207
0.003465383805044464,0.34587995303182384,0.434,0.251,1,9,PPP6C
0.0034957794320378266,0.5420058384743897,0.313,0.173,1,9,CERS2
0.003502379473234729,0.3605595389085722,0.349,0.193,1,9,SLC38A10
0.0035297346460119172,0.2911418047995752,0.639,0.361,1,9,CCT8
0.003547065002146521,0.27450512340695254,0.578,0.337,1,9,UBAP2L
0.0035536710126773396,0.3342634669492865,0.253,0.127,1,9,ANAPC7
0.003564505181554267,0.26296146673780774,0.289,0.15,1,9,PSMD3
0.003590042385236858,0.5306540206256505,0.253,0.132,1,9,PCYT1A
0.0036226152376572784,0.2764780701743128,0.337,0.179,1,9,SUCLG1
0.00364628969531422,0.2626880011496657,0.398,0.226,1,9,CDK12
0.0037067624639766095,0.39755451654761675,0.434,0.249,1,9,PAF1
0.0037634139165483305,0.4656488574355434,0.325,0.184,1,9,INPP5B
0.003763589270126877,0.3355828650782955,0.964,0.593,1,9,RNF149
0.0037719188719518293,0.3165592239911603,0.723,0.405,1,9,RAB5C
0.003811684543810534,0.41510429022280515,0.265,0.139,1,9,CAPNS1
0.0038219312117369064,0.37136371867047807,0.41,0.242,1,9,DGKZ
0.003825304423499265,0.3344958320546392,0.518,0.294,1,9,PSMA4
0.0038286060825920565,0.3326763206226124,0.361,0.194,1,9,FDPS
0.0038366794179833796,0.2515103275515818,0.723,0.4,1,9,PSME2P2
0.003840356003801837,0.2715913084885183,0.482,0.279,1,9,TAOK3
0.003881367584516182,0.45414557882269335,0.289,0.156,1,9,KAT2B
0.003898590006729652,0.2639625033878047,0.361,0.2,1,9,CAND1
0.003927368133021636,0.29806740937414533,0.422,0.24,1,9,CRKL
0.00394375093660182,0.2798521179118041,0.482,0.279,1,9,HMGN1P38
0.003947590810114532,0.29226538787409007,0.458,0.274,1,9,XRN2
0.00396108043975274,0.27302906065433186,0.253,0.129,1,9,VPS33A
0.003963535547536479,0.29814503494840994,0.47,0.26,1,9,NDUFB9
0.004015789268277725,0.3275256074627404,0.663,0.371,1,9,DPP7
0.004034721352524695,0.2635757298496761,0.723,0.425,1,9,PDIA3P
0.004059300198876903,0.4881160478859415,0.265,0.143,1,9,TBC1D23
0.004087792251950884,0.3565913515257663,0.265,0.137,1,9,ABCF3
0.004153485252579969,0.2656857332794387,0.41,0.229,1,9,DLD
0.004250592092087668,0.32094999094939897,0.349,0.191,1,9,MRPL51
0.004297642859450779,0.2598949393627036,0.578,0.311,1,9,UQCRFS1
0.004322429459099109,0.3144799363588704,0.373,0.205,1,9,VTI1B
0.004413073701393433,0.29872922375146915,0.651,0.386,1,9,PARVG
0.0044678271062819075,0.3103191109936998,0.337,0.183,1,9,MAD1L1
0.004489548204263949,0.42958105886696263,0.301,0.16,1,9,NT5C
0.004522308402077124,0.2680369317415003,0.289,0.149,1,9,NSMCE1
0.004562502394934054,0.2612075606681705,0.349,0.193,1,9,RPS6KB2
0.004593303735899168,0.3187522500406217,0.446,0.267,1,9,ARPC4-TTLL3
0.004604597164217461,0.9844124515113777,0.277,0.165,1,9,TAF10
0.004719785695505019,0.3442105375578255,0.349,0.193,1,9,EIF4E2
0.004761641994414978,0.28560736656479346,0.349,0.201,1,9,STAG1
0.004764768483782378,0.2564568935772331,0.253,0.13,1,9,PLCG2
0.004781566254849601,0.474605519731174,0.277,0.153,1,9,WDR36
0.004795565192219353,0.36349142265666234,0.325,0.179,1,9,CAMTA1
0.004865831421203115,0.34793422066503976,0.349,0.196,1,9,VTA1
0.005108496594606882,0.3486658435771638,0.373,0.211,1,9,IMPDH2
0.005126718067621772,0.2707273785049368,0.253,0.133,1,9,RP1-283E3.4
0.005139863153850177,0.2614493648357631,0.373,0.213,1,9,SMNDC1
0.0051835660249308635,0.29884868044846336,0.518,0.294,1,9,CHMP4A
0.005199526443952829,0.2577348340689036,0.313,0.168,1,9,ADSL
0.005283366659017297,0.2988796401078109,0.807,0.438,1,9,DDX24
0.005351193413499766,0.30476041962012057,0.301,0.16,1,9,RP3-469D22.1
0.005397718932818929,0.36818810844842753,0.325,0.179,1,9,GLRX3
0.005567712038952566,0.45386442889791895,0.289,0.159,1,9,PRPS2
0.005643570197667591,0.2548348762567145,0.614,0.343,1,9,MGAT1
0.005825046849824211,0.3704869474215571,0.265,0.14,1,9,LSM5
0.005938835593661818,0.2956050846370803,0.265,0.139,1,9,ZBTB8OS
0.006053998234001545,0.2926295401786485,0.47,0.263,1,9,ATP5H
0.006072495941695344,0.3147262284525634,0.41,0.251,1,9,RP4-669L17.10
0.006181861621283868,0.3175634762850159,0.783,0.414,1,9,GPX4
0.006248101401847395,0.30105179768315304,0.41,0.244,1,9,LATS1
0.006292983295033583,0.2815493188718631,0.386,0.22,1,9,NDUFB6
0.006323589488503645,0.269000726343018,0.349,0.198,1,9,ATG13
0.006371930425787875,0.25328246948254535,0.373,0.218,1,9,AFTPH
0.006459631743880756,0.25189402035000596,0.554,0.337,1,9,EFCAB14
0.006491464803117797,0.3925913569944588,0.325,0.183,1,9,TRAPPC4
0.006618141420327461,0.31661171955163897,0.361,0.205,1,9,TAF13
0.006729151333709105,0.340630976233995,0.337,0.19,1,9,RPAIN
0.006774143546673939,0.33981865324049376,0.783,0.479,1,9,RNASEK-C17orf49
0.006779670386753089,0.339752970789052,0.386,0.218,1,9,CKS2
0.006784765010619198,0.28109340304811203,0.301,0.164,1,9,PPA2
0.006861055684066919,0.3164261300303086,0.253,0.132,1,9,RHEBP1
0.006909324198073552,0.387767702011528,0.88,0.482,1,9,TPP1
0.006993072646472642,0.378726584527157,0.361,0.21,1,9,RALA
0.0070155776059328545,0.324512347371706,0.639,0.366,1,9,KRTCAP2
0.007049702532520907,0.26674155069019434,0.566,0.322,1,9,ATP5O
0.007133361706994634,0.3399364999718248,0.337,0.193,1,9,SPPL2A
0.007177446918466224,0.28543069225779527,0.506,0.285,1,9,DCXR
0.007227971121069876,0.2764224317757086,0.41,0.242,1,9,FXR1
0.007258042015276578,0.25561795047456126,0.289,0.161,1,9,KIAA1033
0.0073181505227941646,0.30289882044755845,0.361,0.211,1,9,EIF2S3L
0.007376233562484291,0.3499462490619371,0.313,0.175,1,9,COPS3
0.007486507239464535,0.587264421201952,0.265,0.153,1,9,MSH6
0.007685930844146149,0.35967938376083985,0.337,0.19,1,9,ROMO1
0.007762798742358967,0.35837046933558353,0.265,0.141,1,9,MRPL55
0.007790552484641777,0.3264454214674635,0.349,0.197,1,9,RPS19BP1
0.007804966087704868,0.29326453658811713,0.265,0.145,1,9,MAVS
0.007857184586464117,0.30097507230331055,0.542,0.319,1,9,VPS29
0.007947540182742685,0.2667367402213192,0.53,0.314,1,9,VDAC1
0.008070153730696639,0.7781841588867495,0.253,0.141,1,9,RP11-48B14.1
0.008082154295004251,0.33538681509574647,0.253,0.136,1,9,IFNGR2
0.008187283876659679,0.2945858098118902,0.253,0.137,1,9,TRAF7
0.008296719457927093,0.30273676498594526,0.253,0.139,1,9,FAM193A
0.008319212728139957,0.25786133890663215,0.289,0.159,1,9,COX16
0.008338176716941037,0.45244393859170107,0.289,0.162,1,9,MIEN1
0.008418119672493507,0.3033991258074432,0.289,0.162,1,9,ZNF384
0.008418250825338092,0.3022568369796179,0.771,0.452,1,9,FAM49B
0.008639440841611057,0.4841024198150726,0.289,0.168,1,9,RBM28
0.008780829583324268,0.3036259451286837,0.253,0.136,1,9,CHMP2B
0.008857794326430746,0.26570422059705534,0.325,0.181,1,9,STOML2
0.008893918955515279,0.4813239565439026,0.277,0.16,1,9,SMARCC1
0.008912480875801654,0.35562630457904426,0.301,0.169,1,9,COMMD3-BMI1
0.008957866356844146,0.4106635710137618,0.265,0.15,1,9,HGSNAT
0.009399837266852451,0.46771946613179294,0.289,0.168,1,9,GLB1
0.009413968690989316,0.27645468440413706,0.313,0.174,1,9,CCDC59
0.00944892395774577,0.2892680705901556,0.699,0.404,1,9,LMAN2
0.00945934875024923,0.3847637759576794,0.289,0.162,1,9,RP11-169K16.7
0.00946473268735093,0.4935676482811743,0.253,0.146,1,9,ZNF92
0.009568164704953253,0.2779130787860644,0.337,0.197,1,9,FAM50A
0.009879868932795466,0.3561221613365817,0.289,0.161,1,9,LAMTOR2
0.0099300320512401,0.25076066129562163,0.422,0.259,1,9,CDK11B
0.009973934632897086,0.40540334081091445,0.265,0.147,1,9,SPAG7
